Source,Location ID,City,State,Country,Latitude,Longitude,Time Zone,Elevation,Local Time Zone,Dew Point Units,DHI Units,DNI Units,GHI Units,Temperature Units,Pressure Units,Wind Direction Units,Wind Speed Units,Version
NSRDB,22575,-,-,-,18.55,73.85,5.5,0,5.5,c,w/m2,w/m2,w/m2,c,mbar,Degrees,m/s,unknown
Year,Month,Day,Hour,Minute,DHI,DNI,Dew Point,Pressure,Temperature,Wind Speed,GHI
2004,1,1,0,30,0,0,16,9400,19,0.1,0
2004,1,1,1,30,0,0,15,9390,19,0.1,0
2004,1,1,2,30,0,0,15,9390,18,0.1,0
2004,1,1,3,30,0,0,15,9390,18,0.2,0
2004,1,1,4,30,0,0,15,9390,18,0.2,0
2004,1,1,5,30,0,0,10,9410,15,0,0
2004,1,1,6,30,0,0,10,9420,15,0,0
2004,1,1,7,30,29,119,16,9430,18,0,37
2004,1,1,8,30,99,484,12,9430,21,0,237
2004,1,1,9,30,136,665,12,9430,25,0,449
2004,1,1,10,30,156,746,12,9420,28,0,616
2004,1,1,11,30,184,768,13,9420,29,0,730
2004,1,1,12,30,235,676,13,9400,29,0,741
2004,1,1,13,30,227,673,12,9390,29,0,716
2004,1,1,14,30,160,771,12,9390,28,0.1,658
2004,1,1,15,30,142,691,11,9390,27,0.1,496
2004,1,1,16,30,110,540,12,9390,25,0.2,292
2004,1,1,17,30,58,78,12,9390,23,0.2,69
2004,1,1,18,30,0,0,11,9400,21,0.2,0
2004,1,1,19,30,0,0,10,9410,20,0.30000000000000004,0
2004,1,1,20,30,0,0,9,9410,19,0.2,0
2004,1,1,21,30,0,0,8,9410,18,0.2,0
2004,1,1,22,30,0,0,8,9410,18,0.2,0
2004,1,1,23,30,0,0,7,9400,17,0.2,0
2004,1,2,0,30,0,0,7,9400,16,0.2,0
2004,1,2,1,30,0,0,7,9390,15,0.2,0
2004,1,2,2,30,0,0,7,9390,15,0.2,0
2004,1,2,3,30,0,0,7,9390,15,0.2,0
2004,1,2,4,30,0,0,8,9390,14,0.2,0
2004,1,2,5,30,0,0,8,9400,14,0.2,0
2004,1,2,6,30,0,0,9,9400,14,0.2,0
2004,1,2,7,30,31,76,11,9410,16,0.2,37
2004,1,2,8,30,102,457,12,9420,20,0.2,233
2004,1,2,9,30,149,603,13,9420,24,0.1,433
2004,1,2,10,30,156,754,13,9420,27,0.1,621
2004,1,2,11,30,196,735,14,9410,29,0,719
2004,1,2,12,30,172,815,14,9400,30,0,782
2004,1,2,13,30,170,804,13,9390,30,0,754
2004,1,2,14,30,160,765,13,9380,29,0,655
2004,1,2,15,30,141,685,13,9380,28,0,495
2004,1,2,16,30,110,535,13,9380,26,0.1,292
2004,1,2,17,30,56,75,14,9390,23,0.1,66
2004,1,2,18,30,0,0,13,9400,22,0.2,0
2004,1,2,19,30,0,0,12,9400,21,0.2,0
2004,1,2,20,30,0,0,11,9410,20,0.2,0
2004,1,2,21,30,0,0,10,9410,19,0.2,0
2004,1,2,22,30,0,0,10,9410,19,0.1,0
2004,1,2,23,30,0,0,10,9400,18,0.1,0
2004,1,3,0,30,0,0,9,9400,18,0.1,0
2004,1,3,1,30,0,0,9,9400,17,0.1,0
2004,1,3,2,30,0,0,9,9400,17,0.1,0
2004,1,3,3,30,0,0,9,9400,16,0.1,0
2004,1,3,4,30,0,0,10,9400,16,0.1,0
2004,1,3,5,30,0,0,11,9400,16,0.2,0
2004,1,3,6,30,0,0,12,9410,16,0.2,0
2004,1,3,7,30,29,31,14,9420,18,0.2,32
2004,1,3,8,30,97,472,15,9420,21,0.2,232
2004,1,3,9,30,134,653,15,9420,25,0.2,442
2004,1,3,10,30,156,747,15,9420,28,0.1,616
2004,1,3,11,30,168,795,15,9410,29,0.1,733
2004,1,3,12,30,172,812,14,9400,30,0.1,780
2004,1,3,13,30,169,802,14,9380,30,0.1,754
2004,1,3,14,30,160,764,13,9380,30,0.1,656
2004,1,3,15,30,142,686,13,9380,28,0.1,497
2004,1,3,16,30,110,538,13,9390,27,0.2,295
2004,1,3,17,30,57,82,13,9390,23,0.2,69
2004,1,3,18,30,0,0,12,9400,22,0.2,0
2004,1,3,19,30,0,0,11,9410,21,0.2,0
2004,1,3,20,30,0,0,10,9410,19,0.2,0
2004,1,3,21,30,0,0,9,9410,18,0.2,0
2004,1,3,22,30,0,0,9,9410,17,0.2,0
2004,1,3,23,30,0,0,8,9410,17,0.1,0
2004,1,4,0,30,0,0,8,9400,16,0.1,0
2004,1,4,1,30,0,0,7,9400,16,0.1,0
2004,1,4,2,30,0,0,7,9390,15,0.1,0
2004,1,4,3,30,0,0,7,9390,15,0.1,0
2004,1,4,4,30,0,0,7,9390,15,0.1,0
2004,1,4,5,30,0,0,8,9400,15,0.2,0
2004,1,4,6,30,0,0,10,9400,15,0.2,0
2004,1,4,7,30,28,35,13,9410,18,0.2,31
2004,1,4,8,30,97,471,15,9420,21,0.2,231
2004,1,4,9,30,134,650,14,9420,25,0.2,440
2004,1,4,10,30,155,743,15,9420,27,0.2,613
2004,1,4,11,30,167,790,15,9410,29,0.2,729
2004,1,4,12,30,171,805,15,9400,30,0.2,776
2004,1,4,13,30,169,795,15,9390,30,0.1,749
2004,1,4,14,30,159,756,14,9380,29,0.2,652
2004,1,4,15,30,164,613,13,9380,28,0.2,483
2004,1,4,16,30,143,408,13,9380,26,0.2,284
2004,1,4,17,30,58,91,13,9390,23,0.2,71
2004,1,4,18,30,0,0,13,9400,21,0.30000000000000004,0
2004,1,4,19,30,0,0,12,9410,20,0.30000000000000004,0
2004,1,4,20,30,0,0,12,9410,19,0.2,0
2004,1,4,21,30,0,0,11,9410,18,0.2,0
2004,1,4,22,30,0,0,11,9410,17,0.2,0
2004,1,4,23,30,0,0,10,9410,16,0.1,0
2004,1,5,0,30,0,0,10,9400,16,0.1,0
2004,1,5,1,30,0,0,9,9400,16,0.1,0
2004,1,5,2,30,0,0,9,9400,15,0.1,0
2004,1,5,3,30,0,0,8,9390,15,0.1,0
2004,1,5,4,30,0,0,8,9400,14,0.1,0
2004,1,5,5,30,0,0,8,9400,14,0.1,0
2004,1,5,6,30,0,0,8,9410,14,0.1,0
2004,1,5,7,30,26,105,10,9420,17,0.1,33
2004,1,5,8,30,97,467,11,9420,20,0.1,229
2004,1,5,9,30,134,647,12,9420,24,0.1,438
2004,1,5,10,30,155,739,13,9420,27,0.1,611
2004,1,5,11,30,167,786,14,9410,28,0.1,727
2004,1,5,12,30,171,803,14,9400,29,0.1,775
2004,1,5,13,30,169,793,14,9390,29,0.1,749
2004,1,5,14,30,159,756,14,9380,28,0.1,653
2004,1,5,15,30,141,679,13,9380,27,0.1,496
2004,1,5,16,30,111,533,13,9390,25,0.2,296
2004,1,5,17,30,64,104,13,9390,22,0.2,79
2004,1,5,18,30,0,0,12,9400,21,0.2,0
2004,1,5,19,30,0,0,11,9410,20,0.2,0
2004,1,5,20,30,0,0,11,9410,19,0.2,0
2004,1,5,21,30,0,0,10,9410,18,0.2,0
2004,1,5,22,30,0,0,10,9410,17,0.2,0
2004,1,5,23,30,0,0,9,9410,16,0.2,0
2004,1,6,0,30,0,0,9,9400,16,0.2,0
2004,1,6,1,30,0,0,8,9400,16,0.1,0
2004,1,6,2,30,0,0,8,9400,15,0.2,0
2004,1,6,3,30,0,0,8,9390,15,0.2,0
2004,1,6,4,30,0,0,9,9400,15,0.2,0
2004,1,6,5,30,0,0,9,9400,15,0.2,0
2004,1,6,6,30,0,0,10,9410,15,0.2,0
2004,1,6,7,30,26,100,13,9420,18,0.2,32
2004,1,6,8,30,96,459,14,9420,21,0.2,226
2004,1,6,9,30,133,640,14,9420,24,0.1,434
2004,1,6,10,30,155,734,15,9420,26,0.1,607
2004,1,6,11,30,167,784,15,9410,27,0.1,725
2004,1,6,12,30,171,802,15,9400,27,0.1,775
2004,1,6,13,30,169,794,15,9390,27,0.1,752
2004,1,6,14,30,160,758,14,9380,27,0.1,657
2004,1,6,15,30,142,682,14,9380,26,0.1,500
2004,1,6,16,30,111,537,14,9380,24,0.1,299
2004,1,6,17,30,59,79,15,9380,22,0,71
2004,1,6,18,30,0,0,15,9390,22,0,0
2004,1,6,19,30,0,0,16,9390,22,0.1,0
2004,1,6,20,30,0,0,15,9400,21,0.1,0
2004,1,6,21,30,0,0,15,9400,20,0.1,0
2004,1,6,22,30,0,0,14,9400,20,0.1,0
2004,1,6,23,30,0,0,14,9400,19,0.1,0
2004,1,7,0,30,0,0,14,9400,18,0.2,0
2004,1,7,1,30,0,0,15,9400,18,0.2,0
2004,1,7,2,30,0,0,15,9390,17,0.2,0
2004,1,7,3,30,0,0,15,9390,17,0.30000000000000004,0
2004,1,7,4,30,0,0,16,9400,17,0.30000000000000004,0
2004,1,7,5,30,0,0,16,9400,17,0.30000000000000004,0
2004,1,7,6,30,0,0,16,9410,17,0.30000000000000004,0
2004,1,7,7,30,25,95,16,9420,18,0.30000000000000004,31
2004,1,7,8,30,95,453,16,9430,20,0.30000000000000004,223
2004,1,7,9,30,133,635,17,9430,22,0.30000000000000004,431
2004,1,7,10,30,154,732,17,9420,24,0.30000000000000004,606
2004,1,7,11,30,167,782,16,9410,25,0.2,725
2004,1,7,12,30,171,801,16,9410,25,0.2,775
2004,1,7,13,30,169,793,16,9400,25,0.2,752
2004,1,7,14,30,242,53,16,9390,25,0.1,277
2004,1,7,15,30,93,0,15,9390,24,0.2,93
2004,1,7,16,30,58,0,15,9400,23,0.2,58
2004,1,7,17,30,76,99,15,9400,21,0.2,91
2004,1,7,18,30,0,0,15,9410,20,0.2,0
2004,1,7,19,30,0,0,15,9410,19,0.30000000000000004,0
2004,1,7,20,30,0,0,15,9420,18,0.30000000000000004,0
2004,1,7,21,30,0,0,15,9420,18,0.30000000000000004,0
2004,1,7,22,30,0,0,15,9420,18,0.30000000000000004,0
2004,1,7,23,30,0,0,15,9410,17,0.30000000000000004,0
2004,1,8,0,30,0,0,15,9410,17,0.30000000000000004,0
2004,1,8,1,30,0,0,15,9400,17,0.30000000000000004,0
2004,1,8,2,30,0,0,15,9400,16,0.30000000000000004,0
2004,1,8,3,30,0,0,14,9400,16,0.30000000000000004,0
2004,1,8,4,30,0,0,14,9410,15,0.30000000000000004,0
2004,1,8,5,30,0,0,14,9420,15,0.30000000000000004,0
2004,1,8,6,30,0,0,14,9430,15,0.30000000000000004,0
2004,1,8,7,30,26,22,14,9440,17,0.30000000000000004,28
2004,1,8,8,30,96,462,15,9450,20,0.30000000000000004,226
2004,1,8,9,30,134,645,15,9450,24,0.4,436
2004,1,8,10,30,155,740,15,9440,26,0.30000000000000004,612
2004,1,8,11,30,167,790,15,9430,28,0.30000000000000004,732
2004,1,8,12,30,172,808,14,9420,28,0.30000000000000004,783
2004,1,8,13,30,170,800,14,9410,29,0.30000000000000004,760
2004,1,8,14,30,161,764,14,9410,28,0.2,664
2004,1,8,15,30,143,688,13,9410,27,0.2,507
2004,1,8,16,30,113,545,13,9410,26,0.2,306
2004,1,8,17,30,63,166,14,9420,23,0.2,88
2004,1,8,18,30,0,0,14,9420,22,0.30000000000000004,0
2004,1,8,19,30,0,0,13,9430,21,0.30000000000000004,0
2004,1,8,20,30,0,0,13,9430,20,0.30000000000000004,0
2004,1,8,21,30,0,0,13,9430,19,0.30000000000000004,0
2004,1,8,22,30,0,0,13,9430,18,0.30000000000000004,0
2004,1,8,23,30,0,0,13,9430,18,0.4,0
2004,1,9,0,30,0,0,13,9430,17,0.4,0
2004,1,9,1,30,0,0,13,9430,16,0.4,0
2004,1,9,2,30,0,0,12,9430,16,0.4,0
2004,1,9,3,30,0,0,12,9420,15,0.4,0
2004,1,9,4,30,0,0,12,9430,15,0.30000000000000004,0
2004,1,9,5,30,0,0,12,9440,15,0.30000000000000004,0
2004,1,9,6,30,0,0,12,9440,14,0.30000000000000004,0
2004,1,9,7,30,27,52,12,9450,16,0.30000000000000004,31
2004,1,9,8,30,98,482,12,9450,20,0.30000000000000004,233
2004,1,9,9,30,136,669,11,9450,24,0.30000000000000004,450
2004,1,9,10,30,158,766,10,9440,26,0.30000000000000004,631
2004,1,9,11,30,170,816,10,9430,27,0.30000000000000004,754
2004,1,9,12,30,175,834,10,9420,28,0.30000000000000004,806
2004,1,9,13,30,173,825,9,9410,28,0.2,782
2004,1,9,14,30,163,788,9,9410,28,0.2,685
2004,1,9,15,30,145,711,9,9410,27,0.2,523
2004,1,9,16,30,115,566,10,9410,25,0.2,317
2004,1,9,17,30,69,107,11,9420,22,0.2,85
2004,1,9,18,30,0,0,11,9420,21,0.2,0
2004,1,9,19,30,0,0,11,9430,20,0.2,0
2004,1,9,20,30,0,0,10,9430,19,0.2,0
2004,1,9,21,30,0,0,10,9440,19,0.2,0
2004,1,9,22,30,0,0,10,9430,18,0.30000000000000004,0
2004,1,9,23,30,0,0,10,9430,17,0.30000000000000004,0
2004,1,10,0,30,0,0,10,9430,17,0.30000000000000004,0
2004,1,10,1,30,0,0,10,9420,16,0.30000000000000004,0
2004,1,10,2,30,0,0,10,9420,15,0.30000000000000004,0
2004,1,10,3,30,0,0,10,9410,15,0.30000000000000004,0
2004,1,10,4,30,0,0,10,9420,14,0.30000000000000004,0
2004,1,10,5,30,0,0,9,9420,14,0.30000000000000004,0
2004,1,10,6,30,0,0,9,9430,14,0.30000000000000004,0
2004,1,10,7,30,25,18,10,9440,16,0.30000000000000004,27
2004,1,10,8,30,98,479,11,9450,19,0.2,232
2004,1,10,9,30,136,666,11,9450,24,0.2,448
2004,1,10,10,30,158,762,10,9440,26,0.2,629
2004,1,10,11,30,170,812,10,9430,27,0.2,752
2004,1,10,12,30,174,830,10,9420,28,0.2,804
2004,1,10,13,30,172,821,10,9410,29,0.2,780
2004,1,10,14,30,163,785,10,9410,28,0.1,684
2004,1,10,15,30,145,710,9,9400,27,0.2,525
2004,1,10,16,30,115,568,10,9400,25,0.1,319
2004,1,10,17,30,70,114,12,9410,22,0.1,88
2004,1,10,18,30,0,0,11,9410,21,0.2,0
2004,1,10,19,30,0,0,11,9420,20,0.2,0
2004,1,10,20,30,0,0,10,9430,19,0.2,0
2004,1,10,21,30,0,0,10,9430,19,0.2,0
2004,1,10,22,30,0,0,10,9430,18,0.30000000000000004,0
2004,1,10,23,30,0,0,10,9420,17,0.30000000000000004,0
2004,1,11,0,30,0,0,10,9420,16,0.30000000000000004,0
2004,1,11,1,30,0,0,10,9420,16,0.30000000000000004,0
2004,1,11,2,30,0,0,9,9410,15,0.30000000000000004,0
2004,1,11,3,30,0,0,9,9410,15,0.30000000000000004,0
2004,1,11,4,30,0,0,9,9410,14,0.30000000000000004,0
2004,1,11,5,30,0,0,9,9410,14,0.30000000000000004,0
2004,1,11,6,30,0,0,9,9420,14,0.30000000000000004,0
2004,1,11,7,30,27,36,10,9430,16,0.30000000000000004,30
2004,1,11,8,30,98,485,11,9430,19,0.2,234
2004,1,11,9,30,136,671,11,9440,24,0.2,451
2004,1,11,10,30,158,767,10,9430,26,0.30000000000000004,633
2004,1,11,11,30,170,815,11,9420,28,0.2,756
2004,1,11,12,30,175,832,11,9410,29,0.2,807
2004,1,11,13,30,173,823,10,9400,29,0.2,784
2004,1,11,14,30,163,786,10,9400,29,0.1,687
2004,1,11,15,30,146,710,10,9390,28,0.1,527
2004,1,11,16,30,115,568,10,9400,26,0.1,321
2004,1,11,17,30,66,195,12,9400,23,0.1,97
2004,1,11,18,30,0,0,11,9410,22,0.1,0
2004,1,11,19,30,0,0,11,9410,21,0.2,0
2004,1,11,20,30,0,0,10,9410,20,0.2,0
2004,1,11,21,30,0,0,9,9410,19,0.2,0
2004,1,11,22,30,0,0,9,9410,18,0.30000000000000004,0
2004,1,11,23,30,0,0,9,9410,17,0.30000000000000004,0
2004,1,12,0,30,0,0,9,9410,17,0.30000000000000004,0
2004,1,12,1,30,0,0,9,9410,16,0.30000000000000004,0
2004,1,12,2,30,0,0,9,9400,15,0.30000000000000004,0
2004,1,12,3,30,0,0,9,9400,15,0.30000000000000004,0
2004,1,12,4,30,0,0,9,9410,15,0.30000000000000004,0
2004,1,12,5,30,0,0,9,9410,14,0.30000000000000004,0
2004,1,12,6,30,0,0,9,9420,14,0.30000000000000004,0
2004,1,12,7,30,25,14,10,9430,16,0.30000000000000004,26
2004,1,12,8,30,97,478,11,9440,20,0.2,231
2004,1,12,9,30,135,664,11,9440,24,0.2,448
2004,1,12,10,30,157,761,11,9440,27,0.2,629
2004,1,12,11,30,170,810,11,9420,29,0.1,752
2004,1,12,12,30,174,828,11,9410,30,0.1,805
2004,1,12,13,30,172,820,11,9400,30,0.1,783
2004,1,12,14,30,163,785,10,9390,29,0.1,688
2004,1,12,15,30,146,711,10,9390,28,0.1,529
2004,1,12,16,30,116,571,9,9390,26,0.1,324
2004,1,12,17,30,67,170,12,9390,23,0.1,94
2004,1,12,18,30,0,0,11,9400,22,0.1,0
2004,1,12,19,30,0,0,10,9400,21,0.1,0
2004,1,12,20,30,0,0,10,9410,20,0.1,0
2004,1,12,21,30,0,0,10,9410,20,0.1,0
2004,1,12,22,30,0,0,9,9410,19,0.1,0
2004,1,12,23,30,0,0,9,9410,18,0.1,0
2004,1,13,0,30,0,0,9,9400,17,0.1,0
2004,1,13,1,30,0,0,9,9400,17,0.2,0
2004,1,13,2,30,0,0,9,9390,16,0.2,0
2004,1,13,3,30,0,0,9,9400,16,0.2,0
2004,1,13,4,30,0,0,9,9400,15,0.2,0
2004,1,13,5,30,0,0,9,9400,15,0.2,0
2004,1,13,6,30,0,0,9,9410,15,0.2,0
2004,1,13,7,30,26,44,10,9420,18,0.2,29
2004,1,13,8,30,97,476,11,9420,21,0.2,231
2004,1,13,9,30,136,667,12,9420,25,0.2,449
2004,1,13,10,30,158,762,11,9410,29,0.2,631
2004,1,13,11,30,170,810,11,9400,30,0.1,754
2004,1,13,12,30,174,827,11,9390,31,0.1,806
2004,1,13,13,30,172,818,11,9380,31,0,783
2004,1,13,14,30,163,781,11,9370,31,0,687
2004,1,13,15,30,146,707,11,9370,29,0,529
2004,1,13,16,30,116,568,12,9370,26,0,325
2004,1,13,17,30,74,110,12,9380,24,0,92
2004,1,13,18,30,0,0,10,9390,23,0.1,0
2004,1,13,19,30,0,0,11,9400,22,0.1,0
2004,1,13,20,30,0,0,11,9400,21,0.1,0
2004,1,13,21,30,0,0,10,9400,20,0.1,0
2004,1,13,22,30,0,0,10,9400,19,0.1,0
2004,1,13,23,30,0,0,9,9390,19,0.1,0
2004,1,14,0,30,0,0,9,9380,18,0.1,0
2004,1,14,1,30,0,0,8,9380,17,0.1,0
2004,1,14,2,30,0,0,7,9380,17,0.1,0
2004,1,14,3,30,0,0,6,9380,16,0.1,0
2004,1,14,4,30,0,0,6,9380,16,0.1,0
2004,1,14,5,30,0,0,6,9380,15,0.2,0
2004,1,14,6,30,0,0,6,9390,15,0.2,0
2004,1,14,7,30,24,11,8,9400,18,0.1,25
2004,1,14,8,30,97,476,6,9400,21,0.1,231
2004,1,14,9,30,136,675,8,9400,25,0.1,454
2004,1,14,10,30,159,773,7,9400,29,0.1,639
2004,1,14,11,30,171,822,8,9390,30,0.1,765
2004,1,14,12,30,176,840,7,9380,31,0.1,819
2004,1,14,13,30,174,833,7,9370,31,0.1,798
2004,1,14,14,30,165,798,6,9360,31,0.1,702
2004,1,14,15,30,148,725,6,9360,29,0.1,542
2004,1,14,16,30,118,586,8,9370,27,0.1,335
2004,1,14,17,30,69,189,9,9370,24,0.2,100
2004,1,14,18,30,0,0,8,9380,22,0.2,0
2004,1,14,19,30,0,0,8,9390,21,0.2,0
2004,1,14,20,30,0,0,7,9390,20,0.2,0
2004,1,14,21,30,0,0,7,9390,19,0.2,0
2004,1,14,22,30,0,0,7,9390,19,0.2,0
2004,1,14,23,30,0,0,6,9390,18,0.2,0
2004,1,15,0,30,0,0,6,9380,17,0.2,0
2004,1,15,1,30,0,0,6,9380,17,0.2,0
2004,1,15,2,30,0,0,5,9380,16,0.2,0
2004,1,15,3,30,0,0,5,9380,16,0.2,0
2004,1,15,4,30,0,0,5,9380,15,0.30000000000000004,0
2004,1,15,5,30,0,0,5,9380,15,0.30000000000000004,0
2004,1,15,6,30,0,0,5,9390,15,0.30000000000000004,0
2004,1,15,7,30,24,10,6,9400,18,0.30000000000000004,25
2004,1,15,8,30,98,488,7,9410,21,0.2,235
2004,1,15,9,30,137,676,10,9410,25,0.2,455
2004,1,15,10,30,159,773,8,9410,29,0.2,640
2004,1,15,11,30,171,822,8,9400,31,0.2,766
2004,1,15,12,30,176,839,8,9390,31,0.1,820
2004,1,15,13,30,174,830,9,9380,32,0.1,797
2004,1,15,14,30,165,794,9,9380,31,0.1,701
2004,1,15,15,30,147,719,9,9380,30,0,540
2004,1,15,16,30,118,580,10,9380,27,0,334
2004,1,15,17,30,71,199,12,9390,24,0,104
2004,1,15,18,30,0,0,10,9390,23,0.1,0
2004,1,15,19,30,0,0,9,9400,22,0.1,0
2004,1,15,20,30,0,0,9,9400,22,0.1,0
2004,1,15,21,30,0,0,9,9400,21,0.1,0
2004,1,15,22,30,0,0,9,9400,20,0.2,0
2004,1,15,23,30,0,0,8,9400,19,0.2,0
2004,1,16,0,30,0,0,8,9400,19,0.2,0
2004,1,16,1,30,0,0,8,9400,18,0.2,0
2004,1,16,2,30,0,0,8,9400,17,0.2,0
2004,1,16,3,30,0,0,9,9400,17,0.2,0
2004,1,16,4,30,0,0,9,9400,16,0.2,0
2004,1,16,5,30,0,0,9,9400,16,0.30000000000000004,0
2004,1,16,6,30,0,0,10,9400,16,0.30000000000000004,0
2004,1,16,7,30,24,9,11,9410,18,0.30000000000000004,25
2004,1,16,8,30,97,474,12,9420,22,0.2,230
2004,1,16,9,30,135,661,14,9420,26,0.2,447
2004,1,16,10,30,157,758,13,9420,29,0.2,630
2004,1,16,11,30,170,808,12,9410,31,0.2,755
2004,1,16,12,30,175,826,12,9400,32,0.1,810
2004,1,16,13,30,173,818,12,9390,32,0.1,789
2004,1,16,14,30,164,783,12,9380,32,0,695
2004,1,16,15,30,147,710,12,9380,31,0,536
2004,1,16,16,30,117,572,13,9380,27,0,332
2004,1,16,17,30,72,209,14,9390,25,0,107
2004,1,16,18,30,0,0,13,9390,24,0,0
2004,1,16,19,30,0,0,13,9400,23,0,0
2004,1,16,20,30,0,0,12,9400,22,0,0
2004,1,16,21,30,0,0,13,9390,21,0,0
2004,1,16,22,30,0,0,12,9390,21,0,0
2004,1,16,23,30,0,0,12,9390,20,0,0
2004,1,17,0,30,0,0,12,9390,20,0,0
2004,1,17,1,30,0,0,12,9380,19,0.1,0
2004,1,17,2,30,0,0,10,9380,18,0.1,0
2004,1,17,3,30,0,0,10,9380,18,0.1,0
2004,1,17,4,30,0,0,10,9380,18,0.1,0
2004,1,17,5,30,0,0,11,9380,17,0.1,0
2004,1,17,6,30,0,0,11,9390,17,0.2,0
2004,1,17,7,30,24,8,12,9390,20,0.2,25
2004,1,17,8,30,96,460,13,9400,23,0.1,225
2004,1,17,9,30,134,646,14,9400,27,0.1,439
2004,1,17,10,30,156,742,13,9390,30,0.1,620
2004,1,17,11,30,168,792,13,9390,31,0.1,744
2004,1,17,12,30,173,811,13,9370,32,0.1,799
2004,1,17,13,30,171,805,13,9360,32,0.1,780
2004,1,17,14,30,163,771,12,9360,31,0.2,688
2004,1,17,15,30,146,699,12,9360,30,0.2,532
2004,1,17,16,30,117,564,12,9360,28,0.2,330
2004,1,17,17,30,72,184,13,9370,25,0.30000000000000004,104
2004,1,17,18,30,0,0,13,9380,23,0.30000000000000004,0
2004,1,17,19,30,0,0,13,9390,21,0.30000000000000004,0
2004,1,17,20,30,0,0,12,9390,20,0.30000000000000004,0
2004,1,17,21,30,0,0,12,9390,19,0.2,0
2004,1,17,22,30,0,0,11,9390,18,0.2,0
2004,1,17,23,30,0,0,11,9390,18,0.2,0
2004,1,18,0,30,0,0,11,9390,17,0.2,0
2004,1,18,1,30,0,0,10,9380,17,0.2,0
2004,1,18,2,30,0,0,10,9380,17,0.2,0
2004,1,18,3,30,0,0,10,9380,17,0.2,0
2004,1,18,4,30,0,0,10,9380,16,0.1,0
2004,1,18,5,30,0,0,9,9380,16,0.1,0
2004,1,18,6,30,0,0,10,9390,16,0.1,0
2004,1,18,7,30,24,8,11,9390,19,0.1,25
2004,1,18,8,30,96,467,11,9400,22,0.1,228
2004,1,18,9,30,135,653,11,9400,26,0.1,444
2004,1,18,10,30,157,750,10,9400,30,0,626
2004,1,18,11,30,169,799,11,9390,31,0,751
2004,1,18,12,30,174,818,11,9380,32,0,807
2004,1,18,13,30,172,811,11,9370,32,0,787
2004,1,18,14,30,164,777,11,9370,31,0,695
2004,1,18,15,30,147,706,11,9370,30,0.1,538
2004,1,18,16,30,118,572,10,9370,28,0.1,335
2004,1,18,17,30,75,121,13,9370,25,0.2,96
2004,1,18,18,30,0,0,12,9380,23,0.2,0
2004,1,18,19,30,0,0,11,9380,22,0.30000000000000004,0
2004,1,18,20,30,0,0,11,9390,21,0.30000000000000004,0
2004,1,18,21,30,0,0,11,9390,20,0.30000000000000004,0
2004,1,18,22,30,0,0,11,9380,19,0.30000000000000004,0
2004,1,18,23,30,0,0,10,9380,18,0.30000000000000004,0
2004,1,19,0,30,0,0,10,9380,17,0.30000000000000004,0
2004,1,19,1,30,0,0,9,9380,17,0.30000000000000004,0
2004,1,19,2,30,0,0,9,9380,16,0.30000000000000004,0
2004,1,19,3,30,0,0,9,9380,16,0.30000000000000004,0
2004,1,19,4,30,0,0,8,9380,15,0.30000000000000004,0
2004,1,19,5,30,0,0,8,9380,15,0.30000000000000004,0
2004,1,19,6,30,0,0,8,9380,15,0.30000000000000004,0
2004,1,19,7,30,27,30,8,9390,17,0.2,29
2004,1,19,8,30,97,468,9,9400,21,0.2,228
2004,1,19,9,30,135,655,10,9390,26,0.2,445
2004,1,19,10,30,157,751,10,9390,29,0.2,629
2004,1,19,11,30,169,801,11,9380,31,0.1,754
2004,1,19,12,30,174,820,12,9370,32,0.1,810
2004,1,19,13,30,172,812,12,9360,32,0.1,790
2004,1,19,14,30,164,778,12,9350,31,0,698
2004,1,19,15,30,147,706,12,9350,30,0,541
2004,1,19,16,30,118,573,12,9350,28,0,338
2004,1,19,17,30,77,222,15,9360,25,0,116
2004,1,19,18,30,0,0,12,9360,24,0.1,0
2004,1,19,19,30,0,0,13,9370,23,0.2,0
2004,1,19,20,30,0,0,13,9370,23,0.2,0
2004,1,19,21,30,0,0,12,9370,21,0.2,0
2004,1,19,22,30,0,0,12,9370,20,0.2,0
2004,1,19,23,30,0,0,12,9370,20,0.2,0
2004,1,20,0,30,0,0,12,9370,19,0.1,0
2004,1,20,1,30,0,0,12,9370,19,0.1,0
2004,1,20,2,30,0,0,11,9370,19,0.1,0
2004,1,20,3,30,0,0,11,9360,18,0.1,0
2004,1,20,4,30,0,0,12,9360,18,0.2,0
2004,1,20,5,30,0,0,12,9370,18,0.2,0
2004,1,20,6,30,0,0,13,9380,17,0.2,0
2004,1,20,7,30,24,9,14,9380,20,0.2,25
2004,1,20,8,30,96,458,14,9390,23,0.2,225
2004,1,20,9,30,134,644,14,9390,27,0.2,440
2004,1,20,10,30,156,742,14,9380,29,0.2,623
2004,1,20,11,30,169,792,14,9370,30,0.2,749
2004,1,20,12,30,174,812,13,9360,31,0.2,806
2004,1,20,13,30,172,807,12,9350,31,0.2,788
2004,1,20,14,30,164,774,11,9350,30,0.2,697
2004,1,20,15,30,147,705,11,9340,29,0.2,542
2004,1,20,16,30,118,573,11,9350,27,0.30000000000000004,340
2004,1,20,17,30,78,198,11,9350,24,0.30000000000000004,114
2004,1,20,18,30,0,0,12,9360,22,0.30000000000000004,0
2004,1,20,19,30,0,0,11,9370,20,0.30000000000000004,0
2004,1,20,20,30,0,0,12,9380,19,0.30000000000000004,0
2004,1,20,21,30,0,0,12,9380,18,0.30000000000000004,0
2004,1,20,22,30,0,0,12,9380,17,0.30000000000000004,0
2004,1,20,23,30,0,0,12,9380,17,0.2,0
2004,1,21,0,30,0,0,12,9370,16,0.2,0
2004,1,21,1,30,0,0,12,9370,16,0.2,0
2004,1,21,2,30,0,0,13,9370,15,0.2,0
2004,1,21,3,30,0,0,13,9370,15,0.2,0
2004,1,21,4,30,0,0,14,9370,15,0.2,0
2004,1,21,5,30,0,0,14,9370,15,0.2,0
2004,1,21,6,30,0,0,14,9380,15,0.1,0
2004,1,21,7,30,27,31,15,9380,17,0.1,29
2004,1,21,8,30,96,459,16,9390,20,0.1,226
2004,1,21,9,30,134,645,15,9390,24,0.1,441
2004,1,21,10,30,156,742,15,9380,26,0.2,624
2004,1,21,11,30,169,792,14,9360,28,0.2,750
2004,1,21,12,30,233,706,14,9350,28,0.2,784
2004,1,21,13,30,207,753,14,9340,29,0.2,784
2004,1,21,14,30,163,771,13,9330,28,0.30000000000000004,697
2004,1,21,15,30,147,701,13,9330,27,0.30000000000000004,542
2004,1,21,16,30,118,570,13,9330,25,0.30000000000000004,340
2004,1,21,17,30,79,207,14,9340,22,0.30000000000000004,117
2004,1,21,18,30,0,0,14,9350,20,0.30000000000000004,0
2004,1,21,19,30,0,0,14,9360,19,0.30000000000000004,0
2004,1,21,20,30,0,0,15,9360,18,0.30000000000000004,0
2004,1,21,21,30,0,0,15,9360,18,0.2,0
2004,1,21,22,30,0,0,15,9360,17,0.2,0
2004,1,21,23,30,0,0,15,9360,16,0.2,0
2004,1,22,0,30,0,0,15,9360,16,0.2,0
2004,1,22,1,30,0,0,15,9350,16,0.2,0
2004,1,22,2,30,0,0,15,9350,16,0.2,0
2004,1,22,3,30,0,0,15,9350,16,0.2,0
2004,1,22,4,30,0,0,15,9350,16,0.2,0
2004,1,22,5,30,0,0,15,9360,16,0.2,0
2004,1,22,6,30,0,0,15,9370,16,0.2,0
2004,1,22,7,30,27,32,15,9380,17,0.1,29
2004,1,22,8,30,96,453,16,9390,19,0.1,224
2004,1,22,9,30,133,637,16,9390,22,0.1,438
2004,1,22,10,30,155,733,16,9380,25,0.1,619
2004,1,22,11,30,168,782,16,9370,26,0.1,743
2004,1,22,12,30,274,598,15,9360,27,0.2,742
2004,1,22,13,30,293,525,15,9350,26,0.2,697
2004,1,22,14,30,257,553,15,9350,25,0.2,641
2004,1,22,15,30,146,691,15,9350,24,0.30000000000000004,537
2004,1,22,16,30,118,561,15,9350,23,0.30000000000000004,338
2004,1,22,17,30,67,307,15,9360,21,0.30000000000000004,124
2004,1,22,18,30,0,0,14,9370,20,0.30000000000000004,0
2004,1,22,19,30,0,0,14,9370,19,0.30000000000000004,0
2004,1,22,20,30,0,0,14,9380,18,0.2,0
2004,1,22,21,30,0,0,13,9380,17,0.2,0
2004,1,22,22,30,0,0,13,9370,16,0.2,0
2004,1,22,23,30,0,0,13,9370,16,0.2,0
2004,1,23,0,30,0,0,13,9370,16,0.2,0
2004,1,23,1,30,0,0,13,9370,16,0.2,0
2004,1,23,2,30,0,0,13,9370,15,0.2,0
2004,1,23,3,30,0,0,12,9360,15,0.2,0
2004,1,23,4,30,0,0,12,9360,14,0.2,0
2004,1,23,5,30,0,0,12,9360,14,0.2,0
2004,1,23,6,30,0,0,12,9370,14,0.2,0
2004,1,23,7,30,24,12,12,9380,16,0.2,25
2004,1,23,8,30,97,470,12,9390,19,0.2,231
2004,1,23,9,30,136,659,12,9390,22,0.2,451
2004,1,23,10,30,158,758,12,9380,25,0.2,638
2004,1,23,11,30,171,810,11,9370,26,0.2,769
2004,1,23,12,30,222,762,11,9360,27,0.2,820
2004,1,23,13,30,294,547,10,9350,28,0.2,716
2004,1,23,14,30,211,714,10,9350,27,0.2,709
2004,1,23,15,30,150,728,9,9350,26,0.2,564
2004,1,23,16,30,122,599,9,9360,24,0.30000000000000004,358
2004,1,23,17,30,81,224,10,9360,21,0.30000000000000004,123
2004,1,23,18,30,0,0,10,9370,19,0.30000000000000004,0
2004,1,23,19,30,0,0,10,9380,18,0.30000000000000004,0
2004,1,23,20,30,0,0,9,9390,17,0.30000000000000004,0
2004,1,23,21,30,0,0,9,9390,16,0.30000000000000004,0
2004,1,23,22,30,0,0,8,9380,15,0.30000000000000004,0
2004,1,23,23,30,0,0,8,9380,14,0.2,0
2004,1,24,0,30,0,0,7,9380,14,0.2,0
2004,1,24,1,30,0,0,6,9380,13,0.2,0
2004,1,24,2,30,0,0,6,9370,13,0.2,0
2004,1,24,3,30,0,0,6,9370,12,0.30000000000000004,0
2004,1,24,4,30,0,0,5,9370,12,0.30000000000000004,0
2004,1,24,5,30,0,0,5,9380,11,0.30000000000000004,0
2004,1,24,6,30,0,0,5,9380,11,0.30000000000000004,0
2004,1,24,7,30,27,34,6,9390,14,0.2,30
2004,1,24,8,30,99,493,7,9400,18,0.2,240
2004,1,24,9,30,138,680,7,9400,23,0.2,464
2004,1,24,10,30,160,775,8,9400,26,0.1,652
2004,1,24,11,30,172,823,9,9390,28,0.1,781
2004,1,24,12,30,184,829,10,9380,29,0.1,837
2004,1,24,13,30,214,742,10,9360,29,0,788
2004,1,24,14,30,167,801,9,9360,29,0,728
2004,1,24,15,30,150,732,9,9350,28,0,569
2004,1,24,16,30,122,602,9,9350,26,0,361
2004,1,24,17,30,83,233,11,9360,22,0.1,127
2004,1,24,18,30,0,0,11,9360,21,0.1,0
2004,1,24,19,30,0,0,10,9370,20,0.2,0
2004,1,24,20,30,0,0,10,9380,19,0.2,0
2004,1,24,21,30,0,0,9,9380,18,0.2,0
2004,1,24,22,30,0,0,8,9380,17,0.2,0
2004,1,24,23,30,0,0,8,9380,17,0.2,0
2004,1,25,0,30,0,0,8,9380,16,0.2,0
2004,1,25,1,30,0,0,7,9370,15,0.30000000000000004,0
2004,1,25,2,30,0,0,8,9370,14,0.30000000000000004,0
2004,1,25,3,30,0,0,8,9360,14,0.30000000000000004,0
2004,1,25,4,30,0,0,8,9360,14,0.30000000000000004,0
2004,1,25,5,30,0,0,9,9370,13,0.30000000000000004,0
2004,1,25,6,30,0,0,10,9370,13,0.2,0
2004,1,25,7,30,25,15,11,9380,16,0.2,26
2004,1,25,8,30,97,473,13,9390,20,0.1,233
2004,1,25,9,30,135,656,14,9390,25,0.1,451
2004,1,25,10,30,157,750,14,9380,28,0,636
2004,1,25,11,30,170,800,14,9370,29,0.1,764
2004,1,25,12,30,175,820,13,9360,30,0.1,823
2004,1,25,13,30,213,747,12,9350,30,0.1,793
2004,1,25,14,30,165,785,11,9340,30,0.2,718
2004,1,25,15,30,149,719,10,9340,28,0.2,562
2004,1,25,16,30,121,592,10,9340,26,0.30000000000000004,358
2004,1,25,17,30,83,243,10,9350,23,0.30000000000000004,130
2004,1,25,18,30,0,0,10,9370,21,0.30000000000000004,0
2004,1,25,19,30,0,0,10,9380,19,0.30000000000000004,0
2004,1,25,20,30,0,0,9,9390,18,0.30000000000000004,0
2004,1,25,21,30,0,0,9,9390,17,0.30000000000000004,0
2004,1,25,22,30,0,0,8,9390,16,0.30000000000000004,0
2004,1,25,23,30,0,0,8,9390,15,0.30000000000000004,0
2004,1,26,0,30,0,0,7,9380,15,0.30000000000000004,0
2004,1,26,1,30,0,0,6,9370,14,0.30000000000000004,0
2004,1,26,2,30,0,0,5,9370,14,0.2,0
2004,1,26,3,30,0,0,4,9370,13,0.2,0
2004,1,26,4,30,0,0,4,9370,13,0.2,0
2004,1,26,5,30,0,0,4,9370,12,0.2,0
2004,1,26,6,30,0,0,4,9380,12,0.2,0
2004,1,26,7,30,25,18,4,9390,15,0.2,27
2004,1,26,8,30,98,491,5,9400,19,0.1,239
2004,1,26,9,30,138,681,4,9400,24,0.1,467
2004,1,26,10,30,160,779,5,9390,26,0.1,658
2004,1,26,11,30,173,829,5,9380,28,0.1,790
2004,1,26,12,30,188,822,5,9370,29,0.1,839
2004,1,26,13,30,221,730,5,9360,29,0.1,790
2004,1,26,14,30,171,801,5,9350,29,0.2,737
2004,1,26,15,30,152,745,4,9360,27,0.2,582
2004,1,26,16,30,124,618,5,9360,25,0.2,373
2004,1,26,17,30,84,252,7,9360,22,0.2,133
2004,1,26,18,30,0,0,7,9370,20,0.2,0
2004,1,26,19,30,0,0,7,9380,19,0.2,0
2004,1,26,20,30,0,0,6,9390,18,0.2,0
2004,1,26,21,30,0,0,6,9390,17,0.2,0
2004,1,26,22,30,0,0,5,9380,16,0.2,0
2004,1,26,23,30,0,0,5,9380,15,0.2,0
2004,1,27,0,30,0,0,5,9370,15,0.2,0
2004,1,27,1,30,0,0,5,9370,14,0.2,0
2004,1,27,2,30,0,0,5,9360,14,0.2,0
2004,1,27,3,30,0,0,5,9360,13,0.2,0
2004,1,27,4,30,0,0,6,9360,13,0.30000000000000004,0
2004,1,27,5,30,0,0,8,9370,13,0.30000000000000004,0
2004,1,27,6,30,0,0,11,9380,13,0.30000000000000004,0
2004,1,27,7,30,25,20,14,9390,16,0.30000000000000004,27
2004,1,27,8,30,107,447,15,9390,20,0.30000000000000004,236
2004,1,27,9,30,136,662,15,9400,24,0.30000000000000004,457
2004,1,27,10,30,158,757,15,9390,27,0.2,643
2004,1,27,11,30,171,805,15,9380,29,0.2,772
2004,1,27,12,30,176,823,14,9370,30,0.2,830
2004,1,27,13,30,231,712,14,9360,30,0.1,788
2004,1,27,14,30,214,715,14,9350,30,0.1,721
2004,1,27,15,30,221,495,13,9350,29,0.1,509
2004,1,27,16,30,170,415,13,9350,27,0.1,339
2004,1,27,17,30,74,26,14,9350,25,0.1,80
2004,1,27,18,30,0,0,15,9360,23,0.2,0
2004,1,27,19,30,0,0,14,9360,23,0.2,0
2004,1,27,20,30,0,0,14,9370,22,0.2,0
2004,1,27,21,30,0,0,14,9360,21,0.30000000000000004,0
2004,1,27,22,30,0,0,14,9360,20,0.30000000000000004,0
2004,1,27,23,30,0,0,14,9360,19,0.30000000000000004,0
2004,1,28,0,30,0,0,14,9360,18,0.30000000000000004,0
2004,1,28,1,30,0,0,14,9360,18,0.30000000000000004,0
2004,1,28,2,30,0,0,14,9360,17,0.30000000000000004,0
2004,1,28,3,30,0,0,14,9360,17,0.30000000000000004,0
2004,1,28,4,30,0,0,14,9370,16,0.30000000000000004,0
2004,1,28,5,30,0,0,14,9370,16,0.30000000000000004,0
2004,1,28,6,30,0,0,14,9380,16,0.30000000000000004,0
2004,1,28,7,30,26,23,15,9380,18,0.30000000000000004,28
2004,1,28,8,30,97,465,16,9390,22,0.30000000000000004,232
2004,1,28,9,30,196,501,17,9380,26,0.30000000000000004,440
2004,1,28,10,30,306,96,17,9380,28,0.30000000000000004,368
2004,1,28,11,30,334,465,17,9370,29,0.2,683
2004,1,28,12,30,175,816,16,9350,30,0.2,826
2004,1,28,13,30,346,519,15,9340,30,0.2,754
2004,1,28,14,30,277,100,14,9330,30,0.2,349
2004,1,28,15,30,245,474,14,9330,29,0.2,522
2004,1,28,16,30,122,587,13,9340,28,0.2,362
2004,1,28,17,30,86,270,14,9340,25,0.2,140
2004,1,28,18,30,0,0,14,9350,23,0.30000000000000004,0
2004,1,28,19,30,0,0,15,9360,22,0.30000000000000004,0
2004,1,28,20,30,0,0,15,9370,20,0.30000000000000004,0
2004,1,28,21,30,0,0,15,9370,19,0.30000000000000004,0
2004,1,28,22,30,0,0,16,9370,18,0.2,0
2004,1,28,23,30,0,0,16,9370,18,0.2,0
2004,1,29,0,30,0,0,16,9370,17,0.2,0
2004,1,29,1,30,0,0,16,9370,16,0.1,0
2004,1,29,2,30,0,0,16,9360,17,0.1,0
2004,1,29,3,30,0,0,16,9360,17,0,0
2004,1,29,4,30,0,0,15,9360,17,0,0
2004,1,29,5,30,0,0,15,9370,16,0,0
2004,1,29,6,30,0,0,14,9370,16,0,0
2004,1,29,7,30,27,26,14,9380,17,0,29
2004,1,29,8,30,98,472,15,9390,20,0,235
2004,1,29,9,30,136,655,14,9390,25,0.1,456
2004,1,29,10,30,158,750,14,9390,28,0.1,642
2004,1,29,11,30,170,800,14,9380,29,0.2,772
2004,1,29,12,30,176,820,13,9370,30,0.30000000000000004,831
2004,1,29,13,30,208,764,13,9360,30,0.30000000000000004,810
2004,1,29,14,30,166,784,13,9350,29,0.30000000000000004,727
2004,1,29,15,30,150,719,13,9350,28,0.30000000000000004,572
2004,1,29,16,30,123,596,12,9350,26,0.30000000000000004,368
2004,1,29,17,30,88,213,13,9360,23,0.30000000000000004,131
2004,1,29,18,30,0,0,13,9370,21,0.30000000000000004,0
2004,1,29,19,30,0,0,13,9380,20,0.30000000000000004,0
2004,1,29,20,30,0,0,14,9380,19,0.2,0
2004,1,29,21,30,0,0,14,9380,18,0.2,0
2004,1,29,22,30,0,0,14,9380,17,0.2,0
2004,1,29,23,30,0,0,15,9380,17,0.2,0
2004,1,30,0,30,0,0,15,9370,16,0.2,0
2004,1,30,1,30,0,0,15,9370,16,0.2,0
2004,1,30,2,30,0,0,15,9360,15,0.2,0
2004,1,30,3,30,0,0,16,9360,16,0.1,0
2004,1,30,4,30,0,0,16,9360,16,0.1,0
2004,1,30,5,30,0,0,15,9370,17,0.1,0
2004,1,30,6,30,0,0,16,9380,17,0.1,0
2004,1,30,7,30,28,21,16,9390,18,0.1,30
2004,1,30,8,30,129,184,16,9390,20,0.1,183
2004,1,30,9,30,136,659,16,9400,24,0.1,459
2004,1,30,10,30,313,225,13,9390,27,0.1,459
2004,1,30,11,30,264,652,12,9380,29,0.2,756
2004,1,30,12,30,176,821,11,9370,30,0.2,835
2004,1,30,13,30,370,379,11,9360,30,0.30000000000000004,670
2004,1,30,14,30,255,635,11,9350,29,0.30000000000000004,711
2004,1,30,15,30,297,241,11,9350,28,0.4,439
2004,1,30,16,30,123,592,12,9350,25,0.4,368
2004,1,30,17,30,88,222,13,9360,23,0.30000000000000004,134
2004,1,30,18,30,0,0,14,9370,21,0.30000000000000004,0
2004,1,30,19,30,0,0,15,9370,20,0.30000000000000004,0
2004,1,30,20,30,0,0,15,9380,19,0.30000000000000004,0
2004,1,30,21,30,0,0,15,9380,18,0.2,0
2004,1,30,22,30,0,0,15,9380,17,0.2,0
2004,1,30,23,30,0,0,15,9370,17,0.2,0
2004,1,31,0,30,0,0,15,9370,16,0.2,0
2004,1,31,1,30,0,0,15,9370,16,0.2,0
2004,1,31,2,30,0,0,15,9370,15,0.2,0
2004,1,31,3,30,0,0,14,9370,15,0.2,0
2004,1,31,4,30,0,0,15,9370,15,0.2,0
2004,1,31,5,30,0,0,14,9370,15,0.1,0
2004,1,31,6,30,0,0,14,9380,15,0.1,0
2004,1,31,7,30,28,33,14,9380,17,0.1,31
2004,1,31,8,30,100,490,12,9390,20,0.1,244
2004,1,31,9,30,185,569,10,9400,24,0.2,465
2004,1,31,10,30,317,203,10,9390,26,0.2,449
2004,1,31,11,30,272,635,9,9390,28,0.2,753
2004,1,31,12,30,178,842,9,9380,29,0.2,856
2004,1,31,13,30,226,731,8,9370,29,0.2,806
2004,1,31,14,30,169,807,8,9360,29,0.2,750
2004,1,31,15,30,153,742,7,9360,27,0.2,592
2004,1,31,16,30,125,618,7,9360,25,0.30000000000000004,383
2004,1,31,17,30,81,328,7,9360,22,0.30000000000000004,149
2004,1,31,18,30,0,0,8,9370,20,0.30000000000000004,0
2004,1,31,19,30,0,0,8,9380,19,0.30000000000000004,0
2004,1,31,20,30,0,0,8,9380,18,0.30000000000000004,0
2004,1,31,21,30,0,0,9,9380,17,0.30000000000000004,0
2004,1,31,22,30,0,0,9,9390,16,0.30000000000000004,0
2004,1,31,23,30,0,0,9,9380,15,0.2,0
2005,2,1,0,30,0,0,8,9380,15,0.30000000000000004,0
2005,2,1,1,30,0,0,8,9370,14,0.30000000000000004,0
2005,2,1,2,30,0,0,8,9370,14,0.30000000000000004,0
2005,2,1,3,30,0,0,7,9370,13,0.30000000000000004,0
2005,2,1,4,30,0,0,7,9370,13,0.30000000000000004,0
2005,2,1,5,30,0,0,14,9390,15,0.30000000000000004,0
2005,2,1,6,30,0,0,14,9400,15,0.30000000000000004,0
2005,2,1,7,30,29,23,15,9410,17,0.30000000000000004,31
2005,2,1,8,30,130,120,15,9420,21,0.30000000000000004,166
2005,2,1,9,30,168,3,15,9420,24,0.30000000000000004,170
2005,2,1,10,30,178,1,14,9420,26,0.2,179
2005,2,1,11,30,160,1,14,9410,28,0.1,161
2005,2,1,12,30,306,95,14,9400,29,0.1,383
2005,2,1,13,30,169,844,13,9390,30,0,843
2005,2,1,14,30,161,813,13,9380,29,0,751
2005,2,1,15,30,146,747,12,9380,28,0,592
2005,2,1,16,30,121,624,12,9380,26,0,384
2005,2,1,17,30,84,334,14,9390,23,0,155
2005,2,1,18,30,0,0,14,9400,23,0.1,0
2005,2,1,19,30,0,0,12,9400,22,0.2,0
2005,2,1,20,30,0,0,12,9410,21,0.2,0
2005,2,1,21,30,0,0,11,9410,20,0.2,0
2005,2,1,22,30,0,0,10,9400,19,0.30000000000000004,0
2005,2,1,23,30,0,0,10,9400,18,0.30000000000000004,0
2005,2,2,0,30,0,0,10,9400,17,0.30000000000000004,0
2005,2,2,1,30,0,0,10,9400,16,0.30000000000000004,0
2005,2,2,2,30,0,0,10,9400,15,0.30000000000000004,0
2005,2,2,3,30,0,0,11,9390,14,0.30000000000000004,0
2005,2,2,4,30,0,0,11,9390,14,0.30000000000000004,0
2005,2,2,5,30,0,0,11,9400,14,0.30000000000000004,0
2005,2,2,6,30,0,0,11,9400,14,0.30000000000000004,0
2005,2,2,7,30,30,39,12,9410,16,0.30000000000000004,33
2005,2,2,8,30,98,499,13,9420,20,0.30000000000000004,246
2005,2,2,9,30,133,683,13,9420,24,0.30000000000000004,472
2005,2,2,10,30,153,778,14,9420,27,0.2,663
2005,2,2,11,30,165,826,15,9410,29,0.2,796
2005,2,2,12,30,169,844,15,9400,30,0.1,856
2005,2,2,13,30,168,836,15,9390,30,0,838
2005,2,2,14,30,160,804,14,9380,30,0,746
2005,2,2,15,30,145,739,14,9380,28,0,589
2005,2,2,16,30,120,617,13,9380,27,0,382
2005,2,2,17,30,76,372,16,9380,24,0,155
2005,2,2,18,30,0,0,15,9390,24,0,0
2005,2,2,19,30,0,0,15,9390,23,0,0
2005,2,2,20,30,0,0,14,9400,22,0.1,0
2005,2,2,21,30,0,0,14,9400,22,0.1,0
2005,2,2,22,30,0,0,14,9400,21,0.1,0
2005,2,2,23,30,0,0,13,9400,20,0.1,0
2005,2,3,0,30,0,0,12,9400,19,0.1,0
2005,2,3,1,30,0,0,12,9390,18,0.1,0
2005,2,3,2,30,0,0,12,9390,18,0.1,0
2005,2,3,3,30,0,0,11,9380,17,0.1,0
2005,2,3,4,30,0,0,11,9380,17,0.1,0
2005,2,3,5,30,0,0,12,9390,16,0.2,0
2005,2,3,6,30,0,0,13,9390,17,0.2,0
2005,2,3,7,30,31,35,14,9400,19,0.2,34
2005,2,3,8,30,97,496,15,9410,23,0.2,246
2005,2,3,9,30,132,678,14,9410,27,0.2,471
2005,2,3,10,30,153,772,15,9410,29,0.1,661
2005,2,3,11,30,164,820,15,9400,30,0.1,793
2005,2,3,12,30,169,839,15,9390,31,0.1,854
2005,2,3,13,30,168,834,14,9380,31,0.1,839
2005,2,3,14,30,160,804,14,9370,31,0.1,749
2005,2,3,15,30,146,740,13,9370,29,0,592
2005,2,3,16,30,121,619,13,9370,28,0.1,385
2005,2,3,17,30,77,376,15,9370,25,0.1,158
2005,2,3,18,30,0,0,15,9380,24,0.2,0
2005,2,3,19,30,0,0,13,9390,23,0.2,0
2005,2,3,20,30,0,0,13,9390,21,0.2,0
2005,2,3,21,30,0,0,12,9400,20,0.2,0
2005,2,3,22,30,0,0,12,9400,19,0.2,0
2005,2,3,23,30,0,0,11,9400,18,0.2,0
2005,2,4,0,30,0,0,11,9400,17,0.2,0
2005,2,4,1,30,0,0,10,9390,16,0.2,0
2005,2,4,2,30,0,0,9,9390,16,0.2,0
2005,2,4,3,30,0,0,9,9390,16,0.2,0
2005,2,4,4,30,0,0,9,9390,15,0.2,0
2005,2,4,5,30,0,0,8,9390,15,0.2,0
2005,2,4,6,30,0,0,9,9400,15,0.2,0
2005,2,4,7,30,32,39,9,9400,18,0.2,35
2005,2,4,8,30,97,492,10,9410,22,0.2,246
2005,2,4,9,30,132,673,13,9410,26,0.2,469
2005,2,4,10,30,152,766,15,9400,29,0.1,659
2005,2,4,11,30,164,815,16,9390,31,0,791
2005,2,4,12,30,169,836,16,9380,31,0,853
2005,2,4,13,30,168,833,15,9370,32,0.1,840
2005,2,4,14,30,161,805,14,9360,31,0.1,752
2005,2,4,15,30,146,743,12,9360,30,0.1,596
2005,2,4,16,30,121,625,12,9360,28,0.2,390
2005,2,4,17,30,90,308,13,9360,25,0.2,158
2005,2,4,18,30,0,0,13,9370,23,0.2,0
2005,2,4,19,30,0,0,13,9380,22,0.2,0
2005,2,4,20,30,0,0,13,9390,21,0.2,0
2005,2,4,21,30,0,0,13,9390,20,0.2,0
2005,2,4,22,30,0,0,12,9390,19,0.2,0
2005,2,4,23,30,0,0,12,9390,18,0.2,0
2005,2,5,0,30,0,0,12,9390,18,0.2,0
2005,2,5,1,30,0,0,11,9380,17,0.2,0
2005,2,5,2,30,0,0,11,9380,17,0.2,0
2005,2,5,3,30,0,0,10,9380,16,0.2,0
2005,2,5,4,30,0,0,9,9380,16,0.2,0
2005,2,5,5,30,0,0,9,9380,16,0.2,0
2005,2,5,6,30,0,0,9,9390,16,0.2,0
2005,2,5,7,30,29,27,10,9390,19,0.2,32
2005,2,5,8,30,99,504,10,9400,23,0.1,252
2005,2,5,9,30,133,686,12,9410,28,0.1,479
2005,2,5,10,30,154,779,13,9400,31,0,670
2005,2,5,11,30,165,826,13,9390,32,0,803
2005,2,5,12,30,170,845,13,9380,33,0,865
2005,2,5,13,30,169,841,12,9370,33,0.1,850
2005,2,5,14,30,161,811,11,9360,32,0.1,759
2005,2,5,15,30,209,603,11,9360,31,0.2,576
2005,2,5,16,30,122,627,11,9360,29,0.2,393
2005,2,5,17,30,94,112,12,9370,26,0.30000000000000004,119
2005,2,5,18,30,0,0,12,9380,23,0.30000000000000004,0
2005,2,5,19,30,0,0,12,9390,21,0.30000000000000004,0
2005,2,5,20,30,0,0,12,9390,20,0.30000000000000004,0
2005,2,5,21,30,0,0,13,9390,19,0.30000000000000004,0
2005,2,5,22,30,0,0,13,9390,18,0.2,0
2005,2,5,23,30,0,0,13,9390,18,0.2,0
2005,2,6,0,30,0,0,14,9390,17,0.2,0
2005,2,6,1,30,0,0,14,9390,17,0.2,0
2005,2,6,2,30,0,0,15,9380,17,0.2,0
2005,2,6,3,30,0,0,15,9380,16,0.2,0
2005,2,6,4,30,0,0,16,9380,16,0.2,0
2005,2,6,5,30,0,0,15,9390,16,0.1,0
2005,2,6,6,30,0,0,17,9400,17,0.1,0
2005,2,6,7,30,34,47,17,9400,19,0.1,38
2005,2,6,8,30,98,491,17,9410,21,0.1,248
2005,2,6,9,30,132,672,16,9420,26,0.1,472
2005,2,6,10,30,152,765,15,9410,29,0.1,662
2005,2,6,11,30,164,814,15,9400,31,0.1,795
2005,2,6,12,30,169,835,15,9390,31,0.2,858
2005,2,6,13,30,168,831,15,9380,31,0.2,844
2005,2,6,14,30,161,803,15,9370,30,0.2,755
2005,2,6,15,30,146,741,15,9370,29,0.30000000000000004,600
2005,2,6,16,30,122,624,15,9370,27,0.30000000000000004,393
2005,2,6,17,30,85,358,15,9380,24,0.30000000000000004,165
2005,2,6,18,30,0,0,15,9390,22,0.30000000000000004,0
2005,2,6,19,30,0,0,15,9400,20,0.30000000000000004,0
2005,2,6,20,30,0,0,15,9410,19,0.2,0
2005,2,6,21,30,0,0,15,9410,18,0.2,0
2005,2,6,22,30,0,0,15,9410,18,0.2,0
2005,2,6,23,30,0,0,15,9400,17,0.2,0
2005,2,7,0,30,0,0,15,9400,16,0.1,0
2005,2,7,1,30,0,0,15,9400,16,0.1,0
2005,2,7,2,30,0,0,15,9400,15,0.1,0
2005,2,7,3,30,0,0,16,9390,16,0.1,0
2005,2,7,4,30,0,0,15,9390,16,0.1,0
2005,2,7,5,30,0,0,15,9390,16,0.1,0
2005,2,7,6,30,0,0,15,9400,16,0,0
2005,2,7,7,30,32,37,15,9410,18,0,35
2005,2,7,8,30,99,508,15,9420,20,0,256
2005,2,7,9,30,134,689,15,9420,25,0.1,484
2005,2,7,10,30,154,781,13,9420,28,0.1,676
2005,2,7,11,30,166,829,13,9410,30,0.1,810
2005,2,7,12,30,171,848,13,9400,31,0.1,873
2005,2,7,13,30,169,844,13,9390,31,0.1,859
2005,2,7,14,30,162,815,12,9380,31,0.1,769
2005,2,7,15,30,148,753,12,9380,29,0.1,610
2005,2,7,16,30,123,634,12,9380,27,0.2,400
2005,2,7,17,30,89,348,13,9390,24,0.2,168
2005,2,7,18,30,0,0,13,9400,22,0.30000000000000004,0
2005,2,7,19,30,0,0,13,9400,21,0.30000000000000004,0
2005,2,7,20,30,0,0,13,9410,19,0.30000000000000004,0
2005,2,7,21,30,0,0,13,9410,18,0.2,0
2005,2,7,22,30,0,0,13,9410,18,0.2,0
2005,2,7,23,30,0,0,13,9410,17,0.2,0
2005,2,8,0,30,0,0,14,9410,17,0.2,0
2005,2,8,1,30,0,0,14,9400,17,0.2,0
2005,2,8,2,30,0,0,14,9400,17,0.2,0
2005,2,8,3,30,0,0,14,9400,16,0.2,0
2005,2,8,4,30,0,0,13,9400,16,0.2,0
2005,2,8,5,30,0,0,13,9400,16,0.2,0
2005,2,8,6,30,0,0,13,9410,17,0.2,0
2005,2,8,7,30,34,74,14,9420,20,0.2,41
2005,2,8,8,30,99,497,14,9420,24,0.2,252
2005,2,8,9,30,133,677,14,9430,28,0.2,479
2005,2,8,10,30,153,771,15,9430,31,0.2,671
2005,2,8,11,30,165,819,15,9420,32,0.1,805
2005,2,8,12,30,170,839,15,9410,33,0.1,867
2005,2,8,13,30,168,834,15,9400,33,0.1,852
2005,2,8,14,30,161,804,14,9390,33,0.1,762
2005,2,8,15,30,147,741,14,9390,32,0.1,604
2005,2,8,16,30,122,624,13,9390,30,0.1,397
2005,2,8,17,30,95,305,17,9390,28,0.1,165
2005,2,8,18,30,0,0,15,9400,26,0,0
2005,2,8,19,30,0,0,16,9400,26,0,0
2005,2,8,20,30,0,0,14,9400,25,0,0
2005,2,8,21,30,0,0,15,9410,24,0.1,0
2005,2,8,22,30,0,0,13,9410,23,0.1,0
2005,2,8,23,30,0,0,14,9400,22,0.1,0
2005,2,9,0,30,0,0,12,9410,21,0.1,0
2005,2,9,1,30,0,0,12,9400,20,0.1,0
2005,2,9,2,30,0,0,11,9400,20,0.1,0
2005,2,9,3,30,0,0,12,9400,19,0.2,0
2005,2,9,4,30,0,0,11,9400,18,0.2,0
2005,2,9,5,30,0,0,11,9410,17,0.2,0
2005,2,9,6,30,0,0,11,9410,17,0.30000000000000004,0
2005,2,9,7,30,35,80,12,9420,20,0.2,42
2005,2,9,8,30,100,516,13,9430,24,0.2,261
2005,2,9,9,30,135,696,13,9440,28,0.2,492
2005,2,9,10,30,155,790,12,9440,31,0.2,688
2005,2,9,11,30,167,840,11,9430,33,0.2,826
2005,2,9,12,30,172,862,10,9410,33,0.1,891
2005,2,9,13,30,171,860,9,9400,34,0.1,879
2005,2,9,14,30,164,833,8,9390,33,0.1,789
2005,2,9,15,30,150,772,7,9390,32,0.1,629
2005,2,9,16,30,125,655,7,9390,30,0.1,415
2005,2,9,17,30,95,312,12,9400,27,0.1,167
2005,2,9,18,30,0,0,12,9410,25,0.1,0
2005,2,9,19,30,0,0,9,9410,24,0.1,0
2005,2,9,20,30,0,0,10,9420,23,0.1,0
2005,2,9,21,30,0,0,10,9420,23,0.2,0
2005,2,9,22,30,0,0,10,9420,22,0.2,0
2005,2,9,23,30,0,0,9,9420,21,0.30000000000000004,0
2005,2,10,0,30,0,0,10,9420,20,0.30000000000000004,0
2005,2,10,1,30,0,0,10,9420,19,0.4,0
2005,2,10,2,30,0,0,10,9420,18,0.4,0
2005,2,10,3,30,0,0,10,9420,18,0.4,0
2005,2,10,4,30,0,0,10,9420,17,0.4,0
2005,2,10,5,30,0,0,11,9420,17,0.4,0
2005,2,10,6,30,0,0,11,9430,17,0.4,0
2005,2,10,7,30,36,86,12,9440,20,0.30000000000000004,44
2005,2,10,8,30,101,523,13,9440,24,0.30000000000000004,265
2005,2,10,9,30,136,705,12,9440,29,0.30000000000000004,500
2005,2,10,10,30,156,800,10,9440,31,0.30000000000000004,698
2005,2,10,11,30,168,850,9,9430,33,0.30000000000000004,837
2005,2,10,12,30,173,871,9,9420,34,0.2,903
2005,2,10,13,30,172,867,8,9410,34,0.2,888
2005,2,10,14,30,165,838,7,9400,34,0.2,796
2005,2,10,15,30,150,776,6,9390,32,0.2,634
2005,2,10,16,30,126,659,6,9400,30,0.1,419
2005,2,10,17,30,90,370,11,9400,27,0.1,176
2005,2,10,18,30,0,0,11,9410,25,0.1,0
2005,2,10,19,30,0,0,9,9420,24,0,0
2005,2,10,20,30,0,0,7,9420,23,0,0
2005,2,10,21,30,0,0,8,9420,22,0,0
2005,2,10,22,30,0,0,6,9420,22,0,0
2005,2,10,23,30,0,0,8,9420,21,0,0
2005,2,11,0,30,0,0,7,9420,20,0,0
2005,2,11,1,30,0,0,9,9420,20,0,0
2005,2,11,2,30,0,0,7,9420,19,0,0
2005,2,11,3,30,0,0,8,9420,19,0,0
2005,2,11,4,30,0,0,7,9420,18,0.1,0
2005,2,11,5,30,0,0,8,9430,18,0.1,0
2005,2,11,6,30,0,0,7,9430,18,0.1,0
2005,2,11,7,30,36,48,10,9440,22,0.1,41
2005,2,11,8,30,102,526,10,9450,25,0.1,268
2005,2,11,9,30,136,705,10,9450,29,0.1,501
2005,2,11,10,30,156,796,10,9440,32,0.2,697
2005,2,11,11,30,168,843,10,9430,33,0.1,834
2005,2,11,12,30,173,862,10,9420,34,0.1,897
2005,2,11,13,30,171,856,10,9410,34,0.1,881
2005,2,11,14,30,164,827,9,9410,34,0.1,789
2005,2,11,15,30,149,765,9,9400,33,0.1,628
2005,2,11,16,30,125,649,9,9410,31,0.1,416
2005,2,11,17,30,90,377,12,9410,27,0.1,179
2005,2,11,18,30,0,0,12,9420,26,0.2,0
2005,2,11,19,30,0,0,12,9420,24,0.2,0
2005,2,11,20,30,0,0,11,9430,23,0.2,0
2005,2,11,21,30,0,0,11,9430,22,0.2,0
2005,2,11,22,30,0,0,11,9420,21,0.2,0
2005,2,11,23,30,0,0,10,9420,20,0.2,0
2005,2,12,0,30,0,0,10,9420,19,0.2,0
2005,2,12,1,30,0,0,10,9410,19,0.2,0
2005,2,12,2,30,0,0,9,9410,18,0.2,0
2005,2,12,3,30,0,0,9,9410,18,0.2,0
2005,2,12,4,30,0,0,9,9410,17,0.2,0
2005,2,12,5,30,0,0,9,9420,17,0.2,0
2005,2,12,6,30,0,0,9,9420,18,0.2,0
2005,2,12,7,30,38,98,10,9430,21,0.2,47
2005,2,12,8,30,102,522,10,9440,25,0.1,268
2005,2,12,9,30,136,699,10,9440,30,0.1,500
2005,2,12,10,30,156,789,11,9440,33,0.1,695
2005,2,12,11,30,167,836,11,9430,35,0.1,830
2005,2,12,12,30,172,855,11,9420,36,0,894
2005,2,12,13,30,171,851,11,9410,36,0,879
2005,2,12,14,30,164,822,11,9400,35,0,787
2005,2,12,15,30,149,760,10,9400,34,0,627
2005,2,12,16,30,125,645,10,9400,32,0,415
2005,2,12,17,30,97,332,13,9400,29,0.1,176
2005,2,12,18,30,0,0,13,9400,27,0.1,0
2005,2,12,19,30,0,0,12,9410,26,0.1,0
2005,2,12,20,30,0,0,12,9410,25,0.1,0
2005,2,12,21,30,0,0,12,9410,23,0.1,0
2005,2,12,22,30,0,0,12,9410,23,0.1,0
2005,2,12,23,30,0,0,11,9410,22,0.1,0
2005,2,13,0,30,0,0,11,9410,21,0.1,0
2005,2,13,1,30,0,0,10,9410,20,0.2,0
2005,2,13,2,30,0,0,9,9400,19,0.2,0
2005,2,13,3,30,0,0,9,9400,19,0.2,0
2005,2,13,4,30,0,0,8,9400,18,0.30000000000000004,0
2005,2,13,5,30,0,0,8,9410,18,0.30000000000000004,0
2005,2,13,6,30,0,0,8,9410,18,0.30000000000000004,0
2005,2,13,7,30,39,105,9,9420,21,0.30000000000000004,49
2005,2,13,8,30,102,525,11,9430,25,0.2,271
2005,2,13,9,30,136,698,11,9430,30,0.2,501
2005,2,13,10,30,156,786,12,9430,33,0.1,695
2005,2,13,11,30,167,832,13,9420,35,0.1,829
2005,2,13,12,30,172,850,12,9410,36,0,891
2005,2,13,13,30,170,845,12,9400,36,0,876
2005,2,13,14,30,163,816,11,9390,35,0,784
2005,2,13,15,30,149,755,11,9380,34,0,625
2005,2,13,16,30,125,640,10,9390,32,0,415
2005,2,13,17,30,83,412,12,9390,29,0,181
2005,2,13,18,30,0,0,14,9400,27,0.1,0
2005,2,13,19,30,0,0,11,9400,26,0.1,0
2005,2,13,20,30,0,0,12,9410,25,0.1,0
2005,2,13,21,30,0,0,11,9410,24,0.1,0
2005,2,13,22,30,0,0,11,9400,24,0.1,0
2005,2,13,23,30,0,0,10,9400,23,0.1,0
2005,2,14,0,30,0,0,9,9390,22,0.2,0
2005,2,14,1,30,0,0,9,9390,21,0.2,0
2005,2,14,2,30,0,0,8,9380,21,0.2,0
2005,2,14,3,30,0,0,7,9380,20,0.2,0
2005,2,14,4,30,0,0,7,9380,19,0.1,0
2005,2,14,5,30,0,0,7,9380,19,0.1,0
2005,2,14,6,30,0,0,7,9390,19,0.1,0
2005,2,14,7,30,41,63,8,9400,22,0.1,47
2005,2,14,8,30,103,537,7,9400,26,0.1,277
2005,2,14,9,30,137,711,7,9410,31,0,512
2005,2,14,10,30,157,801,8,9400,35,0,708
2005,2,14,11,30,168,847,8,9390,36,0,845
2005,2,14,12,30,173,865,8,9380,37,0.1,909
2005,2,14,13,30,172,861,7,9370,37,0.1,894
2005,2,14,14,30,165,833,6,9360,36,0.1,801
2005,2,14,15,30,151,762,5,9360,35,0.2,634
2005,2,14,16,30,127,660,4,9360,32,0.2,427
2005,2,14,17,30,89,381,5,9370,29,0.30000000000000004,181
2005,2,14,18,30,0,0,6,9380,26,0.30000000000000004,0
2005,2,14,19,30,0,0,5,9390,24,0.30000000000000004,0
2005,2,14,20,30,0,0,5,9400,22,0.30000000000000004,0
2005,2,14,21,30,0,0,5,9400,21,0.30000000000000004,0
2005,2,14,22,30,0,0,6,9400,20,0.30000000000000004,0
2005,2,14,23,30,0,0,6,9390,20,0.2,0
2005,2,15,0,30,0,0,6,9390,19,0.2,0
2005,2,15,1,30,0,0,6,9380,19,0.2,0
2005,2,15,2,30,0,0,6,9380,18,0.2,0
2005,2,15,3,30,0,0,5,9370,18,0.2,0
2005,2,15,4,30,0,0,5,9380,17,0.2,0
2005,2,15,5,30,0,0,5,9380,17,0.2,0
2005,2,15,6,30,0,0,5,9390,17,0.2,0
2005,2,15,7,30,42,68,6,9390,21,0.1,49
2005,2,15,8,30,132,474,4,9400,25,0.1,287
2005,2,15,9,30,140,737,3,9400,30,0.1,530
2005,2,15,10,30,145,826,1,9400,33,0.2,716
2005,2,15,11,30,155,865,0,9390,34,0.2,849
2005,2,15,12,30,162,878,0,9380,35,0.30000000000000004,911
2005,2,15,13,30,173,849,0,9370,34,0.30000000000000004,887
2005,2,15,14,30,168,815,1,9360,33,0.4,794
2005,2,15,15,30,152,790,3,9360,31,0.4,655
2005,2,15,16,30,128,674,4,9370,29,0.30000000000000004,436
2005,2,15,17,30,92,403,6,9370,25,0.30000000000000004,190
2005,2,15,18,30,0,0,8,9370,23,0.30000000000000004,0
2005,2,15,19,30,0,0,9,9380,21,0.30000000000000004,0
2005,2,15,20,30,0,0,10,9390,20,0.2,0
2005,2,15,21,30,0,0,10,9390,19,0.2,0
2005,2,15,22,30,0,0,11,9380,18,0.2,0
2005,2,15,23,30,0,0,11,9380,17,0.2,0
2005,2,16,0,30,0,0,12,9370,16,0.30000000000000004,0
2005,2,16,1,30,0,0,13,9370,15,0.30000000000000004,0
2005,2,16,2,30,0,0,14,9370,15,0.30000000000000004,0
2005,2,16,3,30,0,0,14,9360,15,0.30000000000000004,0
2005,2,16,4,30,0,0,15,9370,16,0.2,0
2005,2,16,5,30,0,0,16,9370,16,0.2,0
2005,2,16,6,30,0,0,16,9380,17,0.2,0
2005,2,16,7,30,43,73,16,9390,19,0.1,51
2005,2,16,8,30,105,544,16,9390,22,0.1,283
2005,2,16,9,30,138,717,15,9390,26,0.2,519
2005,2,16,10,30,158,804,13,9390,29,0.2,716
2005,2,16,11,30,170,835,13,9380,31,0.30000000000000004,842
2005,2,16,12,30,173,864,13,9370,32,0.30000000000000004,913
2005,2,16,13,30,172,857,13,9360,32,0.4,895
2005,2,16,14,30,164,827,14,9360,32,0.4,802
2005,2,16,15,30,150,766,14,9350,30,0.4,640
2005,2,16,16,30,126,654,14,9360,28,0.4,427
2005,2,16,17,30,85,428,15,9360,25,0.30000000000000004,190
2005,2,16,18,30,0,0,15,9370,23,0.30000000000000004,0
2005,2,16,19,30,0,0,16,9380,21,0.2,0
2005,2,16,20,30,0,0,16,9380,20,0.2,0
2005,2,16,21,30,0,0,16,9380,19,0.2,0
2005,2,16,22,30,0,0,16,9380,18,0.2,0
2005,2,16,23,30,0,0,16,9370,18,0.2,0
2005,2,17,0,30,0,0,16,9370,17,0.2,0
2005,2,17,1,30,0,0,16,9370,17,0.2,0
2005,2,17,2,30,0,0,16,9360,16,0.2,0
2005,2,17,3,30,0,0,15,9370,16,0.2,0
2005,2,17,4,30,0,0,15,9370,15,0.2,0
2005,2,17,5,30,0,0,15,9370,15,0.2,0
2005,2,17,6,30,0,0,15,9380,16,0.1,0
2005,2,17,7,30,42,104,15,9390,18,0.1,53
2005,2,17,8,30,105,548,14,9390,22,0.2,287
2005,2,17,9,30,138,719,12,9390,26,0.30000000000000004,523
2005,2,17,10,30,158,806,12,9390,29,0.30000000000000004,720
2005,2,17,11,30,169,851,11,9380,30,0.30000000000000004,857
2005,2,17,12,30,174,869,11,9370,31,0.30000000000000004,921
2005,2,17,13,30,173,865,11,9360,31,0.30000000000000004,906
2005,2,17,14,30,166,837,11,9350,30,0.4,813
2005,2,17,15,30,151,777,11,9350,29,0.4,650
2005,2,17,16,30,127,663,11,9360,26,0.4,434
2005,2,17,17,30,86,435,12,9360,23,0.4,193
2005,2,17,18,30,0,0,13,9370,21,0.30000000000000004,0
2005,2,17,19,30,0,0,13,9380,20,0.30000000000000004,0
2005,2,17,20,30,0,0,14,9390,19,0.30000000000000004,0
2005,2,17,21,30,0,0,14,9390,18,0.2,0
2005,2,17,22,30,0,0,14,9390,17,0.2,0
2005,2,17,23,30,0,0,14,9380,17,0.2,0
2005,2,18,0,30,0,0,14,9380,16,0.30000000000000004,0
2005,2,18,1,30,0,0,14,9380,16,0.30000000000000004,0
2005,2,18,2,30,0,0,14,9370,16,0.30000000000000004,0
2005,2,18,3,30,0,0,15,9370,15,0.2,0
2005,2,18,4,30,0,0,14,9370,15,0.2,0
2005,2,18,5,30,0,0,15,9380,15,0.2,0
2005,2,18,6,30,0,0,15,9390,16,0.1,0
2005,2,18,7,30,44,112,15,9400,18,0.1,56
2005,2,18,8,30,105,546,14,9400,21,0.2,287
2005,2,18,9,30,138,715,13,9410,25,0.2,523
2005,2,18,10,30,158,802,12,9400,27,0.30000000000000004,720
2005,2,18,11,30,169,847,12,9390,29,0.30000000000000004,856
2005,2,18,12,30,174,865,12,9380,30,0.30000000000000004,919
2005,2,18,13,30,172,860,12,9370,30,0.30000000000000004,903
2005,2,18,14,30,165,831,12,9360,29,0.30000000000000004,810
2005,2,18,15,30,151,772,11,9360,28,0.30000000000000004,649
2005,2,18,16,30,127,661,11,9360,25,0.4,434
2005,2,18,17,30,96,386,11,9370,22,0.30000000000000004,192
2005,2,18,18,30,0,0,11,9380,20,0.30000000000000004,0
2005,2,18,19,30,0,0,12,9390,19,0.30000000000000004,0
2005,2,18,20,30,0,0,12,9390,18,0.30000000000000004,0
2005,2,18,21,30,0,0,12,9400,17,0.30000000000000004,0
2005,2,18,22,30,0,0,12,9390,16,0.30000000000000004,0
2005,2,18,23,30,0,0,12,9390,15,0.30000000000000004,0
2005,2,19,0,30,0,0,11,9390,15,0.30000000000000004,0
2005,2,19,1,30,0,0,11,9380,14,0.30000000000000004,0
2005,2,19,2,30,0,0,11,9380,14,0.30000000000000004,0
2005,2,19,3,30,0,0,11,9380,13,0.2,0
2005,2,19,4,30,0,0,11,9380,13,0.2,0
2005,2,19,5,30,0,0,11,9390,12,0.2,0
2005,2,19,6,30,0,0,11,9400,13,0.2,0
2005,2,19,7,30,46,147,11,9400,16,0.1,62
2005,2,19,8,30,106,554,8,9410,21,0.1,293
2005,2,19,9,30,139,725,7,9410,24,0.1,531
2005,2,19,10,30,159,813,6,9410,27,0.2,731
2005,2,19,11,30,170,859,5,9400,29,0.2,870
2005,2,19,12,30,166,874,5,9390,30,0.2,923
2005,2,19,13,30,168,865,4,9380,31,0.2,906
2005,2,19,14,30,167,845,4,9370,30,0.30000000000000004,825
2005,2,19,15,30,153,786,3,9370,29,0.30000000000000004,661
2005,2,19,16,30,129,674,3,9370,26,0.30000000000000004,443
2005,2,19,17,30,95,392,3,9380,23,0.30000000000000004,194
2005,2,19,18,30,1,0,4,9380,20,0.30000000000000004,1
2005,2,19,19,30,0,0,4,9390,19,0.30000000000000004,0
2005,2,19,20,30,0,0,4,9390,17,0.2,0
2005,2,19,21,30,0,0,5,9390,16,0.2,0
2005,2,19,22,30,0,0,4,9390,16,0.2,0
2005,2,19,23,30,0,0,4,9390,15,0.2,0
2005,2,20,0,30,0,0,3,9380,14,0.2,0
2005,2,20,1,30,0,0,3,9380,14,0.2,0
2005,2,20,2,30,0,0,2,9380,13,0.2,0
2005,2,20,3,30,0,0,2,9380,12,0.2,0
2005,2,20,4,30,0,0,2,9380,12,0.2,0
2005,2,20,5,30,0,0,2,9390,12,0.2,0
2005,2,20,6,30,0,0,2,9390,12,0.2,0
2005,2,20,7,30,46,128,1,9400,16,0.2,60
2005,2,20,8,30,107,559,1,9410,20,0.1,297
2005,2,20,9,30,140,728,1,9410,25,0.1,536
2005,2,20,10,30,159,816,1,9400,29,0,736
2005,2,20,11,30,171,862,1,9390,31,0.1,875
2005,2,20,12,30,175,880,2,9390,33,0.1,940
2005,2,20,13,30,174,876,1,9380,33,0.2,924
2005,2,20,14,30,167,848,1,9370,32,0.2,830
2005,2,20,15,30,153,790,0,9360,30,0.2,666
2005,2,20,16,30,129,679,0,9370,28,0.30000000000000004,448
2005,2,20,17,30,96,398,0,9370,24,0.30000000000000004,197
2005,2,20,18,30,1,0,0,9380,21,0.30000000000000004,1
2005,2,20,19,30,0,0,0,9390,20,0.30000000000000004,0
2005,2,20,20,30,0,0,0,9390,18,0.30000000000000004,0
2005,2,20,21,30,0,0,0,9390,17,0.30000000000000004,0
2005,2,20,22,30,0,0,0,9390,16,0.30000000000000004,0
2005,2,20,23,30,0,0,0,9390,15,0.30000000000000004,0
2005,2,21,0,30,0,0,-1,9390,14,0.30000000000000004,0
2005,2,21,1,30,0,0,-1,9390,14,0.30000000000000004,0
2005,2,21,2,30,0,0,-1,9380,13,0.2,0
2005,2,21,3,30,0,0,0,9380,13,0.2,0
2005,2,21,4,30,0,0,0,9380,13,0.2,0
2005,2,21,5,30,0,0,0,9380,12,0.2,0
2005,2,21,6,30,0,0,0,9380,13,0.1,0
2005,2,21,7,30,47,136,-1,9390,16,0.1,63
2005,2,21,8,30,122,484,-2,9400,21,0.1,288
2005,2,21,9,30,144,711,-1,9400,26,0.1,533
2005,2,21,10,30,160,816,0,9400,29,0.1,739
2005,2,21,11,30,171,862,0,9390,31,0.2,879
2005,2,21,12,30,176,881,1,9380,31,0.2,944
2005,2,21,13,30,175,852,1,9370,31,0.30000000000000004,907
2005,2,21,14,30,167,849,0,9370,30,0.30000000000000004,834
2005,2,21,15,30,153,791,0,9360,29,0.30000000000000004,669
2005,2,21,16,30,130,680,0,9370,26,0.30000000000000004,450
2005,2,21,17,30,96,404,0,9370,23,0.30000000000000004,199
2005,2,21,18,30,1,0,1,9380,20,0.30000000000000004,1
2005,2,21,19,30,0,0,2,9390,18,0.30000000000000004,0
2005,2,21,20,30,0,0,2,9400,17,0.30000000000000004,0
2005,2,21,21,30,0,0,2,9400,16,0.2,0
2005,2,21,22,30,0,0,2,9400,15,0.2,0
2005,2,21,23,30,0,0,2,9390,14,0.2,0
2005,2,22,0,30,0,0,2,9390,14,0.2,0
2005,2,22,1,30,0,0,2,9380,13,0.2,0
2005,2,22,2,30,0,0,2,9380,13,0.2,0
2005,2,22,3,30,0,0,1,9380,12,0.1,0
2005,2,22,4,30,0,0,1,9380,12,0.1,0
2005,2,22,5,30,0,0,1,9390,12,0.1,0
2005,2,22,6,30,0,0,1,9390,12,0.1,0
2005,2,22,7,30,48,144,0,9400,16,0.1,65
2005,2,22,8,30,116,539,1,9410,21,0,302
2005,2,22,9,30,131,747,3,9410,27,0,542
2005,2,22,10,30,146,831,4,9410,30,0.1,739
2005,2,22,11,30,155,877,4,9410,32,0.1,878
2005,2,22,12,30,164,884,4,9390,33,0,937
2005,2,22,13,30,173,857,3,9390,34,0,912
2005,2,22,14,30,169,860,3,9380,33,0,846
2005,2,22,15,30,154,800,2,9370,32,0,678
2005,2,22,16,30,147,645,2,9380,29,0.1,453
2005,2,22,17,30,93,396,4,9380,26,0.2,195
2005,2,22,18,30,1,0,4,9390,23,0.30000000000000004,1
2005,2,22,19,30,0,0,4,9400,21,0.30000000000000004,0
2005,2,22,20,30,0,0,4,9410,19,0.30000000000000004,0
2005,2,22,21,30,0,0,4,9410,18,0.2,0
2005,2,22,22,30,0,0,5,9410,17,0.2,0
2005,2,22,23,30,0,0,5,9410,16,0.2,0
2005,2,23,0,30,0,0,4,9400,16,0.2,0
2005,2,23,1,30,0,0,4,9390,16,0.2,0
2005,2,23,2,30,0,0,4,9380,16,0.2,0
2005,2,23,3,30,0,0,3,9380,15,0.2,0
2005,2,23,4,30,0,0,3,9380,15,0.2,0
2005,2,23,5,30,0,0,3,9390,15,0.2,0
2005,2,23,6,30,0,0,4,9400,16,0.2,0
2005,2,23,7,30,49,124,3,9410,19,0.1,64
2005,2,23,8,30,108,564,3,9410,24,0.1,304
2005,2,23,9,30,140,728,4,9420,29,0.1,543
2005,2,23,10,30,160,814,5,9420,33,0.1,743
2005,2,23,11,30,171,858,6,9400,35,0.1,881
2005,2,23,12,30,176,876,6,9390,36,0.1,945
2005,2,23,13,30,174,871,6,9380,36,0.1,928
2005,2,23,14,30,167,843,6,9370,35,0.1,833
2005,2,23,15,30,153,784,5,9360,34,0.2,668
2005,2,23,16,30,129,673,5,9370,31,0.2,449
2005,2,23,17,30,98,380,6,9380,28,0.30000000000000004,197
2005,2,23,18,30,1,0,6,9390,24,0.30000000000000004,1
2005,2,23,19,30,0,0,7,9400,22,0.30000000000000004,0
2005,2,23,20,30,0,0,7,9410,20,0.30000000000000004,0
2005,2,23,21,30,0,0,8,9410,19,0.30000000000000004,0
2005,2,23,22,30,0,0,8,9400,18,0.2,0
2005,2,23,23,30,0,0,8,9400,18,0.2,0
2005,2,24,0,30,0,0,7,9390,17,0.2,0
2005,2,24,1,30,0,0,7,9390,17,0.1,0
2005,2,24,2,30,0,0,6,9380,17,0.1,0
2005,2,24,3,30,0,0,5,9380,16,0.1,0
2005,2,24,4,30,0,0,5,9380,16,0.1,0
2005,2,24,5,30,0,0,4,9390,16,0.1,0
2005,2,24,6,30,0,0,5,9400,16,0.1,0
2005,2,24,7,30,50,161,3,9400,20,0.1,70
2005,2,24,8,30,108,561,3,9410,25,0.1,305
2005,2,24,9,30,140,726,3,9420,30,0.1,544
2005,2,24,10,30,160,812,5,9410,33,0,744
2005,2,24,11,30,171,857,6,9400,35,0,882
2005,2,24,12,30,176,875,6,9390,36,0.1,947
2005,2,24,13,30,174,872,6,9380,36,0.1,931
2005,2,24,14,30,167,844,6,9370,35,0.1,836
2005,2,24,15,30,153,786,5,9370,34,0.2,671
2005,2,24,16,30,130,676,5,9370,31,0.2,452
2005,2,24,17,30,99,385,5,9380,28,0.30000000000000004,200
2005,2,24,18,30,1,0,6,9390,25,0.30000000000000004,1
2005,2,24,19,30,0,0,6,9400,23,0.30000000000000004,0
2005,2,24,20,30,0,0,6,9400,22,0.30000000000000004,0
2005,2,24,21,30,0,0,6,9400,20,0.2,0
2005,2,24,22,30,0,0,6,9400,20,0.2,0
2005,2,24,23,30,0,0,6,9400,19,0.2,0
2005,2,25,0,30,0,0,5,9390,19,0.2,0
2005,2,25,1,30,0,0,4,9380,18,0.2,0
2005,2,25,2,30,0,0,3,9380,18,0.2,0
2005,2,25,3,30,0,0,2,9380,18,0.2,0
2005,2,25,4,30,0,0,2,9380,17,0.2,0
2005,2,25,5,30,0,0,2,9390,17,0.2,0
2005,2,25,6,30,0,0,2,9400,17,0.2,0
2005,2,25,7,30,51,141,1,9410,21,0.2,69
2005,2,25,8,30,109,565,2,9420,25,0.2,309
2005,2,25,9,30,141,726,5,9420,30,0.2,547
2005,2,25,10,30,160,809,7,9410,34,0.1,745
2005,2,25,11,30,170,853,8,9390,36,0.1,881
2005,2,25,12,30,175,870,8,9380,37,0,944
2005,2,25,13,30,174,866,8,9370,38,0,928
2005,2,25,14,30,167,838,7,9360,37,0,833
2005,2,25,15,30,152,778,7,9360,36,0,667
2005,2,25,16,30,129,667,7,9360,33,0,449
2005,2,25,17,30,88,448,10,9370,30,0.1,206
2005,2,25,18,30,2,0,11,9380,28,0.2,2
2005,2,25,19,30,0,0,10,9390,26,0.30000000000000004,0
2005,2,25,20,30,0,0,10,9400,25,0.30000000000000004,0
2005,2,25,21,30,0,0,10,9400,23,0.30000000000000004,0
2005,2,25,22,30,0,0,10,9400,22,0.2,0
2005,2,25,23,30,0,0,10,9390,21,0.2,0
2005,2,26,0,30,0,0,9,9390,20,0.2,0
2005,2,26,1,30,0,0,9,9380,20,0.2,0
2005,2,26,2,30,0,0,8,9380,20,0.2,0
2005,2,26,3,30,0,0,8,9380,20,0.2,0
2005,2,26,4,30,0,0,8,9390,19,0.1,0
2005,2,26,5,30,0,0,8,9390,19,0.1,0
2005,2,26,6,30,0,0,9,9400,20,0.1,0
2005,2,26,7,30,53,150,8,9410,24,0.1,72
2005,2,26,8,30,108,557,9,9410,28,0,307
2005,2,26,9,30,140,716,9,9420,34,0,543
2005,2,26,10,30,159,800,9,9410,37,0,740
2005,2,26,11,30,170,845,8,9400,38,0,877
2005,2,26,12,30,174,863,8,9390,39,0,940
2005,2,26,13,30,173,858,7,9380,39,0,923
2005,2,26,14,30,166,831,7,9360,38,0.1,829
2005,2,26,15,30,152,771,7,9360,37,0.1,664
2005,2,26,16,30,128,661,6,9360,35,0.1,447
2005,2,26,17,30,99,395,8,9370,32,0.2,204
2005,2,26,18,30,2,0,9,9380,29,0.2,2
2005,2,26,19,30,0,0,9,9390,28,0.30000000000000004,0
2005,2,26,20,30,0,0,9,9400,26,0.2,0
2005,2,26,21,30,0,0,10,9400,25,0.2,0
2005,2,26,22,30,0,0,10,9390,25,0.2,0
2005,2,26,23,30,0,0,10,9390,24,0.2,0
2005,2,27,0,30,0,0,10,9380,24,0.1,0
2005,2,27,1,30,0,0,11,9370,23,0.1,0
2005,2,27,2,30,0,0,12,9370,23,0.1,0
2005,2,27,3,30,0,0,10,9370,23,0,0
2005,2,27,4,30,0,0,9,9370,23,0,0
2005,2,27,5,30,0,0,11,9380,23,0.1,0
2005,2,27,6,30,0,0,12,9390,23,0.1,0
2005,2,27,7,30,48,207,13,9400,24,0.1,74
2005,2,27,8,30,107,536,14,9410,24,0.1,300
2005,2,27,9,30,138,693,16,9410,26,0.1,529
2005,2,27,10,30,371,281,16,9410,28,0.2,576
2005,2,27,11,30,167,818,16,9400,29,0.2,854
2005,2,27,12,30,172,835,16,9390,30,0.2,915
2005,2,27,13,30,170,830,16,9380,31,0.2,898
2005,2,27,14,30,350,496,16,9370,33,0.2,747
2005,2,27,15,30,120,0,16,9370,31,0.1,120
2005,2,27,16,30,166,4,16,9370,30,0.1,168
2005,2,27,17,30,39,0,17,9370,28,0.1,39
2005,2,27,18,30,2,0,17,9380,26,0.2,2
2005,2,27,19,30,0,0,16,9380,25,0.2,0
2005,2,27,20,30,0,0,15,9390,24,0.2,0
2005,2,27,21,30,0,0,15,9390,23,0.2,0
2005,2,27,22,30,0,0,15,9390,23,0.2,0
2005,2,27,23,30,0,0,16,9390,23,0.2,0
2005,2,28,0,30,0,0,16,9380,23,0.1,0
2005,2,28,1,30,0,0,16,9380,23,0.1,0
2005,2,28,2,30,0,0,16,9370,23,0.1,0
2005,2,28,3,30,0,0,16,9370,23,0.1,0
2005,2,28,4,30,0,0,16,9370,22,0.1,0
2005,2,28,5,30,0,0,16,9380,22,0.2,0
2005,2,28,6,30,0,0,17,9390,22,0.2,0
2005,2,28,7,30,48,207,18,9390,23,0.2,75
2005,2,28,8,30,106,532,19,9400,24,0.1,300
2005,2,28,9,30,138,689,19,9400,26,0.1,529
2005,2,28,10,30,156,772,19,9400,29,0.1,722
2005,2,28,11,30,167,816,19,9390,32,0,855
2005,2,28,12,30,172,834,18,9380,32,0,916
2005,2,28,13,30,303,56,18,9370,32,0.1,353
2005,2,28,14,30,350,499,17,9370,32,0.1,751
2005,2,28,15,30,233,39,17,9370,31,0.1,260
2005,2,28,16,30,127,641,16,9370,30,0,438
2005,2,28,17,30,111,68,17,9370,27,0.1,130
2005,2,28,18,30,2,0,17,9370,26,0.1,2
2005,2,28,19,30,0,0,17,9380,25,0.2,0
2005,2,28,20,30,0,0,16,9380,24,0.2,0
2005,2,28,21,30,0,0,15,9390,24,0.2,0
2005,2,28,22,30,0,0,15,9380,23,0.2,0
2005,2,28,23,30,0,0,15,9380,23,0.2,0
2013,3,1,0,30,0,0,16,9380,23,0.1,0
2013,3,1,1,30,0,0,16,9380,22,0.1,0
2013,3,1,2,30,0,0,16,9370,22,0.1,0
2013,3,1,3,30,0,0,16,9370,22,0.1,0
2013,3,1,4,30,0,0,16,9380,22,0.1,0
2013,3,1,5,30,0,0,10,9390,19,0.30000000000000004,0
2013,3,1,6,30,0,0,10,9400,19,0.30000000000000004,0
2013,3,1,7,30,59,67,10,9410,22,0.30000000000000004,68
2013,3,1,8,30,167,372,10,9420,27,0.30000000000000004,304
2013,3,1,9,30,180,624,8,9420,32,0.30000000000000004,537
2013,3,1,10,30,207,715,8,9410,34,0.30000000000000004,733
2013,3,1,11,30,222,764,8,9400,36,0.2,869
2013,3,1,12,30,229,783,8,9390,37,0.2,931
2013,3,1,13,30,227,777,8,9380,37,0.1,913
2013,3,1,14,30,217,745,8,9370,37,0.1,817
2013,3,1,15,30,197,681,7,9370,35,0.2,654
2013,3,1,16,30,164,564,7,9370,33,0.2,439
2013,3,1,17,30,120,266,7,9380,30,0.2,192
2013,3,1,18,30,2,0,9,9380,28,0.2,2
2013,3,1,19,30,0,0,8,9390,27,0.30000000000000004,0
2013,3,1,20,30,0,0,8,9400,26,0.30000000000000004,0
2013,3,1,21,30,0,0,8,9400,25,0.30000000000000004,0
2013,3,1,22,30,0,0,8,9400,24,0.30000000000000004,0
2013,3,1,23,30,0,0,8,9400,23,0.30000000000000004,0
2013,3,2,0,30,0,0,8,9400,22,0.30000000000000004,0
2013,3,2,1,30,0,0,8,9390,21,0.30000000000000004,0
2013,3,2,2,30,0,0,7,9390,20,0.30000000000000004,0
2013,3,2,3,30,0,0,7,9390,19,0.30000000000000004,0
2013,3,2,4,30,0,0,7,9390,19,0.30000000000000004,0
2013,3,2,5,30,0,0,7,9400,18,0.30000000000000004,0
2013,3,2,6,30,0,0,7,9410,19,0.30000000000000004,0
2013,3,2,7,30,62,59,7,9420,22,0.30000000000000004,71
2013,3,2,8,30,165,395,7,9420,27,0.30000000000000004,312
2013,3,2,9,30,183,632,5,9430,32,0.30000000000000004,547
2013,3,2,10,30,209,727,5,9420,35,0.2,747
2013,3,2,11,30,224,776,5,9410,37,0.2,883
2013,3,2,12,30,230,785,5,9400,38,0.1,936
2013,3,2,13,30,229,789,4,9390,38,0.1,928
2013,3,2,14,30,223,736,4,9380,37,0.1,818
2013,3,2,15,30,199,694,4,9380,36,0.2,666
2013,3,2,16,30,181,542,3,9380,34,0.2,447
2013,3,2,17,30,121,269,5,9390,30,0.2,194
2013,3,2,18,30,2,0,7,9400,28,0.2,2
2013,3,2,19,30,0,0,6,9410,26,0.2,0
2013,3,2,20,30,0,0,6,9410,25,0.30000000000000004,0
2013,3,2,21,30,0,0,5,9410,24,0.30000000000000004,0
2013,3,2,22,30,0,0,5,9410,23,0.30000000000000004,0
2013,3,2,23,30,0,0,4,9410,22,0.30000000000000004,0
2013,3,3,0,30,0,0,3,9400,21,0.30000000000000004,0
2013,3,3,1,30,0,0,2,9400,21,0.30000000000000004,0
2013,3,3,2,30,0,0,2,9390,20,0.30000000000000004,0
2013,3,3,3,30,0,0,2,9390,19,0.30000000000000004,0
2013,3,3,4,30,0,0,2,9400,18,0.30000000000000004,0
2013,3,3,5,30,0,0,2,9400,18,0.30000000000000004,0
2013,3,3,6,30,0,0,2,9410,18,0.30000000000000004,0
2013,3,3,7,30,61,84,1,9420,22,0.30000000000000004,73
2013,3,3,8,30,166,400,2,9430,27,0.2,316
2013,3,3,9,30,183,633,0,9430,32,0.2,550
2013,3,3,10,30,199,740,-1,9420,35,0.2,748
2013,3,3,11,30,215,782,-1,9410,37,0.2,882
2013,3,3,12,30,228,789,-1,9400,38,0.1,940
2013,3,3,13,30,229,778,-2,9380,38,0.1,920
2013,3,3,14,30,260,673,-2,9370,38,0.1,806
2013,3,3,15,30,203,686,-3,9370,36,0.2,666
2013,3,3,16,30,182,543,-4,9370,34,0.2,449
2013,3,3,17,30,121,273,0,9380,30,0.2,196
2013,3,3,18,30,2,0,2,9390,27,0.2,2
2013,3,3,19,30,0,0,1,9400,26,0.30000000000000004,0
2013,3,3,20,30,0,0,1,9400,25,0.30000000000000004,0
2013,3,3,21,30,0,0,1,9410,24,0.30000000000000004,0
2013,3,3,22,30,0,0,1,9410,22,0.30000000000000004,0
2013,3,3,23,30,0,0,1,9410,21,0.30000000000000004,0
2013,3,4,0,30,0,0,0,9400,20,0.30000000000000004,0
2013,3,4,1,30,0,0,0,9400,20,0.4,0
2013,3,4,2,30,0,0,0,9390,19,0.4,0
2013,3,4,3,30,0,0,0,9390,18,0.4,0
2013,3,4,4,30,0,0,0,9390,17,0.4,0
2013,3,4,5,30,0,0,0,9390,17,0.4,0
2013,3,4,6,30,0,0,1,9400,18,0.4,0
2013,3,4,7,30,63,91,1,9410,21,0.30000000000000004,76
2013,3,4,8,30,168,403,2,9420,27,0.2,320
2013,3,4,9,30,184,635,0,9420,32,0.30000000000000004,554
2013,3,4,10,30,204,730,-1,9420,35,0.2,748
2013,3,4,11,30,214,785,-1,9410,37,0.2,886
2013,3,4,12,30,227,792,-1,9400,38,0.1,944
2013,3,4,13,30,218,801,-2,9390,38,0.1,931
2013,3,4,14,30,233,718,-2,9380,37,0.1,817
2013,3,4,15,30,192,704,-3,9370,36,0.1,669
2013,3,4,16,30,182,544,-3,9370,33,0.1,451
2013,3,4,17,30,122,277,1,9370,30,0.1,198
2013,3,4,18,30,2,0,5,9380,27,0.2,2
2013,3,4,19,30,0,0,5,9390,26,0.2,0
2013,3,4,20,30,0,0,3,9400,25,0.2,0
2013,3,4,21,30,0,0,3,9400,24,0.2,0
2013,3,4,22,30,0,0,3,9400,23,0.2,0
2013,3,4,23,30,0,0,3,9400,23,0.2,0
2013,3,5,0,30,0,0,2,9390,22,0.2,0
2013,3,5,1,30,0,0,1,9380,21,0.30000000000000004,0
2013,3,5,2,30,0,0,0,9380,20,0.30000000000000004,0
2013,3,5,3,30,0,0,0,9380,19,0.30000000000000004,0
2013,3,5,4,30,0,0,0,9380,18,0.4,0
2013,3,5,5,30,0,0,1,9390,18,0.4,0
2013,3,5,6,30,0,0,2,9400,18,0.4,0
2013,3,5,7,30,66,117,4,9410,21,0.30000000000000004,84
2013,3,5,8,30,147,462,5,9420,27,0.30000000000000004,323
2013,3,5,9,30,185,637,5,9420,32,0.30000000000000004,558
2013,3,5,10,30,200,743,3,9410,35,0.30000000000000004,756
2013,3,5,11,30,213,788,3,9400,37,0.2,890
2013,3,5,12,30,222,807,2,9390,38,0.2,955
2013,3,5,13,30,227,785,2,9380,38,0.2,928
2013,3,5,14,30,221,746,1,9370,37,0.2,829
2013,3,5,15,30,201,704,1,9370,36,0.2,679
2013,3,5,16,30,182,545,1,9370,34,0.2,452
2013,3,5,17,30,122,280,3,9380,31,0.2,199
2013,3,5,18,30,2,0,6,9380,28,0.2,2
2013,3,5,19,30,0,0,6,9390,27,0.30000000000000004,0
2013,3,5,20,30,0,0,6,9400,26,0.30000000000000004,0
2013,3,5,21,30,0,0,6,9400,25,0.30000000000000004,0
2013,3,5,22,30,0,0,6,9400,24,0.30000000000000004,0
2013,3,5,23,30,0,0,5,9400,23,0.30000000000000004,0
2013,3,6,0,30,0,0,5,9390,22,0.30000000000000004,0
2013,3,6,1,30,0,0,5,9380,21,0.30000000000000004,0
2013,3,6,2,30,0,0,5,9380,20,0.30000000000000004,0
2013,3,6,3,30,0,0,6,9380,19,0.4,0
2013,3,6,4,30,0,0,6,9380,19,0.4,0
2013,3,6,5,30,0,0,7,9390,19,0.4,0
2013,3,6,6,30,0,0,8,9400,19,0.4,0
2013,3,6,7,30,66,104,9,9410,23,0.30000000000000004,82
2013,3,6,8,30,171,395,10,9420,28,0.30000000000000004,323
2013,3,6,9,30,187,631,8,9420,32,0.30000000000000004,559
2013,3,6,10,30,210,731,8,9410,35,0.30000000000000004,760
2013,3,6,11,30,225,778,7,9410,37,0.2,896
2013,3,6,12,30,231,796,6,9390,38,0.2,957
2013,3,6,13,30,229,790,5,9390,38,0.2,937
2013,3,6,14,30,218,751,4,9380,38,0.2,832
2013,3,6,15,30,200,695,3,9380,36,0.2,673
2013,3,6,16,30,182,546,3,9380,34,0.2,454
2013,3,6,17,30,114,314,4,9380,31,0.2,201
2013,3,6,18,30,2,0,7,9390,28,0.2,2
2013,3,6,19,30,0,0,7,9400,27,0.2,0
2013,3,6,20,30,0,0,8,9400,26,0.2,0
2013,3,6,21,30,0,0,8,9400,25,0.2,0
2013,3,6,22,30,0,0,8,9400,25,0.2,0
2013,3,6,23,30,0,0,8,9400,24,0.2,0
2013,3,7,0,30,0,0,8,9390,23,0.2,0
2013,3,7,1,30,0,0,7,9380,22,0.2,0
2013,3,7,2,30,0,0,7,9380,22,0.2,0
2013,3,7,3,30,0,0,7,9380,21,0.30000000000000004,0
2013,3,7,4,30,0,0,7,9380,20,0.30000000000000004,0
2013,3,7,5,30,0,0,8,9390,19,0.30000000000000004,0
2013,3,7,6,30,0,0,8,9400,20,0.30000000000000004,0
2013,3,7,7,30,69,111,9,9410,23,0.30000000000000004,86
2013,3,7,8,30,172,401,10,9410,28,0.30000000000000004,327
2013,3,7,9,30,184,638,10,9420,33,0.30000000000000004,561
2013,3,7,10,30,210,724,9,9420,35,0.30000000000000004,756
2013,3,7,11,30,224,769,9,9410,37,0.30000000000000004,890
2013,3,7,12,30,230,787,8,9400,38,0.2,949
2013,3,7,13,30,228,780,8,9380,38,0.2,929
2013,3,7,14,30,218,748,8,9380,38,0.2,831
2013,3,7,15,30,198,683,7,9370,37,0.2,665
2013,3,7,16,30,165,567,7,9380,35,0.2,448
2013,3,7,17,30,114,318,8,9380,32,0.2,203
2013,3,7,18,30,2,0,11,9390,29,0.2,2
2013,3,7,19,30,0,0,11,9400,28,0.2,0
2013,3,7,20,30,0,0,11,9410,27,0.2,0
2013,3,7,21,30,0,0,11,9410,27,0.2,0
2013,3,7,22,30,0,0,11,9400,26,0.2,0
2013,3,7,23,30,0,0,10,9400,25,0.2,0
2013,3,8,0,30,0,0,10,9390,25,0.2,0
2013,3,8,1,30,0,0,9,9380,24,0.2,0
2013,3,8,2,30,0,0,8,9380,23,0.30000000000000004,0
2013,3,8,3,30,0,0,8,9380,22,0.30000000000000004,0
2013,3,8,4,30,0,0,8,9380,21,0.30000000000000004,0
2013,3,8,5,30,0,0,8,9390,20,0.4,0
2013,3,8,6,30,0,0,9,9400,21,0.4,0
2013,3,8,7,30,70,118,11,9410,24,0.30000000000000004,89
2013,3,8,8,30,140,476,13,9410,29,0.30000000000000004,325
2013,3,8,9,30,183,629,14,9410,33,0.30000000000000004,557
2013,3,8,10,30,208,714,13,9410,36,0.2,749
2013,3,8,11,30,223,758,12,9400,38,0.1,881
2013,3,8,12,30,229,775,11,9390,39,0.1,939
2013,3,8,13,30,226,768,11,9380,39,0,918
2013,3,8,14,30,216,735,11,9370,38,0,820
2013,3,8,15,30,196,671,10,9370,36,0,656
2013,3,8,16,30,163,556,10,9370,34,0,442
2013,3,8,17,30,108,350,14,9370,32,0,205
2013,3,8,18,30,2,0,18,9380,30,0,2
2013,3,8,19,30,0,0,15,9390,29,0.1,0
2013,3,8,20,30,0,0,14,9400,29,0.1,0
2013,3,8,21,30,0,0,14,9400,28,0.2,0
2013,3,8,22,30,0,0,14,9410,27,0.2,0
2013,3,8,23,30,0,0,15,9400,27,0.2,0
2013,3,9,0,30,0,0,15,9390,26,0.2,0
2013,3,9,1,30,0,0,15,9390,25,0.2,0
2013,3,9,2,30,0,0,16,9380,24,0.1,0
2013,3,9,3,30,0,0,15,9380,23,0.1,0
2013,3,9,4,30,0,0,16,9380,22,0.1,0
2013,3,9,5,30,0,0,16,9390,22,0.1,0
2013,3,9,6,30,0,0,17,9400,22,0.1,0
2013,3,9,7,30,72,125,16,9400,25,0,92
2013,3,9,8,30,141,479,10,9410,31,0,329
2013,3,9,9,30,184,633,9,9410,35,0,562
2013,3,9,10,30,209,719,9,9400,38,0,757
2013,3,9,11,30,224,766,8,9390,39,0,891
2013,3,9,12,30,230,784,8,9380,40,0,951
2013,3,9,13,30,228,779,7,9370,40,0.1,932
2013,3,9,14,30,218,748,7,9360,39,0.1,835
2013,3,9,15,30,198,685,6,9360,38,0.1,669
2013,3,9,16,30,166,571,5,9350,35,0.1,452
2013,3,9,17,30,125,266,6,9360,32,0.2,200
2013,3,9,18,30,2,0,7,9360,30,0.30000000000000004,2
2013,3,9,19,30,0,0,6,9370,28,0.30000000000000004,0
2013,3,9,20,30,0,0,6,9380,26,0.30000000000000004,0
2013,3,9,21,30,0,0,6,9390,25,0.30000000000000004,0
2013,3,9,22,30,0,0,6,9390,24,0.30000000000000004,0
2013,3,9,23,30,0,0,5,9380,23,0.30000000000000004,0
2013,3,10,0,30,0,0,5,9380,22,0.30000000000000004,0
2013,3,10,1,30,0,0,4,9370,21,0.30000000000000004,0
2013,3,10,2,30,0,0,3,9360,21,0.30000000000000004,0
2013,3,10,3,30,0,0,3,9360,20,0.2,0
2013,3,10,4,30,0,0,3,9360,20,0.2,0
2013,3,10,5,30,0,0,3,9370,20,0.2,0
2013,3,10,6,30,0,0,4,9370,20,0.2,0
2013,3,10,7,30,73,133,2,9380,24,0.2,95
2013,3,10,8,30,157,446,1,9390,29,0.2,334
2013,3,10,9,30,193,628,1,9390,33,0.2,571
2013,3,10,10,30,228,699,1,9380,36,0.2,763
2013,3,10,11,30,226,781,1,9370,38,0.2,908
2013,3,10,12,30,232,799,1,9360,39,0.2,968
2013,3,10,13,30,230,793,2,9350,39,0.2,948
2013,3,10,14,30,220,762,2,9340,38,0.2,850
2013,3,10,15,30,205,691,2,9340,36,0.30000000000000004,681
2013,3,10,16,30,184,550,1,9340,34,0.30000000000000004,461
2013,3,10,17,30,126,242,1,9350,31,0.4,195
2013,3,10,18,30,2,0,2,9360,28,0.4,2
2013,3,10,19,30,0,0,2,9370,26,0.4,0
2013,3,10,20,30,0,0,2,9380,24,0.30000000000000004,0
2013,3,10,21,30,0,0,3,9380,23,0.30000000000000004,0
2013,3,10,22,30,0,0,4,9380,22,0.2,0
2013,3,10,23,30,0,0,4,9380,21,0.2,0
2013,3,11,0,30,0,0,5,9370,21,0.2,0
2013,3,11,1,30,0,0,5,9370,20,0.2,0
2013,3,11,2,30,0,0,5,9360,20,0.1,0
2013,3,11,3,30,0,0,5,9360,20,0.1,0
2013,3,11,4,30,0,0,4,9360,20,0.1,0
2013,3,11,5,30,0,0,6,9360,19,0.1,0
2013,3,11,6,30,0,0,6,9370,20,0,0
2013,3,11,7,30,72,71,6,9380,23,0,84
2013,3,11,8,30,172,402,4,9390,29,0.1,333
2013,3,11,9,30,186,648,5,9400,34,0.1,578
2013,3,11,10,30,211,731,5,9400,36,0.1,773
2013,3,11,11,30,226,775,5,9390,38,0.1,906
2013,3,11,12,30,231,792,6,9380,38,0.2,964
2013,3,11,13,30,229,785,6,9370,38,0.2,942
2013,3,11,14,30,219,753,6,9360,37,0.2,843
2013,3,11,15,30,199,690,6,9350,36,0.2,676
2013,3,11,16,30,166,575,6,9350,33,0.2,457
2013,3,11,17,30,111,367,6,9360,30,0.30000000000000004,215
2013,3,11,18,30,3,0,7,9370,28,0.30000000000000004,3
2013,3,11,19,30,0,0,8,9380,26,0.4,0
2013,3,11,20,30,0,0,10,9390,24,0.30000000000000004,0
2013,3,11,21,30,0,0,11,9400,23,0.30000000000000004,0
2013,3,11,22,30,0,0,12,9400,22,0.2,0
2013,3,11,23,30,0,0,12,9390,21,0.2,0
2013,3,12,0,30,0,0,12,9380,21,0.1,0
2013,3,12,1,30,0,0,12,9380,20,0.1,0
2013,3,12,2,30,0,0,12,9370,20,0.1,0
2013,3,12,3,30,0,0,13,9370,20,0.1,0
2013,3,12,4,30,0,0,12,9370,20,0.1,0
2013,3,12,5,30,0,0,12,9380,20,0.1,0
2013,3,12,6,30,0,0,12,9380,20,0.1,0
2013,3,12,7,30,78,79,10,9390,24,0.1,92
2013,3,12,8,30,143,489,8,9400,29,0.1,340
2013,3,12,9,30,185,639,7,9400,33,0.1,574
2013,3,12,10,30,210,722,8,9400,36,0.1,767
2013,3,12,11,30,225,767,8,9390,37,0.1,899
2013,3,12,12,30,230,784,8,9380,38,0.2,957
2013,3,12,13,30,228,778,8,9370,38,0.2,936
2013,3,12,14,30,218,746,8,9360,37,0.2,838
2013,3,12,15,30,198,683,8,9350,36,0.2,672
2013,3,12,16,30,166,571,7,9350,34,0.30000000000000004,455
2013,3,12,17,30,115,333,8,9360,31,0.30000000000000004,210
2013,3,12,18,30,3,0,8,9370,28,0.30000000000000004,3
2013,3,12,19,30,0,0,8,9380,26,0.4,0
2013,3,12,20,30,0,0,9,9390,24,0.30000000000000004,0
2013,3,12,21,30,0,0,9,9400,23,0.30000000000000004,0
2013,3,12,22,30,0,0,9,9400,22,0.2,0
2013,3,12,23,30,0,0,9,9390,21,0.2,0
2013,3,13,0,30,0,0,9,9390,21,0.2,0
2013,3,13,1,30,0,0,9,9380,20,0.1,0
2013,3,13,2,30,0,0,9,9370,20,0.1,0
2013,3,13,3,30,0,0,9,9370,20,0.1,0
2013,3,13,4,30,0,0,8,9380,19,0.1,0
2013,3,13,5,30,0,0,9,9390,19,0.1,0
2013,3,13,6,30,0,0,9,9390,20,0.1,0
2013,3,13,7,30,77,132,8,9400,24,0.1,100
2013,3,13,8,30,144,489,6,9400,29,0.1,342
2013,3,13,9,30,185,638,5,9400,33,0.1,575
2013,3,13,10,30,210,721,6,9400,36,0.1,768
2013,3,13,11,30,225,766,6,9390,38,0.1,900
2013,3,13,12,30,230,783,6,9370,38,0.1,959
2013,3,13,13,30,228,777,6,9360,38,0.1,938
2013,3,13,14,30,218,746,6,9350,37,0.2,839
2013,3,13,15,30,198,683,6,9350,35,0.2,673
2013,3,13,16,30,247,232,6,9350,33,0.30000000000000004,365
2013,3,13,17,30,120,275,6,9360,30,0.4,199
2013,3,13,18,30,3,0,6,9370,27,0.4,3
2013,3,13,19,30,0,0,7,9380,25,0.30000000000000004,0
2013,3,13,20,30,0,0,8,9390,23,0.30000000000000004,0
2013,3,13,21,30,0,0,9,9400,22,0.2,0
2013,3,13,22,30,0,0,10,9390,21,0.2,0
2013,3,13,23,30,0,0,10,9390,20,0.2,0
2013,3,14,0,30,0,0,10,9380,20,0.2,0
2013,3,14,1,30,0,0,11,9370,19,0.2,0
2013,3,14,2,30,0,0,11,9370,19,0.2,0
2013,3,14,3,30,0,0,11,9370,18,0.2,0
2013,3,14,4,30,0,0,11,9370,18,0.2,0
2013,3,14,5,30,0,0,11,9380,18,0.2,0
2013,3,14,6,30,0,0,11,9390,19,0.2,0
2013,3,14,7,30,81,149,10,9390,22,0.2,108
2013,3,14,8,30,145,494,7,9400,28,0.2,347
2013,3,14,9,30,186,641,5,9400,33,0.1,580
2013,3,14,10,30,211,724,6,9390,36,0.1,773
2013,3,14,11,30,225,768,6,9390,38,0,905
2013,3,14,12,30,231,785,7,9370,39,0,963
2013,3,14,13,30,228,778,7,9360,39,0.1,941
2013,3,14,14,30,218,747,7,9350,38,0.1,842
2013,3,14,15,30,199,684,7,9350,36,0.1,675
2013,3,14,16,30,166,571,7,9350,35,0.2,457
2013,3,14,17,30,121,53,7,9350,32,0.2,137
2013,3,14,18,30,3,0,8,9370,29,0.30000000000000004,3
2013,3,14,19,30,0,0,9,9380,27,0.30000000000000004,0
2013,3,14,20,30,0,0,10,9390,25,0.30000000000000004,0
2013,3,14,21,30,0,0,11,9390,24,0.30000000000000004,0
2013,3,14,22,30,0,0,11,9390,23,0.30000000000000004,0
2013,3,14,23,30,0,0,11,9390,22,0.30000000000000004,0
2013,3,15,0,30,0,0,11,9380,21,0.2,0
2013,3,15,1,30,0,0,10,9370,21,0.2,0
2013,3,15,2,30,0,0,10,9370,21,0.2,0
2013,3,15,3,30,0,0,9,9370,21,0.2,0
2013,3,15,4,30,0,0,8,9380,20,0.30000000000000004,0
2013,3,15,5,30,0,0,8,9380,20,0.30000000000000004,0
2013,3,15,6,30,0,0,7,9390,21,0.30000000000000004,0
2013,3,15,7,30,83,156,6,9400,25,0.30000000000000004,111
2013,3,15,8,30,146,499,5,9400,30,0.30000000000000004,352
2013,3,15,9,30,187,646,4,9400,34,0.30000000000000004,586
2013,3,15,10,30,212,729,4,9400,36,0.30000000000000004,780
2013,3,15,11,30,226,773,5,9390,38,0.2,912
2013,3,15,12,30,270,740,5,9370,40,0.1,962
2013,3,15,13,30,229,783,5,9360,40,0,947
2013,3,15,14,30,219,750,5,9360,39,0,846
2013,3,15,15,30,199,686,5,9350,38,0,678
2013,3,15,16,30,166,573,5,9350,36,0,459
2013,3,15,17,30,128,253,6,9360,33,0.1,201
2013,3,15,18,30,3,0,7,9370,30,0.2,3
2013,3,15,19,30,0,0,7,9380,29,0.30000000000000004,0
2013,3,15,20,30,0,0,8,9390,27,0.30000000000000004,0
2013,3,15,21,30,0,0,9,9390,26,0.30000000000000004,0
2013,3,15,22,30,0,0,9,9390,24,0.2,0
2013,3,15,23,30,0,0,9,9390,24,0.2,0
2013,3,16,0,30,0,0,9,9380,23,0.2,0
2013,3,16,1,30,0,0,9,9380,22,0.2,0
2013,3,16,2,30,0,0,8,9370,22,0.2,0
2013,3,16,3,30,0,0,8,9370,22,0.2,0
2013,3,16,4,30,0,0,8,9380,21,0.2,0
2013,3,16,5,30,0,0,8,9390,20,0.2,0
2013,3,16,6,30,0,0,9,9400,21,0.1,0
2013,3,16,7,30,67,15,8,9400,25,0.1,70
2013,3,16,8,30,200,275,9,9410,30,0,315
2013,3,16,9,30,186,640,8,9410,34,0,584
2013,3,16,10,30,211,721,8,9410,37,0.1,776
2013,3,16,11,30,225,765,7,9390,39,0.1,907
2013,3,16,12,30,230,782,7,9380,39,0.1,964
2013,3,16,13,30,228,776,7,9370,40,0.1,941
2013,3,16,14,30,356,579,7,9360,39,0.1,842
2013,3,16,15,30,120,0,7,9360,37,0.2,120
2013,3,16,16,30,84,0,8,9360,35,0.2,84
2013,3,16,17,30,39,0,8,9370,32,0.2,39
2013,3,16,18,30,3,0,9,9380,30,0.30000000000000004,3
2013,3,16,19,30,0,0,9,9390,28,0.30000000000000004,0
2013,3,16,20,30,0,0,10,9400,27,0.30000000000000004,0
2013,3,16,21,30,0,0,10,9410,25,0.2,0
2013,3,16,22,30,0,0,10,9410,25,0.2,0
2013,3,16,23,30,0,0,10,9410,24,0.1,0
2013,3,17,0,30,0,0,11,9400,24,0.1,0
2013,3,17,1,30,0,0,11,9390,24,0.1,0
2013,3,17,2,30,0,0,11,9380,23,0.1,0
2013,3,17,3,30,0,0,11,9380,23,0.1,0
2013,3,17,4,30,0,0,11,9390,23,0.1,0
2013,3,17,5,30,0,0,11,9390,23,0.1,0
2013,3,17,6,30,0,0,11,9400,24,0.1,0
2013,3,17,7,30,85,149,9,9410,27,0.1,113
2013,3,17,8,30,146,499,8,9410,32,0,356
2013,3,17,9,30,187,645,8,9410,35,0,590
2013,3,17,10,30,212,726,8,9400,38,0,783
2013,3,17,11,30,226,770,8,9400,39,0,914
2013,3,17,12,30,231,787,7,9380,40,0,971
2013,3,17,13,30,229,780,7,9370,40,0.1,948
2013,3,17,14,30,219,748,6,9360,40,0.1,847
2013,3,17,15,30,199,684,6,9350,38,0.1,678
2013,3,17,16,30,166,571,6,9350,35,0.2,460
2013,3,17,17,30,127,284,6,9360,33,0.30000000000000004,210
2013,3,17,18,30,3,0,6,9370,31,0.30000000000000004,3
2013,3,17,19,30,0,0,6,9380,29,0.30000000000000004,0
2013,3,17,20,30,0,0,6,9390,27,0.30000000000000004,0
2013,3,17,21,30,0,0,7,9400,26,0.30000000000000004,0
2013,3,17,22,30,0,0,7,9400,25,0.2,0
2013,3,17,23,30,0,0,8,9390,24,0.2,0
2013,3,18,0,30,0,0,8,9380,24,0.2,0
2013,3,18,1,30,0,0,9,9370,23,0.2,0
2013,3,18,2,30,0,0,9,9360,23,0.2,0
2013,3,18,3,30,0,0,9,9360,22,0.2,0
2013,3,18,4,30,0,0,10,9360,22,0.2,0
2013,3,18,5,30,0,0,11,9370,22,0.2,0
2013,3,18,6,30,0,0,12,9370,23,0.1,0
2013,3,18,7,30,86,156,12,9380,26,0.1,116
2013,3,18,8,30,147,500,12,9390,31,0.1,358
2013,3,18,9,30,187,644,11,9390,35,0.1,591
2013,3,18,10,30,212,725,10,9380,38,0.1,784
2013,3,18,11,30,225,769,9,9370,39,0.1,915
2013,3,18,12,30,231,785,9,9360,40,0.1,971
2013,3,18,13,30,229,778,9,9350,40,0.1,947
2013,3,18,14,30,218,746,8,9340,40,0.2,846
2013,3,18,15,30,199,682,8,9340,38,0.2,678
2013,3,18,16,30,166,570,8,9340,35,0.2,459
2013,3,18,17,30,130,233,9,9340,33,0.30000000000000004,198
2013,3,18,18,30,3,0,10,9360,31,0.4,3
2013,3,18,19,30,0,0,12,9370,29,0.4,0
2013,3,18,20,30,0,0,12,9380,27,0.4,0
2013,3,18,21,30,0,0,13,9380,26,0.30000000000000004,0
2013,3,18,22,30,0,0,13,9380,24,0.2,0
2013,3,18,23,30,0,0,14,9370,23,0.2,0
2013,3,19,0,30,0,0,14,9370,23,0.2,0
2013,3,19,1,30,0,0,14,9360,22,0.1,0
2013,3,19,2,30,0,0,15,9360,22,0.1,0
2013,3,19,3,30,0,0,15,9350,21,0.2,0
2013,3,19,4,30,0,0,15,9360,21,0.2,0
2013,3,19,5,30,0,0,15,9370,21,0.2,0
2013,3,19,6,30,0,0,14,9380,22,0.2,0
2013,3,19,7,30,87,142,12,9390,25,0.1,115
2013,3,19,8,30,148,508,6,9390,30,0.2,365
2013,3,19,9,30,188,651,4,9390,34,0.1,599
2013,3,19,10,30,213,732,4,9390,37,0.1,792
2013,3,19,11,30,227,775,4,9380,39,0,923
2013,3,19,12,30,232,792,4,9370,40,0.1,980
2013,3,19,13,30,230,785,4,9350,40,0.1,957
2013,3,19,14,30,219,754,4,9350,39,0.1,856
2013,3,19,15,30,200,692,4,9340,38,0.2,687
2013,3,19,16,30,215,472,4,9340,35,0.2,459
2013,3,19,17,30,129,108,4,9350,32,0.30000000000000004,161
2013,3,19,18,30,3,0,4,9360,29,0.4,3
2013,3,19,19,30,0,0,5,9370,27,0.4,0
2013,3,19,20,30,0,0,5,9380,25,0.30000000000000004,0
2013,3,19,21,30,0,0,6,9390,23,0.30000000000000004,0
2013,3,19,22,30,0,0,7,9390,23,0.2,0
2013,3,19,23,30,0,0,7,9390,22,0.2,0
2013,3,20,0,30,0,0,8,9380,21,0.2,0
2013,3,20,1,30,0,0,8,9380,21,0.1,0
2013,3,20,2,30,0,0,7,9370,21,0.1,0
2013,3,20,3,30,0,0,7,9370,21,0.1,0
2013,3,20,4,30,0,0,6,9370,21,0.1,0
2013,3,20,5,30,0,0,6,9380,21,0.1,0
2013,3,20,6,30,0,0,5,9380,22,0.1,0
2013,3,20,7,30,89,169,3,9390,25,0.1,123
2013,3,20,8,30,163,490,-2,9400,31,0.2,374
2013,3,20,9,30,190,663,-3,9400,34,0.2,610
2013,3,20,10,30,214,744,-1,9390,37,0.1,806
2013,3,20,11,30,228,787,0,9390,38,0.1,938
2013,3,20,12,30,234,804,0,9370,39,0.2,995
2013,3,20,13,30,231,797,0,9370,39,0.2,971
2013,3,20,14,30,221,766,0,9360,38,0.30000000000000004,869
2013,3,20,15,30,205,696,0,9360,36,0.30000000000000004,696
2013,3,20,16,30,186,556,0,9360,34,0.4,474
2013,3,20,17,30,117,351,0,9370,30,0.4,220
2013,3,20,18,30,5,0,0,9380,28,0.4,5
2013,3,20,19,30,0,0,0,9390,26,0.4,0
2013,3,20,20,30,0,0,0,9390,25,0.30000000000000004,0
2013,3,20,21,30,0,0,0,9400,23,0.30000000000000004,0
2013,3,20,22,30,0,0,1,9390,23,0.30000000000000004,0
2013,3,20,23,30,0,0,1,9390,22,0.2,0
2013,3,21,0,30,0,0,1,9380,21,0.2,0
2013,3,21,1,30,0,0,1,9370,21,0.2,0
2013,3,21,2,30,0,0,1,9370,20,0.2,0
2013,3,21,3,30,0,0,1,9360,20,0.2,0
2013,3,21,4,30,0,0,1,9370,19,0.2,0
2013,3,21,5,30,0,0,1,9370,19,0.2,0
2013,3,21,6,30,0,0,1,9380,20,0.2,0
2013,3,21,7,30,91,155,0,9390,24,0.2,122
2013,3,21,8,30,163,494,0,9390,30,0.1,377
2013,3,21,9,30,193,660,2,9390,35,0.1,614
2013,3,21,10,30,215,746,2,9380,38,0,810
2013,3,21,11,30,228,787,2,9370,40,0,940
2013,3,21,12,30,234,803,2,9360,41,0,996
2013,3,21,13,30,231,795,2,9340,41,0,971
2013,3,21,14,30,221,764,2,9330,40,0,868
2013,3,21,15,30,201,701,2,9330,38,0.1,696
2013,3,21,16,30,169,588,2,9330,36,0.1,473
2013,3,21,17,30,117,353,2,9340,33,0.2,221
2013,3,21,18,30,4,0,3,9350,30,0.30000000000000004,4
2013,3,21,19,30,0,0,3,9360,28,0.30000000000000004,0
2013,3,21,20,30,0,0,4,9370,26,0.30000000000000004,0
2013,3,21,21,30,0,0,5,9370,24,0.30000000000000004,0
2013,3,21,22,30,0,0,5,9370,23,0.30000000000000004,0
2013,3,21,23,30,0,0,5,9370,22,0.2,0
2013,3,22,0,30,0,0,5,9360,21,0.2,0
2013,3,22,1,30,0,0,5,9350,20,0.2,0
2013,3,22,2,30,0,0,5,9350,20,0.2,0
2013,3,22,3,30,0,0,4,9340,20,0.2,0
2013,3,22,4,30,0,0,4,9340,19,0.2,0
2013,3,22,5,30,0,0,4,9350,19,0.2,0
2013,3,22,6,30,0,0,4,9360,21,0.2,0
2013,3,22,7,30,93,104,2,9360,25,0.1,115
2013,3,22,8,30,188,430,1,9370,31,0.1,376
2013,3,22,9,30,194,661,0,9370,35,0.1,617
2013,3,22,10,30,215,746,0,9360,39,0.1,812
2013,3,22,11,30,228,787,0,9350,41,0,942
2013,3,22,12,30,380,578,1,9340,42,0,930
2013,3,22,13,30,248,773,1,9330,41,0.1,968
2013,3,22,14,30,284,681,1,9320,40,0.1,862
2013,3,22,15,30,348,294,2,9320,39,0.2,556
2013,3,22,16,30,169,588,3,9320,36,0.30000000000000004,474
2013,3,22,17,30,129,294,5,9330,33,0.4,216
2013,3,22,18,30,6,0,8,9340,29,0.4,6
2013,3,22,19,30,0,0,12,9350,27,0.4,0
2013,3,22,20,30,0,0,14,9360,25,0.4,0
2013,3,22,21,30,0,0,15,9370,23,0.30000000000000004,0
2013,3,22,22,30,0,0,16,9360,23,0.2,0
2013,3,22,23,30,0,0,16,9360,22,0.2,0
2013,3,23,0,30,0,0,16,9350,22,0.2,0
2013,3,23,1,30,0,0,16,9340,21,0.1,0
2013,3,23,2,30,0,0,16,9340,21,0.1,0
2013,3,23,3,30,0,0,16,9330,21,0.1,0
2013,3,23,4,30,0,0,16,9340,20,0.1,0
2013,3,23,5,30,0,0,16,9350,20,0.1,0
2013,3,23,6,30,0,0,17,9360,21,0.2,0
2013,3,23,7,30,90,207,16,9370,23,0.2,133
2013,3,23,8,30,177,423,14,9370,26,0.2,363
2013,3,23,9,30,189,650,12,9370,30,0.2,607
2013,3,23,10,30,212,728,10,9370,34,0.1,797
2013,3,23,11,30,375,441,9,9360,36,0.1,776
2013,3,23,12,30,320,690,8,9350,38,0.1,978
2013,3,23,13,30,229,778,8,9340,39,0.1,955
2013,3,23,14,30,218,746,8,9330,38,0.2,852
2013,3,23,15,30,229,634,8,9330,37,0.2,679
2013,3,23,16,30,166,570,9,9330,34,0.30000000000000004,463
2013,3,23,17,30,129,296,9,9340,32,0.30000000000000004,217
2013,3,23,18,30,5,0,10,9350,29,0.4,5
2013,3,23,19,30,0,0,11,9370,27,0.4,0
2013,3,23,20,30,0,0,11,9380,25,0.30000000000000004,0
2013,3,23,21,30,0,0,12,9380,24,0.2,0
2013,3,23,22,30,0,0,12,9380,23,0.2,0
2013,3,23,23,30,0,0,12,9380,22,0.2,0
2013,3,24,0,30,0,0,12,9370,21,0.1,0
2013,3,24,1,30,0,0,12,9360,21,0.1,0
2013,3,24,2,30,0,0,12,9360,20,0.2,0
2013,3,24,3,30,0,0,11,9360,20,0.2,0
2013,3,24,4,30,0,0,11,9360,20,0.2,0
2013,3,24,5,30,0,0,11,9370,20,0.2,0
2013,3,24,6,30,0,0,11,9380,21,0.2,0
2013,3,24,7,30,91,95,11,9390,23,0.2,111
2013,3,24,8,30,150,510,9,9400,27,0.1,376
2013,3,24,9,30,218,594,8,9390,32,0.1,602
2013,3,24,10,30,212,723,8,9390,36,0.1,795
2013,3,24,11,30,225,765,8,9380,39,0,923
2013,3,24,12,30,231,781,8,9370,40,0,977
2013,3,24,13,30,228,774,7,9350,40,0.1,952
2013,3,24,14,30,218,743,7,9340,40,0.1,850
2013,3,24,15,30,198,680,7,9340,38,0.1,682
2013,3,24,16,30,166,570,7,9340,36,0.1,463
2013,3,24,17,30,129,298,8,9340,34,0.1,218
2013,3,24,18,30,5,0,9,9350,31,0.2,5
2013,3,24,19,30,0,0,9,9360,30,0.30000000000000004,0
2013,3,24,20,30,0,0,9,9370,29,0.30000000000000004,0
2013,3,24,21,30,0,0,10,9370,28,0.2,0
2013,3,24,22,30,0,0,10,9370,27,0.2,0
2013,3,24,23,30,0,0,11,9370,26,0.2,0
2013,3,25,0,30,0,0,11,9370,25,0.2,0
2013,3,25,1,30,0,0,10,9360,25,0.2,0
2013,3,25,2,30,0,0,9,9360,25,0.2,0
2013,3,25,3,30,0,0,9,9360,24,0.2,0
2013,3,25,4,30,0,0,8,9360,24,0.2,0
2013,3,25,5,30,0,0,8,9370,24,0.2,0
2013,3,25,6,30,0,0,8,9380,25,0.2,0
2013,3,25,7,30,93,220,8,9380,27,0.2,140
2013,3,25,8,30,189,334,8,9390,30,0.2,338
2013,3,25,9,30,253,480,8,9380,36,0.2,565
2013,3,25,10,30,212,722,8,9380,39,0.2,796
2013,3,25,11,30,379,538,9,9370,41,0.1,871
2013,3,25,12,30,230,778,9,9360,42,0.1,975
2013,3,25,13,30,228,770,9,9340,42,0.1,949
2013,3,25,14,30,0,0,8,9330,41,0.1,0
2013,3,25,15,30,198,675,8,9330,39,0.2,678
2013,3,25,16,30,253,248,9,9330,36,0.30000000000000004,383
2013,3,25,17,30,123,302,10,9330,33,0.30000000000000004,213
2013,3,25,18,30,4,0,10,9340,31,0.4,4
2013,3,25,19,30,0,0,11,9350,29,0.4,0
2013,3,25,20,30,0,0,11,9360,28,0.30000000000000004,0
2013,3,25,21,30,0,0,11,9370,26,0.30000000000000004,0
2013,3,25,22,30,0,0,11,9370,26,0.30000000000000004,0
2013,3,25,23,30,0,0,11,9360,25,0.2,0
2013,3,26,0,30,0,0,10,9350,25,0.2,0
2013,3,26,1,30,0,0,10,9350,24,0.2,0
2013,3,26,2,30,0,0,9,9340,24,0.2,0
2013,3,26,3,30,0,0,9,9340,24,0.2,0
2013,3,26,4,30,0,0,9,9340,24,0.2,0
2013,3,26,5,30,0,0,10,9350,23,0.2,0
2013,3,26,6,30,0,0,11,9360,24,0.1,0
2013,3,26,7,30,95,80,10,9360,27,0.1,113
2013,3,26,8,30,202,339,8,9370,32,0.2,355
2013,3,26,9,30,312,269,7,9370,36,0.2,488
2013,3,26,10,30,402,271,6,9360,38,0.2,622
2013,3,26,11,30,226,768,6,9360,40,0.2,929
2013,3,26,12,30,231,783,6,9350,41,0.2,983
2013,3,26,13,30,228,776,6,9340,41,0.2,957
2013,3,26,14,30,376,519,7,9330,40,0.2,820
2013,3,26,15,30,343,105,8,9320,38,0.30000000000000004,418
2013,3,26,16,30,166,568,9,9330,36,0.4,464
2013,3,26,17,30,134,137,10,9340,32,0.4,175
2013,3,26,18,30,6,0,12,9350,29,0.4,6
2013,3,26,19,30,0,0,14,9360,27,0.4,0
2013,3,26,20,30,0,0,15,9370,25,0.4,0
2013,3,26,21,30,0,0,15,9370,24,0.30000000000000004,0
2013,3,26,22,30,0,0,15,9370,23,0.30000000000000004,0
2013,3,26,23,30,0,0,15,9370,23,0.2,0
2013,3,27,0,30,0,0,15,9360,22,0.2,0
2013,3,27,1,30,0,0,15,9350,21,0.2,0
2013,3,27,2,30,0,0,15,9350,21,0.2,0
2013,3,27,3,30,0,0,16,9350,21,0.2,0
2013,3,27,4,30,0,0,16,9350,21,0.2,0
2013,3,27,5,30,0,0,16,9360,21,0.2,0
2013,3,27,6,30,0,0,17,9370,21,0.2,0
2013,3,27,7,30,98,132,15,9380,24,0.2,127
2013,3,27,8,30,198,383,12,9380,28,0.2,372
2013,3,27,9,30,189,648,9,9380,33,0.2,614
2013,3,27,10,30,212,725,7,9370,37,0.1,802
2013,3,27,11,30,226,766,7,9360,39,0.1,930
2013,3,27,12,30,231,783,7,9350,41,0.1,984
2013,3,27,13,30,229,776,7,9330,41,0,958
2013,3,27,14,30,218,746,6,9320,40,0,856
2013,3,27,15,30,199,684,6,9320,39,0.1,687
2013,3,27,16,30,167,574,6,9320,36,0.1,468
2013,3,27,17,30,113,377,7,9330,33,0.30000000000000004,226
2013,3,27,18,30,8,0,8,9340,30,0.30000000000000004,8
2013,3,27,19,30,0,0,9,9350,28,0.4,0
2013,3,27,20,30,0,0,10,9360,25,0.4,0
2013,3,27,21,30,0,0,11,9370,24,0.30000000000000004,0
2013,3,27,22,30,0,0,11,9370,22,0.30000000000000004,0
2013,3,27,23,30,0,0,11,9370,22,0.30000000000000004,0
2013,3,28,0,30,0,0,12,9370,21,0.30000000000000004,0
2013,3,28,1,30,0,0,12,9360,20,0.2,0
2013,3,28,2,30,0,0,12,9350,20,0.2,0
2013,3,28,3,30,0,0,13,9350,20,0.2,0
2013,3,28,4,30,0,0,13,9350,19,0.2,0
2013,3,28,5,30,0,0,13,9360,19,0.2,0
2013,3,28,6,30,0,0,13,9370,20,0.2,0
2013,3,28,7,30,100,159,12,9380,24,0.2,136
2013,3,28,8,30,152,517,9,9380,29,0.2,387
2013,3,28,9,30,190,649,8,9380,34,0.2,616
2013,3,28,10,30,212,724,8,9370,37,0.2,804
2013,3,28,11,30,225,764,8,9360,39,0.1,929
2013,3,28,12,30,230,779,8,9350,40,0.2,981
2013,3,28,13,30,228,771,9,9340,39,0.2,953
2013,3,28,14,30,217,739,9,9340,38,0.30000000000000004,850
2013,3,28,15,30,198,675,10,9330,37,0.30000000000000004,680
2013,3,28,16,30,256,219,11,9340,34,0.4,371
2013,3,28,17,30,129,306,12,9350,31,0.4,222
2013,3,28,18,30,5,0,13,9360,28,0.4,5
2013,3,28,19,30,0,0,13,9370,26,0.4,0
2013,3,28,20,30,0,0,12,9380,25,0.4,0
2013,3,28,21,30,0,0,12,9390,24,0.30000000000000004,0
2013,3,28,22,30,0,0,12,9380,23,0.30000000000000004,0
2013,3,28,23,30,0,0,12,9380,22,0.2,0
2013,3,29,0,30,0,0,12,9370,22,0.2,0
2013,3,29,1,30,0,0,12,9360,21,0.2,0
2013,3,29,2,30,0,0,12,9350,20,0.2,0
2013,3,29,3,30,0,0,12,9360,20,0.2,0
2013,3,29,4,30,0,0,12,9360,20,0.2,0
2013,3,29,5,30,0,0,12,9370,19,0.2,0
2013,3,29,6,30,0,0,12,9380,20,0.2,0
2013,3,29,7,30,102,208,10,9390,24,0.2,149
2013,3,29,8,30,153,522,8,9390,29,0.2,392
2013,3,29,9,30,190,653,8,9390,32,0.2,622
2013,3,29,10,30,213,728,7,9380,35,0.2,809
2013,3,29,11,30,226,767,8,9370,37,0.2,934
2013,3,29,12,30,231,782,8,9360,38,0.2,985
2013,3,29,13,30,228,774,8,9350,38,0.2,958
2013,3,29,14,30,218,743,8,9340,38,0.30000000000000004,856
2013,3,29,15,30,199,683,7,9340,36,0.30000000000000004,688
2013,3,29,16,30,167,575,6,9350,34,0.4,470
2013,3,29,17,30,117,369,5,9350,31,0.4,229
2013,3,29,18,30,9,0,4,9360,28,0.4,9
2013,3,29,19,30,0,0,4,9370,26,0.4,0
2013,3,29,20,30,0,0,4,9380,25,0.30000000000000004,0
2013,3,29,21,30,0,0,3,9380,23,0.30000000000000004,0
2013,3,29,22,30,0,0,3,9380,22,0.30000000000000004,0
2013,3,29,23,30,0,0,3,9370,22,0.30000000000000004,0
2013,3,30,0,30,0,0,4,9360,21,0.30000000000000004,0
2013,3,30,1,30,0,0,4,9350,20,0.30000000000000004,0
2013,3,30,2,30,0,0,4,9350,20,0.30000000000000004,0
2013,3,30,3,30,0,0,4,9350,19,0.2,0
2013,3,30,4,30,0,0,4,9350,19,0.2,0
2013,3,30,5,30,0,0,4,9360,18,0.2,0
2013,3,30,6,30,0,0,4,9370,20,0.2,0
2013,3,30,7,30,103,214,4,9370,24,0.2,153
2013,3,30,8,30,156,543,3,9380,30,0.2,407
2013,3,30,9,30,193,673,1,9380,34,0.1,639
2013,3,30,10,30,216,746,1,9370,37,0.1,829
2013,3,30,11,30,229,785,1,9370,39,0,955
2013,3,30,12,30,233,799,2,9360,41,0,1006
2013,3,30,13,30,231,791,2,9340,41,0,978
2013,3,30,14,30,220,760,3,9330,41,0,873
2013,3,30,15,30,201,698,3,9330,39,0.1,701
2013,3,30,16,30,169,589,2,9320,37,0.2,479
2013,3,30,17,30,117,371,3,9330,34,0.2,230
2013,3,30,18,30,10,0,3,9330,31,0.30000000000000004,10
2013,3,30,19,30,0,0,4,9340,29,0.4,0
2013,3,30,20,30,0,0,5,9350,27,0.4,0
2013,3,30,21,30,0,0,6,9360,25,0.30000000000000004,0
2013,3,30,22,30,0,0,6,9360,24,0.30000000000000004,0
2013,3,30,23,30,0,0,7,9360,23,0.30000000000000004,0
2013,3,31,0,30,0,0,7,9350,22,0.30000000000000004,0
2013,3,31,1,30,0,0,7,9350,22,0.30000000000000004,0
2013,3,31,2,30,0,0,6,9350,21,0.30000000000000004,0
2013,3,31,3,30,0,0,6,9350,21,0.2,0
2013,3,31,4,30,0,0,6,9350,21,0.2,0
2013,3,31,5,30,0,0,5,9360,20,0.2,0
2013,3,31,6,30,0,0,5,9370,22,0.2,0
2013,3,31,7,30,105,219,4,9370,26,0.2,156
2013,3,31,8,30,156,538,3,9380,32,0.2,406
2013,3,31,9,30,193,669,2,9370,36,0.2,638
2013,3,31,10,30,215,743,2,9370,39,0.1,827
2013,3,31,11,30,228,782,2,9360,41,0.1,953
2013,3,31,12,30,233,796,3,9350,43,0,1004
2013,3,31,13,30,230,788,3,9330,43,0,976
2013,3,31,14,30,220,756,3,9320,42,0.1,870
2013,3,31,15,30,200,694,3,9320,40,0.2,698
2013,3,31,16,30,168,583,3,9320,38,0.2,476
2013,3,31,17,30,118,372,4,9330,35,0.30000000000000004,231
2013,3,31,18,30,8,0,6,9340,31,0.4,8
2013,3,31,19,30,0,0,8,9350,29,0.4,0
2013,3,31,20,30,0,0,9,9360,27,0.30000000000000004,0
2013,3,31,21,30,0,0,10,9370,25,0.30000000000000004,0
2013,3,31,22,30,0,0,10,9360,24,0.30000000000000004,0
2013,3,31,23,30,0,0,10,9360,23,0.30000000000000004,0
2002,4,1,0,30,0,0,9,9360,22,0.2,0
2002,4,1,1,30,0,0,9,9350,22,0.2,0
2002,4,1,2,30,0,0,9,9350,21,0.2,0
2002,4,1,3,30,0,0,9,9340,21,0.2,0
2002,4,1,4,30,0,0,9,9350,20,0.2,0
2002,4,1,5,30,0,0,3,9380,21,0.2,0
2002,4,1,6,30,0,0,4,9390,23,0.2,0
2002,4,1,7,30,104,206,3,9400,27,0.1,153
2002,4,1,8,30,178,460,2,9400,33,0.2,393
2002,4,1,9,30,223,598,1,9400,37,0.2,623
2002,4,1,10,30,239,696,2,9400,39,0.2,814
2002,4,1,11,30,255,735,2,9390,41,0.2,938
2002,4,1,12,30,269,740,3,9380,42,0.2,987
2002,4,1,13,30,260,740,3,9360,41,0.2,961
2002,4,1,14,30,249,709,4,9360,40,0.30000000000000004,860
2002,4,1,15,30,233,627,6,9350,38,0.30000000000000004,684
2002,4,1,16,30,206,484,7,9350,36,0.4,462
2002,4,1,17,30,137,246,9,9360,33,0.4,212
2002,4,1,18,30,8,0,10,9380,30,0.4,8
2002,4,1,19,30,0,0,11,9390,28,0.4,0
2002,4,1,20,30,0,0,12,9400,26,0.30000000000000004,0
2002,4,1,21,30,0,0,12,9400,25,0.30000000000000004,0
2002,4,1,22,30,0,0,13,9400,24,0.30000000000000004,0
2002,4,1,23,30,0,0,14,9390,23,0.2,0
2002,4,2,0,30,0,0,15,9390,22,0.2,0
2002,4,2,1,30,0,0,16,9380,21,0.2,0
2002,4,2,2,30,0,0,17,9370,21,0.2,0
2002,4,2,3,30,0,0,18,9370,20,0.2,0
2002,4,2,4,30,0,0,18,9380,20,0.2,0
2002,4,2,5,30,0,0,18,9380,19,0.2,0
2002,4,2,6,30,0,0,18,9390,21,0.2,0
2002,4,2,7,30,109,177,17,9400,24,0.2,152
2002,4,2,8,30,179,462,13,9400,29,0.2,396
2002,4,2,9,30,224,599,11,9400,33,0.30000000000000004,626
2002,4,2,10,30,243,690,10,9400,36,0.30000000000000004,815
2002,4,2,11,30,265,720,10,9390,38,0.30000000000000004,935
2002,4,2,12,30,263,745,9,9380,39,0.30000000000000004,987
2002,4,2,13,30,272,720,9,9360,39,0.4,955
2002,4,2,14,30,248,702,9,9350,38,0.4,853
2002,4,2,15,30,225,634,10,9350,36,0.4,682
2002,4,2,16,30,189,516,10,9350,34,0.4,462
2002,4,2,17,30,137,247,11,9350,31,0.4,213
2002,4,2,18,30,10,0,12,9360,28,0.4,10
2002,4,2,19,30,0,0,13,9370,26,0.30000000000000004,0
2002,4,2,20,30,0,0,15,9380,25,0.30000000000000004,0
2002,4,2,21,30,0,0,16,9380,24,0.2,0
2002,4,2,22,30,0,0,17,9380,23,0.2,0
2002,4,2,23,30,0,0,18,9370,22,0.2,0
2002,4,3,0,30,0,0,19,9370,21,0.2,0
2002,4,3,1,30,0,0,19,9360,20,0.2,0
2002,4,3,2,30,0,0,19,9350,20,0.2,0
2002,4,3,3,30,0,0,18,9350,21,0.2,0
2002,4,3,4,30,0,0,17,9360,20,0.1,0
2002,4,3,5,30,0,0,17,9360,19,0.1,0
2002,4,3,6,30,0,0,17,9370,20,0.1,0
2002,4,3,7,30,112,182,16,9380,24,0.1,156
2002,4,3,8,30,179,465,13,9380,29,0.1,399
2002,4,3,9,30,225,600,8,9380,34,0.1,629
2002,4,3,10,30,238,697,7,9370,37,0.1,817
2002,4,3,11,30,256,737,6,9370,39,0.1,943
2002,4,3,12,30,268,742,6,9350,40,0.1,990
2002,4,3,13,30,285,700,5,9340,40,0.1,950
2002,4,3,14,30,247,710,5,9330,39,0.1,860
2002,4,3,15,30,233,627,6,9320,38,0.2,685
2002,4,3,16,30,206,485,7,9320,35,0.30000000000000004,463
2002,4,3,17,30,138,248,9,9330,32,0.4,214
2002,4,3,18,30,9,0,11,9340,29,0.4,9
2002,4,3,19,30,0,0,14,9360,27,0.4,0
2002,4,3,20,30,0,0,16,9360,25,0.30000000000000004,0
2002,4,3,21,30,0,0,17,9370,24,0.30000000000000004,0
2002,4,3,22,30,0,0,17,9360,23,0.2,0
2002,4,3,23,30,0,0,17,9350,22,0.1,0
2002,4,4,0,30,0,0,17,9340,22,0.1,0
2002,4,4,1,30,0,0,18,9330,21,0.1,0
2002,4,4,2,30,0,0,18,9330,20,0.1,0
2002,4,4,3,30,0,0,18,9330,20,0.1,0
2002,4,4,4,30,0,0,18,9340,20,0.1,0
2002,4,4,5,30,0,0,18,9340,20,0,0
2002,4,4,6,30,0,0,17,9350,21,0,0
2002,4,4,7,30,112,173,16,9360,25,0,155
2002,4,4,8,30,176,474,11,9360,32,0,401
2002,4,4,9,30,217,609,9,9360,37,0,629
2002,4,4,10,30,243,686,9,9360,40,0,814
2002,4,4,11,30,257,727,8,9350,41,0,936
2002,4,4,12,30,262,742,8,9330,42,0,985
2002,4,4,13,30,259,733,8,9320,42,0,956
2002,4,4,14,30,247,698,8,9310,42,0.1,850
2002,4,4,15,30,224,630,8,9310,40,0.2,679
2002,4,4,16,30,188,511,9,9310,37,0.30000000000000004,459
2002,4,4,17,30,137,250,11,9320,33,0.4,214
2002,4,4,18,30,13,0,12,9340,29,0.5,13
2002,4,4,19,30,0,0,14,9350,26,0.5,0
2002,4,4,20,30,0,0,15,9360,24,0.4,0
2002,4,4,21,30,0,0,15,9370,23,0.30000000000000004,0
2002,4,4,22,30,0,0,16,9370,23,0.2,0
2002,4,4,23,30,0,0,16,9360,22,0.2,0
2002,4,5,0,30,0,0,16,9350,22,0.2,0
2002,4,5,1,30,0,0,16,9350,22,0.1,0
2002,4,5,2,30,0,0,16,9340,21,0.1,0
2002,4,5,3,30,0,0,16,9340,21,0.1,0
2002,4,5,4,30,0,0,16,9350,21,0.1,0
2002,4,5,5,30,0,0,16,9350,20,0.1,0
2002,4,5,6,30,0,0,16,9360,22,0.1,0
2002,4,5,7,30,113,178,15,9370,26,0.1,158
2002,4,5,8,30,184,455,12,9380,31,0.1,402
2002,4,5,9,30,232,585,9,9370,36,0.2,629
2002,4,5,10,30,243,690,8,9370,39,0.2,819
2002,4,5,11,30,264,724,7,9360,41,0.2,942
2002,4,5,12,30,263,748,6,9350,42,0.2,993
2002,4,5,13,30,260,740,5,9340,42,0.2,965
2002,4,5,14,30,249,707,4,9330,42,0.2,860
2002,4,5,15,30,232,628,4,9330,41,0.2,686
2002,4,5,16,30,207,485,4,9320,39,0.2,465
2002,4,5,17,30,139,213,4,9330,36,0.2,205
2002,4,5,18,30,10,0,6,9340,32,0.30000000000000004,10
2002,4,5,19,30,0,0,8,9350,30,0.4,0
2002,4,5,20,30,0,0,10,9360,28,0.30000000000000004,0
2002,4,5,21,30,0,0,12,9370,26,0.30000000000000004,0
2002,4,5,22,30,0,0,13,9370,25,0.30000000000000004,0
2002,4,5,23,30,0,0,15,9370,23,0.30000000000000004,0
2002,4,6,0,30,0,0,16,9370,23,0.2,0
2002,4,6,1,30,0,0,17,9360,22,0.2,0
2002,4,6,2,30,0,0,17,9350,22,0.2,0
2002,4,6,3,30,0,0,18,9360,21,0.1,0
2002,4,6,4,30,0,0,18,9360,21,0.1,0
2002,4,6,5,30,0,0,19,9370,21,0.1,0
2002,4,6,6,30,0,0,19,9380,22,0.1,0
2002,4,6,7,30,106,59,17,9390,25,0.1,121
2002,4,6,8,30,175,465,15,9390,30,0.1,398
2002,4,6,9,30,215,595,11,9390,34,0.1,620
2002,4,6,10,30,239,669,10,9390,36,0.1,799
2002,4,6,11,30,253,709,10,9380,38,0,919
2002,4,6,12,30,258,724,10,9370,39,0,966
2002,4,6,13,30,255,716,10,9350,41,0,938
2002,4,6,14,30,415,326,10,9350,41,0,698
2002,4,6,15,30,344,359,10,9340,39,0.1,604
2002,4,6,16,30,82,0,10,9340,37,0.1,82
2002,4,6,17,30,141,137,11,9340,34,0.2,184
2002,4,6,18,30,8,0,11,9350,32,0.30000000000000004,8
2002,4,6,19,30,0,0,12,9370,30,0.4,0
2002,4,6,20,30,0,0,14,9380,28,0.4,0
2002,4,6,21,30,0,0,14,9390,26,0.4,0
2002,4,6,22,30,0,0,15,9380,25,0.30000000000000004,0
2002,4,6,23,30,0,0,15,9380,24,0.2,0
2002,4,7,0,30,0,0,16,9370,23,0.2,0
2002,4,7,1,30,0,0,16,9360,23,0.2,0
2002,4,7,2,30,0,0,16,9350,23,0.1,0
2002,4,7,3,30,0,0,16,9350,23,0.1,0
2002,4,7,4,30,0,0,16,9350,22,0.1,0
2002,4,7,5,30,0,0,16,9360,22,0.1,0
2002,4,7,6,30,0,0,15,9370,24,0.1,0
2002,4,7,7,30,106,237,15,9380,28,0.1,166
2002,4,7,8,30,175,464,13,9380,33,0.2,399
2002,4,7,9,30,215,595,14,9380,35,0.1,622
2002,4,7,10,30,240,671,14,9370,37,0.1,802
2002,4,7,11,30,253,711,14,9360,38,0,922
2002,4,7,12,30,258,725,14,9360,38,0,968
2002,4,7,13,30,255,715,14,9350,37,0,937
2002,4,7,14,30,243,680,15,9350,35,0.1,833
2002,4,7,15,30,278,117,15,9350,33,0.2,363
2002,4,7,16,30,83,0,16,9350,31,0.30000000000000004,83
2002,4,7,17,30,39,0,17,9360,28,0.4,39
2002,4,7,18,30,4,0,18,9380,26,0.4,4
2002,4,7,19,30,0,0,18,9380,25,0.4,0
2002,4,7,20,30,0,0,18,9390,24,0.30000000000000004,0
2002,4,7,21,30,0,0,18,9390,23,0.2,0
2002,4,7,22,30,0,0,18,9390,23,0.2,0
2002,4,7,23,30,0,0,18,9380,23,0.1,0
2002,4,8,0,30,0,0,18,9370,22,0.1,0
2002,4,8,1,30,0,0,18,9370,22,0.1,0
2002,4,8,2,30,0,0,18,9360,22,0.1,0
2002,4,8,3,30,0,0,18,9360,21,0.1,0
2002,4,8,4,30,0,0,18,9360,21,0.1,0
2002,4,8,5,30,0,0,18,9370,21,0.1,0
2002,4,8,6,30,0,0,18,9370,22,0.1,0
2002,4,8,7,30,117,193,17,9380,26,0.1,167
2002,4,8,8,30,176,469,14,9390,31,0.2,404
2002,4,8,9,30,216,599,14,9390,33,0.2,627
2002,4,8,10,30,240,675,14,9380,35,0.1,808
2002,4,8,11,30,254,715,14,9380,37,0.1,928
2002,4,8,12,30,259,729,13,9370,38,0.1,974
2002,4,8,13,30,256,720,13,9360,38,0.1,944
2002,4,8,14,30,244,686,12,9350,38,0.1,839
2002,4,8,15,30,276,32,12,9350,36,0.2,300
2002,4,8,16,30,161,0,12,9350,34,0.2,161
2002,4,8,17,30,78,0,13,9350,32,0.2,78
2002,4,8,18,30,4,0,15,9360,30,0.2,4
2002,4,8,19,30,0,0,15,9370,29,0.2,0
2002,4,8,20,30,0,0,15,9380,28,0.2,0
2002,4,8,21,30,0,0,16,9380,27,0.2,0
2002,4,8,22,30,0,0,16,9390,26,0.1,0
2002,4,8,23,30,0,0,16,9380,25,0.1,0
2002,4,9,0,30,0,0,16,9370,25,0.1,0
2002,4,9,1,30,0,0,16,9370,24,0.1,0
2002,4,9,2,30,0,0,16,9360,24,0.1,0
2002,4,9,3,30,0,0,15,9360,23,0.1,0
2002,4,9,4,30,0,0,15,9370,23,0.1,0
2002,4,9,5,30,0,0,15,9370,23,0.1,0
2002,4,9,6,30,2,0,14,9380,23,0.1,2
2002,4,9,7,30,112,236,13,9390,27,0.1,174
2002,4,9,8,30,178,477,11,9390,32,0.1,411
2002,4,9,9,30,218,608,11,9390,35,0.1,636
2002,4,9,10,30,242,684,11,9390,38,0.1,819
2002,4,9,11,30,256,725,10,9380,40,0.1,940
2002,4,9,12,30,261,739,10,9360,41,0.1,986
2002,4,9,13,30,258,729,9,9350,41,0.1,955
2002,4,9,14,30,246,694,9,9340,40,0.1,849
2002,4,9,15,30,224,627,8,9330,39,0.2,678
2002,4,9,16,30,231,408,8,9340,37,0.2,449
2002,4,9,17,30,139,119,8,9340,34,0.2,176
2002,4,9,18,30,9,0,9,9350,32,0.30000000000000004,9
2002,4,9,19,30,0,0,9,9360,31,0.30000000000000004,0
2002,4,9,20,30,0,0,9,9370,29,0.30000000000000004,0
2002,4,9,21,30,0,0,9,9370,27,0.30000000000000004,0
2002,4,9,22,30,0,0,8,9370,26,0.30000000000000004,0
2002,4,9,23,30,0,0,8,9360,25,0.30000000000000004,0
2002,4,10,0,30,0,0,7,9350,24,0.30000000000000004,0
2002,4,10,1,30,0,0,7,9350,24,0.30000000000000004,0
2002,4,10,2,30,0,0,7,9340,23,0.30000000000000004,0
2002,4,10,3,30,0,0,7,9340,23,0.30000000000000004,0
2002,4,10,4,30,0,0,7,9340,23,0.30000000000000004,0
2002,4,10,5,30,0,0,7,9350,22,0.30000000000000004,0
2002,4,10,6,30,1,0,7,9360,24,0.30000000000000004,1
2002,4,10,7,30,119,203,6,9360,28,0.2,173
2002,4,10,8,30,186,472,5,9370,33,0.30000000000000004,418
2002,4,10,9,30,220,617,5,9370,36,0.2,645
2002,4,10,10,30,244,692,5,9360,39,0.2,828
2002,4,10,11,30,258,732,5,9350,41,0.1,949
2002,4,10,12,30,262,746,5,9340,42,0.1,995
2002,4,10,13,30,286,700,5,9330,42,0.1,956
2002,4,10,14,30,247,702,5,9320,41,0.1,858
2002,4,10,15,30,225,636,5,9320,40,0.2,687
2002,4,10,16,30,207,486,5,9320,37,0.2,467
2002,4,10,17,30,139,256,4,9320,35,0.2,219
2002,4,10,18,30,12,0,5,9330,32,0.30000000000000004,12
2002,4,10,19,30,0,0,5,9340,30,0.30000000000000004,0
2002,4,10,20,30,0,0,5,9350,28,0.30000000000000004,0
2002,4,10,21,30,0,0,4,9350,27,0.30000000000000004,0
2002,4,10,22,30,0,0,4,9350,26,0.30000000000000004,0
2002,4,10,23,30,0,0,4,9350,25,0.30000000000000004,0
2002,4,11,0,30,0,0,4,9340,24,0.30000000000000004,0
2002,4,11,1,30,0,0,3,9340,24,0.30000000000000004,0
2002,4,11,2,30,0,0,3,9330,23,0.30000000000000004,0
2002,4,11,3,30,0,0,2,9330,23,0.30000000000000004,0
2002,4,11,4,30,0,0,2,9340,23,0.30000000000000004,0
2002,4,11,5,30,0,0,1,9350,22,0.30000000000000004,0
2002,4,11,6,30,1,0,0,9360,24,0.30000000000000004,1
2002,4,11,7,30,120,208,0,9370,28,0.2,176
2002,4,11,8,30,184,480,0,9370,34,0.30000000000000004,422
2002,4,11,9,30,227,609,0,9370,37,0.2,649
2002,4,11,10,30,245,698,1,9370,40,0.1,836
2002,4,11,11,30,259,738,1,9360,42,0.1,957
2002,4,11,12,30,264,752,1,9350,43,0,1004
2002,4,11,13,30,261,743,2,9330,43,0,973
2002,4,11,14,30,249,709,2,9320,43,0,866
2002,4,11,15,30,233,628,2,9320,41,0.1,689
2002,4,11,16,30,207,487,2,9320,38,0.1,468
2002,4,11,17,30,139,238,2,9330,36,0.2,214
2002,4,11,18,30,12,0,3,9340,32,0.30000000000000004,12
2002,4,11,19,30,0,0,4,9350,30,0.30000000000000004,0
2002,4,11,20,30,0,0,6,9360,29,0.30000000000000004,0
2002,4,11,21,30,0,0,6,9360,27,0.30000000000000004,0
2002,4,11,22,30,0,0,6,9360,26,0.30000000000000004,0
2002,4,11,23,30,0,0,6,9360,25,0.30000000000000004,0
2002,4,12,0,30,0,0,5,9360,25,0.30000000000000004,0
2002,4,12,1,30,0,0,4,9350,24,0.30000000000000004,0
2002,4,12,2,30,0,0,4,9350,24,0.30000000000000004,0
2002,4,12,3,30,0,0,3,9350,23,0.30000000000000004,0
2002,4,12,4,30,0,0,3,9360,23,0.30000000000000004,0
2002,4,12,5,30,0,0,2,9360,22,0.30000000000000004,0
2002,4,12,6,30,2,0,2,9370,24,0.30000000000000004,2
2002,4,12,7,30,122,181,1,9380,28,0.2,171
2002,4,12,8,30,185,479,0,9390,34,0.30000000000000004,423
2002,4,12,9,30,227,610,-1,9390,38,0.30000000000000004,651
2002,4,12,10,30,242,701,-2,9380,40,0.30000000000000004,837
2002,4,12,11,30,261,738,-2,9370,42,0.30000000000000004,960
2002,4,12,12,30,268,751,-3,9360,43,0.2,1008
2002,4,12,13,30,262,743,-3,9350,43,0.2,975
2002,4,12,14,30,246,710,-2,9340,43,0.2,865
2002,4,12,15,30,232,628,-2,9340,41,0.1,689
2002,4,12,16,30,207,487,-1,9340,39,0.1,468
2002,4,12,17,30,131,285,0,9340,36,0.2,220
2002,4,12,18,30,18,0,3,9350,33,0.2,18
2002,4,12,19,30,0,0,4,9360,31,0.30000000000000004,0
2002,4,12,20,30,0,0,6,9370,30,0.2,0
2002,4,12,21,30,0,0,7,9370,28,0.2,0
2002,4,12,22,30,0,0,7,9370,27,0.2,0
2002,4,12,23,30,0,0,7,9370,26,0.2,0
2002,4,13,0,30,0,0,7,9370,25,0.2,0
2002,4,13,1,30,0,0,7,9360,25,0.2,0
2002,4,13,2,30,0,0,7,9360,24,0.2,0
2002,4,13,3,30,0,0,7,9360,24,0.2,0
2002,4,13,4,30,0,0,7,9370,24,0.2,0
2002,4,13,5,30,0,0,7,9370,23,0.2,0
2002,4,13,6,30,3,0,7,9380,25,0.2,3
2002,4,13,7,30,123,201,6,9390,29,0.2,178
2002,4,13,8,30,181,489,5,9390,34,0.2,425
2002,4,13,9,30,220,617,5,9390,38,0.2,650
2002,4,13,10,30,244,691,5,9390,40,0.2,831
2002,4,13,11,30,257,730,5,9370,42,0.1,951
2002,4,13,12,30,262,744,5,9360,43,0.1,997
2002,4,13,13,30,259,735,5,9350,43,0.1,965
2002,4,13,14,30,247,701,5,9340,42,0.1,858
2002,4,13,15,30,225,634,5,9340,41,0.2,686
2002,4,13,16,30,189,517,5,9340,38,0.2,467
2002,4,13,17,30,131,286,6,9340,36,0.30000000000000004,221
2002,4,13,18,30,13,0,7,9350,33,0.4,13
2002,4,13,19,30,0,0,8,9370,31,0.4,0
2002,4,13,20,30,0,0,8,9380,28,0.4,0
2002,4,13,21,30,0,0,9,9380,27,0.4,0
2002,4,13,22,30,0,0,9,9380,26,0.30000000000000004,0
2002,4,13,23,30,0,0,9,9370,25,0.30000000000000004,0
2002,4,14,0,30,0,0,9,9360,24,0.30000000000000004,0
2002,4,14,1,30,0,0,9,9350,23,0.2,0
2002,4,14,2,30,0,0,10,9350,23,0.2,0
2002,4,14,3,30,0,0,10,9350,22,0.2,0
2002,4,14,4,30,0,0,10,9350,22,0.1,0
2002,4,14,5,30,0,0,10,9360,22,0.1,0
2002,4,14,6,30,4,0,10,9370,23,0.1,4
2002,4,14,7,30,124,206,9,9380,28,0.1,181
2002,4,14,8,30,185,485,6,9380,34,0.2,429
2002,4,14,9,30,221,620,6,9380,37,0.2,654
2002,4,14,10,30,244,693,5,9370,40,0.1,835
2002,4,14,11,30,257,731,5,9360,42,0.1,953
2002,4,14,12,30,262,744,5,9350,43,0.1,997
2002,4,14,13,30,258,734,5,9330,43,0.1,964
2002,4,14,14,30,246,699,5,9330,42,0.2,856
2002,4,14,15,30,224,632,5,9320,41,0.30000000000000004,684
2002,4,14,16,30,188,515,6,9330,38,0.4,465
2002,4,14,17,30,130,288,7,9330,35,0.5,221
2002,4,14,18,30,14,0,8,9350,31,0.5,14
2002,4,14,19,30,0,0,8,9360,29,0.5,0
2002,4,14,20,30,0,0,9,9370,27,0.4,0
2002,4,14,21,30,0,0,9,9370,26,0.4,0
2002,4,14,22,30,0,0,10,9370,25,0.30000000000000004,0
2002,4,14,23,30,0,0,11,9360,24,0.30000000000000004,0
2002,4,15,0,30,0,0,12,9360,23,0.30000000000000004,0
2002,4,15,1,30,0,0,14,9350,23,0.30000000000000004,0
2002,4,15,2,30,0,0,15,9350,22,0.2,0
2002,4,15,3,30,0,0,16,9350,21,0.2,0
2002,4,15,4,30,0,0,17,9360,21,0.2,0
2002,4,15,5,30,0,0,17,9360,21,0.1,0
2002,4,15,6,30,5,0,18,9370,22,0.1,5
2002,4,15,7,30,125,211,17,9380,27,0.1,184
2002,4,15,8,30,180,487,13,9390,32,0.1,426
2002,4,15,9,30,219,612,10,9380,37,0.1,648
2002,4,15,10,30,242,684,9,9380,40,0.1,827
2002,4,15,11,30,256,722,8,9370,42,0.1,943
2002,4,15,12,30,260,735,8,9350,43,0.1,987
2002,4,15,13,30,256,725,8,9340,43,0.1,953
2002,4,15,14,30,244,689,8,9340,42,0.2,846
2002,4,15,15,30,222,622,9,9330,40,0.2,676
2002,4,15,16,30,187,506,10,9330,38,0.30000000000000004,459
2002,4,15,17,30,127,307,12,9340,34,0.4,224
2002,4,15,18,30,14,0,13,9350,31,0.5,14
2002,4,15,19,30,0,0,13,9370,28,0.5,0
2002,4,15,20,30,0,0,13,9370,26,0.4,0
2002,4,15,21,30,0,0,13,9380,25,0.4,0
2002,4,15,22,30,0,0,13,9380,24,0.30000000000000004,0
2002,4,15,23,30,0,0,14,9370,24,0.30000000000000004,0
2002,4,16,0,30,0,0,15,9370,23,0.30000000000000004,0
2002,4,16,1,30,0,0,16,9360,23,0.2,0
2002,4,16,2,30,0,0,17,9360,22,0.2,0
2002,4,16,3,30,0,0,17,9360,23,0.2,0
2002,4,16,4,30,0,0,18,9360,23,0.2,0
2002,4,16,5,30,0,0,18,9370,23,0.1,0
2002,4,16,6,30,6,0,18,9380,23,0.1,6
2002,4,16,7,30,127,98,18,9380,26,0.1,155
2002,4,16,8,30,242,245,16,9390,29,0.1,366
2002,4,16,9,30,217,604,13,9390,33,0.1,642
2002,4,16,10,30,241,676,11,9380,37,0.1,818
2002,4,16,11,30,254,714,10,9370,40,0.1,934
2002,4,16,12,30,258,726,10,9360,41,0.1,977
2002,4,16,13,30,255,717,10,9350,42,0.2,945
2002,4,16,14,30,243,683,10,9340,41,0.2,840
2002,4,16,15,30,221,617,10,9340,39,0.2,671
2002,4,16,16,30,259,140,10,9340,36,0.30000000000000004,335
2002,4,16,17,30,141,244,10,9340,34,0.4,218
2002,4,16,18,30,17,0,11,9350,31,0.4,17
2002,4,16,19,30,0,0,11,9360,29,0.4,0
2002,4,16,20,30,0,0,10,9370,27,0.4,0
2002,4,16,21,30,0,0,10,9370,26,0.4,0
2002,4,16,22,30,0,0,10,9370,25,0.30000000000000004,0
2002,4,16,23,30,0,0,10,9370,25,0.2,0
2002,4,17,0,30,0,0,11,9360,24,0.2,0
2002,4,17,1,30,0,0,12,9350,24,0.2,0
2002,4,17,2,30,0,0,12,9350,24,0.2,0
2002,4,17,3,30,0,0,13,9350,24,0.2,0
2002,4,17,4,30,0,0,13,9350,23,0.2,0
2002,4,17,5,30,0,0,14,9360,23,0.1,0
2002,4,17,6,30,9,4,14,9370,24,0.1,9
2002,4,17,7,30,127,204,12,9370,27,0.1,185
2002,4,17,8,30,180,485,9,9380,32,0.2,427
2002,4,17,9,30,218,608,7,9380,36,0.2,647
2002,4,17,10,30,318,561,6,9370,39,0.2,799
2002,4,17,11,30,254,717,7,9360,41,0.1,938
2002,4,17,12,30,259,729,7,9350,42,0.1,981
2002,4,17,13,30,255,719,7,9340,40,0.1,948
2002,4,17,14,30,428,282,8,9330,39,0.1,675
2002,4,17,15,30,373,193,8,9330,39,0.1,514
2002,4,17,16,30,266,267,9,9330,37,0.2,410
2002,4,17,17,30,79,0,10,9340,35,0.4,79
2002,4,17,18,30,15,0,11,9340,33,0.4,15
2002,4,17,19,30,0,0,12,9360,30,0.4,0
2002,4,17,20,30,0,0,12,9360,28,0.4,0
2002,4,17,21,30,0,0,11,9370,27,0.30000000000000004,0
2002,4,17,22,30,0,0,11,9370,26,0.30000000000000004,0
2002,4,17,23,30,0,0,11,9360,25,0.30000000000000004,0
2002,4,18,0,30,0,0,10,9350,24,0.30000000000000004,0
2002,4,18,1,30,0,0,10,9350,24,0.2,0
2002,4,18,2,30,0,0,10,9340,24,0.2,0
2002,4,18,3,30,0,0,10,9340,23,0.2,0
2002,4,18,4,30,0,0,10,9340,23,0.2,0
2002,4,18,5,30,0,0,10,9350,23,0.2,0
2002,4,18,6,30,8,0,10,9360,24,0.2,8
2002,4,18,7,30,124,92,10,9370,28,0.1,151
2002,4,18,8,30,229,366,7,9370,33,0.2,416
2002,4,18,9,30,218,609,7,9370,38,0.2,648
2002,4,18,10,30,412,310,7,9360,41,0.1,678
2002,4,18,11,30,463,176,7,9350,43,0.1,632
2002,4,18,12,30,441,458,7,9340,44,0.1,895
2002,4,18,13,30,448,152,7,9320,45,0,595
2002,4,18,14,30,357,476,8,9320,44,0.1,774
2002,4,18,15,30,344,307,8,9310,43,0.1,568
2002,4,18,16,30,217,428,8,9310,40,0.1,448
2002,4,18,17,30,134,252,9,9320,37,0.2,214
2002,4,18,18,30,5,0,9,9320,35,0.30000000000000004,5
2002,4,18,19,30,0,0,10,9330,33,0.30000000000000004,0
2002,4,18,20,30,0,0,10,9340,31,0.30000000000000004,0
2002,4,18,21,30,0,0,10,9350,29,0.30000000000000004,0
2002,4,18,22,30,0,0,10,9350,28,0.30000000000000004,0
2002,4,18,23,30,0,0,10,9340,27,0.2,0
2002,4,19,0,30,0,0,10,9340,26,0.2,0
2002,4,19,1,30,0,0,10,9340,26,0.2,0
2002,4,19,2,30,0,0,10,9330,26,0.2,0
2002,4,19,3,30,0,0,10,9340,25,0.1,0
2002,4,19,4,30,0,0,10,9340,25,0.1,0
2002,4,19,5,30,0,0,10,9350,25,0.1,0
2002,4,19,6,30,8,0,10,9360,26,0.1,8
2002,4,19,7,30,124,83,9,9370,30,0.1,148
2002,4,19,8,30,180,485,8,9370,36,0.1,430
2002,4,19,9,30,218,607,7,9370,40,0.2,648
2002,4,19,10,30,409,323,7,9360,43,0.2,687
2002,4,19,11,30,254,716,7,9350,45,0.1,939
2002,4,19,12,30,259,729,7,9340,46,0.1,982
2002,4,19,13,30,255,720,7,9330,46,0.1,950
2002,4,19,14,30,370,487,7,9320,45,0.1,796
2002,4,19,15,30,345,95,7,9320,44,0.1,415
2002,4,19,16,30,217,30,7,9310,42,0.1,234
2002,4,19,17,30,40,0,8,9320,39,0.2,40
2002,4,19,18,30,5,0,10,9330,36,0.30000000000000004,5
2002,4,19,19,30,0,0,11,9340,34,0.30000000000000004,0
2002,4,19,20,30,0,0,13,9360,32,0.30000000000000004,0
2002,4,19,21,30,0,0,14,9360,30,0.30000000000000004,0
2002,4,19,22,30,0,0,16,9360,28,0.30000000000000004,0
2002,4,19,23,30,0,0,17,9360,27,0.30000000000000004,0
2002,4,20,0,30,0,0,17,9360,26,0.30000000000000004,0
2002,4,20,1,30,0,0,18,9360,26,0.2,0
2002,4,20,2,30,0,0,19,9350,25,0.2,0
2002,4,20,3,30,0,0,19,9350,25,0.2,0
2002,4,20,4,30,0,0,19,9360,25,0.1,0
2002,4,20,5,30,0,0,20,9370,24,0.1,0
2002,4,20,6,30,9,0,20,9370,26,0.1,9
2002,4,20,7,30,101,6,16,9380,30,0.1,103
2002,4,20,8,30,245,142,12,9390,35,0.1,319
2002,4,20,9,30,217,605,11,9390,39,0.1,647
2002,4,20,10,30,327,526,10,9380,41,0,780
2002,4,20,11,30,253,712,10,9370,43,0,934
2002,4,20,12,30,257,724,10,9360,44,0.1,976
2002,4,20,13,30,254,714,10,9340,44,0.1,943
2002,4,20,14,30,340,567,10,9340,43,0.1,837
2002,4,20,15,30,360,133,11,9330,39,0.2,458
2002,4,20,16,30,282,102,12,9340,37,0.30000000000000004,338
2002,4,20,17,30,146,70,12,9350,35,0.4,169
2002,4,20,18,30,15,0,12,9360,33,0.4,15
2002,4,20,19,30,0,0,13,9370,31,0.4,0
2002,4,20,20,30,0,0,14,9380,30,0.30000000000000004,0
2002,4,20,21,30,0,0,14,9380,29,0.30000000000000004,0
2002,4,20,22,30,0,0,14,9370,28,0.2,0
2002,4,20,23,30,0,0,14,9370,27,0.2,0
2002,4,21,0,30,0,0,14,9360,27,0.2,0
2002,4,21,1,30,0,0,14,9350,27,0.2,0
2002,4,21,2,30,0,0,14,9350,26,0.1,0
2002,4,21,3,30,0,0,14,9350,26,0.1,0
2002,4,21,4,30,0,0,14,9350,26,0.1,0
2002,4,21,5,30,0,0,14,9360,25,0.1,0
2002,4,21,6,30,10,0,14,9370,26,0.1,10
2002,4,21,7,30,131,189,12,9370,29,0.1,187
2002,4,21,8,30,182,491,9,9380,33,0.2,436
2002,4,21,9,30,219,612,7,9380,37,0.2,655
2002,4,21,10,30,242,683,6,9370,40,0.2,831
2002,4,21,11,30,255,721,6,9360,43,0.2,946
2002,4,21,12,30,259,734,6,9350,44,0.2,988
2002,4,21,13,30,256,724,6,9340,43,0.1,955
2002,4,21,14,30,244,689,7,9330,44,0.1,848
2002,4,21,15,30,222,622,7,9320,42,0.1,678
2002,4,21,16,30,187,508,7,9320,39,0.2,462
2002,4,21,17,30,128,313,9,9320,37,0.2,228
2002,4,21,18,30,15,0,9,9330,35,0.30000000000000004,15
2002,4,21,19,30,0,0,10,9340,33,0.30000000000000004,0
2002,4,21,20,30,0,0,10,9340,32,0.2,0
2002,4,21,21,30,0,0,11,9350,31,0.2,0
2002,4,21,22,30,0,0,11,9350,30,0.2,0
2002,4,21,23,30,0,0,11,9350,29,0.1,0
2002,4,22,0,30,0,0,11,9350,28,0.1,0
2002,4,22,1,30,0,0,11,9340,28,0.1,0
2002,4,22,2,30,0,0,11,9340,27,0.1,0
2002,4,22,3,30,0,0,11,9340,27,0.1,0
2002,4,22,4,30,0,0,12,9350,26,0.1,0
2002,4,22,5,30,0,0,13,9350,25,0.1,0
2002,4,22,6,30,9,0,13,9360,26,0.1,9
2002,4,22,7,30,123,266,11,9370,29,0.1,202
2002,4,22,8,30,211,414,8,9370,34,0.1,426
2002,4,22,9,30,220,616,6,9370,38,0.1,659
2002,4,22,10,30,331,516,6,9360,41,0.1,777
2002,4,22,11,30,256,724,6,9360,42,0.1,951
2002,4,22,12,30,378,551,6,9340,43,0.2,926
2002,4,22,13,30,380,554,7,9340,43,0.2,915
2002,4,22,14,30,245,693,7,9330,42,0.30000000000000004,852
2002,4,22,15,30,223,626,8,9320,40,0.30000000000000004,681
2002,4,22,16,30,255,109,9,9320,38,0.4,315
2002,4,22,17,30,129,315,10,9330,34,0.4,230
2002,4,22,18,30,6,0,11,9350,31,0.4,6
2002,4,22,19,30,0,0,12,9350,29,0.4,0
2002,4,22,20,30,0,0,13,9360,28,0.30000000000000004,0
2002,4,22,21,30,0,0,14,9360,26,0.30000000000000004,0
2002,4,22,22,30,0,0,14,9360,25,0.2,0
2002,4,22,23,30,0,0,15,9360,24,0.2,0
2002,4,23,0,30,0,0,15,9350,24,0.2,0
2002,4,23,1,30,0,0,16,9350,23,0.2,0
2002,4,23,2,30,0,0,16,9340,23,0.2,0
2002,4,23,3,30,0,0,17,9350,22,0.2,0
2002,4,23,4,30,0,0,18,9350,22,0.2,0
2002,4,23,5,30,0,0,18,9360,21,0.2,0
2002,4,23,6,30,13,0,18,9360,23,0.1,13
2002,4,23,7,30,124,286,15,9370,27,0.2,209
2002,4,23,8,30,184,501,11,9380,33,0.2,445
2002,4,23,9,30,221,621,8,9380,37,0.30000000000000004,665
2002,4,23,10,30,244,691,7,9370,40,0.30000000000000004,841
2002,4,23,11,30,256,728,7,9360,42,0.30000000000000004,955
2002,4,23,12,30,261,740,6,9340,43,0.30000000000000004,996
2002,4,23,13,30,257,729,6,9340,43,0.30000000000000004,962
2002,4,23,14,30,245,694,6,9330,42,0.30000000000000004,854
2002,4,23,15,30,223,629,6,9320,40,0.4,684
2002,4,23,16,30,188,516,6,9320,38,0.4,469
2002,4,23,17,30,131,300,6,9330,35,0.5,228
2002,4,23,18,30,19,0,5,9340,33,0.5,19
2002,4,23,19,30,0,0,5,9350,31,0.5,0
2002,4,23,20,30,0,0,7,9350,29,0.4,0
2002,4,23,21,30,0,0,9,9360,28,0.4,0
2002,4,23,22,30,0,0,11,9350,27,0.30000000000000004,0
2002,4,23,23,30,0,0,11,9350,26,0.30000000000000004,0
2002,4,24,0,30,0,0,12,9340,25,0.30000000000000004,0
2002,4,24,1,30,0,0,12,9340,24,0.30000000000000004,0
2002,4,24,2,30,0,0,13,9340,24,0.30000000000000004,0
2002,4,24,3,30,0,0,13,9340,23,0.30000000000000004,0
2002,4,24,4,30,0,0,14,9340,23,0.30000000000000004,0
2002,4,24,5,30,0,0,14,9350,22,0.2,0
2002,4,24,6,30,14,0,14,9360,24,0.2,14
2002,4,24,7,30,125,273,12,9360,29,0.2,207
2002,4,24,8,30,201,475,8,9360,35,0.2,450
2002,4,24,9,30,222,625,6,9360,39,0.1,670
2002,4,24,10,30,245,695,4,9360,42,0.1,846
2002,4,24,11,30,257,732,4,9350,44,0.1,961
2002,4,24,12,30,262,745,3,9330,45,0.1,1002
2002,4,24,13,30,258,735,3,9320,45,0.2,969
2002,4,24,14,30,246,701,3,9320,44,0.2,861
2002,4,24,15,30,225,636,3,9320,42,0.30000000000000004,691
2002,4,24,16,30,263,219,3,9320,39,0.4,382
2002,4,24,17,30,135,259,3,9320,35,0.4,219
2002,4,24,18,30,20,0,3,9330,32,0.5,20
2002,4,24,19,30,0,0,4,9340,30,0.4,0
2002,4,24,20,30,0,0,6,9350,28,0.4,0
2002,4,24,21,30,0,0,8,9340,26,0.30000000000000004,0
2002,4,24,22,30,0,0,11,9340,25,0.2,0
2002,4,24,23,30,0,0,13,9330,24,0.2,0
2002,4,25,0,30,0,0,15,9330,23,0.2,0
2002,4,25,1,30,0,0,17,9330,23,0.2,0
2002,4,25,2,30,0,0,17,9320,22,0.2,0
2002,4,25,3,30,0,0,18,9320,21,0.2,0
2002,4,25,4,30,0,0,18,9330,21,0.1,0
2002,4,25,5,30,0,0,17,9340,21,0.1,0
2002,4,25,6,30,15,0,17,9340,23,0.1,15
2002,4,25,7,30,135,219,14,9350,27,0.1,201
2002,4,25,8,30,202,476,6,9360,33,0.2,452
2002,4,25,9,30,230,618,3,9350,37,0.2,674
2002,4,25,10,30,245,697,3,9350,40,0.1,850
2002,4,25,11,30,258,733,3,9340,42,0.1,963
2002,4,25,12,30,262,745,3,9330,44,0.1,1004
2002,4,25,13,30,258,734,3,9320,44,0.2,968
2002,4,25,14,30,246,700,4,9310,43,0.2,860
2002,4,25,15,30,224,634,4,9310,41,0.30000000000000004,689
2002,4,25,16,30,207,488,5,9310,39,0.30000000000000004,473
2002,4,25,17,30,130,323,6,9320,36,0.4,234
2002,4,25,18,30,18,0,6,9330,33,0.4,18
2002,4,25,19,30,0,0,6,9340,30,0.4,0
2002,4,25,20,30,0,0,6,9350,29,0.4,0
2002,4,25,21,30,0,0,6,9350,28,0.30000000000000004,0
2002,4,25,22,30,0,0,6,9350,26,0.30000000000000004,0
2002,4,25,23,30,0,0,7,9340,26,0.30000000000000004,0
2002,4,26,0,30,0,0,8,9330,25,0.2,0
2002,4,26,1,30,0,0,9,9330,24,0.30000000000000004,0
2002,4,26,2,30,0,0,11,9330,23,0.30000000000000004,0
2002,4,26,3,30,0,0,12,9330,23,0.30000000000000004,0
2002,4,26,4,30,0,0,13,9330,22,0.2,0
2002,4,26,5,30,0,0,14,9340,22,0.2,0
2002,4,26,6,30,17,0,15,9350,24,0.2,17
2002,4,26,7,30,126,280,14,9350,28,0.1,211
2002,4,26,8,30,202,477,10,9350,34,0.1,454
2002,4,26,9,30,222,628,7,9350,38,0.1,674
2002,4,26,10,30,245,696,6,9350,41,0.1,849
2002,4,26,11,30,257,733,5,9340,43,0.1,963
2002,4,26,12,30,262,745,5,9330,45,0.1,1004
2002,4,26,13,30,258,735,4,9320,45,0.1,969
2002,4,26,14,30,246,700,5,9310,45,0.1,861
2002,4,26,15,30,224,634,5,9310,43,0.1,690
2002,4,26,16,30,189,520,6,9310,41,0.2,472
2002,4,26,17,30,153,237,8,9310,38,0.30000000000000004,230
2002,4,26,18,30,21,0,10,9320,35,0.4,21
2002,4,26,19,30,0,0,12,9330,33,0.4,0
2002,4,26,20,30,0,0,13,9340,30,0.4,0
2002,4,26,21,30,0,0,14,9350,29,0.30000000000000004,0
2002,4,26,22,30,0,0,15,9350,28,0.30000000000000004,0
2002,4,26,23,30,0,0,14,9350,27,0.2,0
2002,4,27,0,30,0,0,14,9340,26,0.2,0
2002,4,27,1,30,0,0,13,9330,25,0.2,0
2002,4,27,2,30,0,0,11,9330,24,0.2,0
2002,4,27,3,30,0,0,10,9330,24,0.2,0
2002,4,27,4,30,0,0,8,9330,24,0.2,0
2002,4,27,5,30,0,0,6,9330,23,0.2,0
2002,4,27,6,30,18,0,4,9340,26,0.2,18
2002,4,27,7,30,136,241,2,9350,30,0.1,210
2002,4,27,8,30,203,477,-3,9360,36,0.2,455
2002,4,27,9,30,231,619,-6,9360,40,0.2,677
2002,4,27,10,30,244,703,-7,9350,43,0.2,855
2002,4,27,11,30,261,738,-7,9340,45,0.2,972
2002,4,27,12,30,267,749,-6,9330,46,0.2,1014
2002,4,27,13,30,261,740,-5,9320,46,0.1,978
2002,4,27,14,30,246,707,-5,9310,46,0.1,867
2002,4,27,15,30,232,627,-5,9310,44,0.2,692
2002,4,27,16,30,208,488,-3,9310,42,0.2,474
2002,4,27,17,30,154,222,-1,9310,39,0.30000000000000004,226
2002,4,27,18,30,19,0,1,9320,35,0.4,19
2002,4,27,19,30,0,0,4,9330,33,0.4,0
2002,4,27,20,30,0,0,6,9350,30,0.4,0
2002,4,27,21,30,0,0,7,9350,28,0.4,0
2002,4,27,22,30,0,0,7,9350,27,0.30000000000000004,0
2002,4,27,23,30,0,0,7,9340,26,0.30000000000000004,0
2002,4,28,0,30,0,0,7,9340,25,0.30000000000000004,0
2002,4,28,1,30,0,0,7,9330,25,0.30000000000000004,0
2002,4,28,2,30,0,0,7,9330,24,0.2,0
2002,4,28,3,30,0,0,8,9330,23,0.2,0
2002,4,28,4,30,0,0,9,9340,23,0.2,0
2002,4,28,5,30,0,0,10,9350,22,0.2,0
2002,4,28,6,30,20,0,10,9350,24,0.2,20
2002,4,28,7,30,136,229,10,9360,29,0.2,207
2002,4,28,8,30,195,487,6,9360,34,0.2,453
2002,4,28,9,30,235,608,2,9370,39,0.2,674
2002,4,28,10,30,247,693,1,9360,42,0.2,850
2002,4,28,11,30,261,738,0,9350,44,0.2,972
2002,4,28,12,30,267,749,0,9340,45,0.2,1014
2002,4,28,13,30,262,739,0,9320,45,0.2,978
2002,4,28,14,30,246,707,1,9310,44,0.2,867
2002,4,28,15,30,231,627,2,9310,43,0.30000000000000004,692
2002,4,28,16,30,208,488,3,9310,40,0.4,474
2002,4,28,17,30,154,224,4,9320,37,0.4,227
2002,4,28,18,30,20,0,5,9330,33,0.4,20
2002,4,28,19,30,0,0,6,9340,31,0.4,0
2002,4,28,20,30,0,0,8,9350,29,0.4,0
2002,4,28,21,30,0,0,10,9350,27,0.30000000000000004,0
2002,4,28,22,30,0,0,12,9350,26,0.2,0
2002,4,28,23,30,0,0,13,9340,25,0.2,0
2002,4,29,0,30,0,0,15,9340,24,0.2,0
2002,4,29,1,30,0,0,17,9330,23,0.2,0
2002,4,29,2,30,0,0,18,9330,22,0.2,0
2002,4,29,3,30,0,0,19,9330,21,0.2,0
2002,4,29,4,30,0,0,20,9340,21,0.2,0
2002,4,29,5,30,0,0,19,9350,21,0.2,0
2002,4,29,6,30,21,0,19,9360,22,0.1,21
2002,4,29,7,30,137,232,17,9360,27,0.1,209
2002,4,29,8,30,199,472,14,9370,32,0.1,450
2002,4,29,9,30,246,580,8,9360,37,0.2,666
2002,4,29,10,30,274,645,7,9360,40,0.2,836
2002,4,29,11,30,282,700,7,9340,42,0.2,957
2002,4,29,12,30,278,726,7,9330,43,0.30000000000000004,1002
2002,4,29,13,30,258,739,7,9320,43,0.30000000000000004,974
2002,4,29,14,30,246,703,7,9310,42,0.30000000000000004,865
2002,4,29,15,30,232,626,8,9310,40,0.30000000000000004,692
2002,4,29,16,30,202,481,10,9310,38,0.4,465
2002,4,29,17,30,155,209,11,9320,35,0.4,223
2002,4,29,18,30,20,0,13,9330,31,0.4,20
2002,4,29,19,30,0,0,14,9340,29,0.4,0
2002,4,29,20,30,0,0,16,9340,27,0.30000000000000004,0
2002,4,29,21,30,0,0,16,9350,26,0.30000000000000004,0
2002,4,29,22,30,0,0,17,9340,25,0.30000000000000004,0
2002,4,29,23,30,0,0,18,9340,24,0.2,0
2002,4,30,0,30,0,0,18,9330,23,0.2,0
2002,4,30,1,30,0,0,19,9320,23,0.2,0
2002,4,30,2,30,0,0,19,9320,22,0.2,0
2002,4,30,3,30,0,0,20,9320,21,0.2,0
2002,4,30,4,30,0,0,20,9320,21,0.2,0
2002,4,30,5,30,0,0,19,9330,21,0.2,0
2002,4,30,6,30,20,0,19,9340,23,0.1,20
2002,4,30,7,30,138,203,17,9350,27,0.1,202
2002,4,30,8,30,210,435,15,9350,32,0.2,442
2002,4,30,9,30,245,582,11,9350,37,0.2,667
2002,4,30,10,30,268,664,8,9340,41,0.2,847
2002,4,30,11,30,270,718,7,9330,43,0.2,963
2002,4,30,12,30,277,727,6,9320,44,0.2,1002
2002,4,30,13,30,258,737,5,9310,45,0.2,972
2002,4,30,14,30,246,702,5,9300,44,0.2,863
2002,4,30,15,30,224,635,5,9300,42,0.30000000000000004,691
2002,4,30,16,30,208,489,6,9300,40,0.30000000000000004,475
2002,4,30,17,30,155,210,7,9300,37,0.4,224
2002,4,30,18,30,21,0,9,9310,34,0.4,21
2002,4,30,19,30,0,0,10,9320,32,0.4,0
2002,4,30,20,30,0,0,12,9320,30,0.30000000000000004,0
2002,4,30,21,30,0,0,13,9320,28,0.30000000000000004,0
2002,4,30,22,30,0,0,14,9320,27,0.30000000000000004,0
2002,4,30,23,30,0,0,15,9320,26,0.30000000000000004,0
2009,5,1,0,30,0,0,15,9310,25,0.30000000000000004,0
2009,5,1,1,30,0,0,15,9310,25,0.2,0
2009,5,1,2,30,0,0,15,9300,24,0.2,0
2009,5,1,3,30,0,0,15,9300,23,0.2,0
2009,5,1,4,30,0,0,15,9310,23,0.2,0
2009,5,1,5,30,0,0,19,9370,22,0.2,0
2009,5,1,6,30,18,0,19,9370,24,0.1,18
2009,5,1,7,30,140,196,17,9380,27,0.1,202
2009,5,1,8,30,202,448,16,9380,32,0.1,442
2009,5,1,9,30,245,567,12,9380,36,0.1,657
2009,5,1,10,30,271,643,10,9380,40,0.1,832
2009,5,1,11,30,281,685,9,9370,42,0.2,942
2009,5,1,12,30,285,697,9,9360,43,0.2,981
2009,5,1,13,30,281,685,9,9350,43,0.2,945
2009,5,1,14,30,267,649,9,9340,43,0.30000000000000004,838
2009,5,1,15,30,247,573,9,9340,41,0.30000000000000004,669
2009,5,1,16,30,205,457,9,9340,39,0.4,455
2009,5,1,17,30,155,195,10,9350,36,0.4,219
2009,5,1,18,30,19,0,11,9360,33,0.4,19
2009,5,1,19,30,0,0,13,9370,31,0.4,0
2009,5,1,20,30,0,0,14,9370,29,0.4,0
2009,5,1,21,30,0,0,16,9380,28,0.30000000000000004,0
2009,5,1,22,30,0,0,17,9380,27,0.30000000000000004,0
2009,5,1,23,30,0,0,18,9370,26,0.30000000000000004,0
2009,5,2,0,30,0,0,19,9370,25,0.30000000000000004,0
2009,5,2,1,30,0,0,20,9360,24,0.30000000000000004,0
2009,5,2,2,30,0,0,20,9360,23,0.30000000000000004,0
2009,5,2,3,30,0,0,21,9360,23,0.2,0
2009,5,2,4,30,0,0,21,9360,22,0.2,0
2009,5,2,5,30,0,0,21,9370,22,0.2,0
2009,5,2,6,30,22,0,20,9380,24,0.2,22
2009,5,2,7,30,140,215,19,9390,28,0.2,208
2009,5,2,8,30,202,449,15,9390,33,0.2,443
2009,5,2,9,30,245,568,11,9390,37,0.2,658
2009,5,2,10,30,266,647,9,9380,41,0.2,831
2009,5,2,11,30,280,684,8,9370,43,0.2,941
2009,5,2,12,30,285,695,8,9360,44,0.2,979
2009,5,2,13,30,280,684,7,9350,44,0.2,944
2009,5,2,14,30,267,648,7,9340,44,0.30000000000000004,838
2009,5,2,15,30,247,573,8,9340,42,0.4,669
2009,5,2,16,30,204,457,8,9340,39,0.4,455
2009,5,2,17,30,155,180,8,9350,36,0.5,214
2009,5,2,18,30,20,0,9,9360,33,0.5,20
2009,5,2,19,30,0,0,10,9370,31,0.4,0
2009,5,2,20,30,0,0,12,9370,29,0.4,0
2009,5,2,21,30,0,0,14,9370,28,0.30000000000000004,0
2009,5,2,22,30,0,0,15,9370,27,0.30000000000000004,0
2009,5,2,23,30,0,0,16,9370,26,0.30000000000000004,0
2009,5,3,0,30,0,0,16,9360,25,0.30000000000000004,0
2009,5,3,1,30,0,0,17,9360,25,0.30000000000000004,0
2009,5,3,2,30,0,0,17,9360,24,0.30000000000000004,0
2009,5,3,3,30,0,0,17,9360,23,0.30000000000000004,0
2009,5,3,4,30,0,0,18,9360,23,0.30000000000000004,0
2009,5,3,5,30,0,0,18,9370,23,0.2,0
2009,5,3,6,30,21,0,18,9370,24,0.2,21
2009,5,3,7,30,141,201,15,9380,29,0.2,205
2009,5,3,8,30,202,450,11,9380,34,0.2,444
2009,5,3,9,30,245,568,8,9380,38,0.30000000000000004,659
2009,5,3,10,30,269,645,7,9370,41,0.30000000000000004,833
2009,5,3,11,30,280,685,6,9360,43,0.30000000000000004,942
2009,5,3,12,30,285,696,6,9350,44,0.30000000000000004,981
2009,5,3,13,30,281,685,6,9340,43,0.4,945
2009,5,3,14,30,267,649,6,9340,42,0.4,839
2009,5,3,15,30,247,573,6,9340,40,0.5,669
2009,5,3,16,30,205,457,7,9340,38,0.5,456
2009,5,3,17,30,156,197,7,9350,35,0.5,221
2009,5,3,18,30,24,0,8,9350,32,0.4,24
2009,5,3,19,30,0,0,10,9360,30,0.30000000000000004,0
2009,5,3,20,30,0,0,11,9360,29,0.30000000000000004,0
2009,5,3,21,30,0,0,12,9370,28,0.30000000000000004,0
2009,5,3,22,30,0,0,13,9360,26,0.30000000000000004,0
2009,5,3,23,30,0,0,14,9360,25,0.30000000000000004,0
2009,5,4,0,30,0,0,15,9350,25,0.30000000000000004,0
2009,5,4,1,30,0,0,15,9340,24,0.30000000000000004,0
2009,5,4,2,30,0,0,16,9340,23,0.30000000000000004,0
2009,5,4,3,30,0,0,15,9340,23,0.30000000000000004,0
2009,5,4,4,30,0,0,15,9350,23,0.30000000000000004,0
2009,5,4,5,30,0,0,15,9360,22,0.30000000000000004,0
2009,5,4,6,30,22,0,14,9360,24,0.2,22
2009,5,4,7,30,142,220,12,9370,29,0.2,212
2009,5,4,8,30,202,450,8,9370,35,0.30000000000000004,445
2009,5,4,9,30,246,568,6,9370,38,0.30000000000000004,660
2009,5,4,10,30,263,652,5,9360,41,0.30000000000000004,833
2009,5,4,11,30,283,687,5,9350,42,0.30000000000000004,947
2009,5,4,12,30,289,698,5,9340,43,0.30000000000000004,987
2009,5,4,13,30,283,688,5,9330,43,0.30000000000000004,950
2009,5,4,14,30,264,654,6,9320,42,0.30000000000000004,840
2009,5,4,15,30,247,573,7,9320,40,0.4,669
2009,5,4,16,30,205,457,9,9330,38,0.4,456
2009,5,4,17,30,156,198,10,9340,35,0.5,222
2009,5,4,18,30,21,0,12,9350,32,0.4,21
2009,5,4,19,30,0,0,13,9350,30,0.4,0
2009,5,4,20,30,0,0,15,9360,28,0.30000000000000004,0
2009,5,4,21,30,0,0,16,9360,27,0.2,0
2009,5,4,22,30,0,0,17,9360,26,0.2,0
2009,5,4,23,30,0,0,18,9350,25,0.2,0
2009,5,5,0,30,0,0,19,9340,24,0.2,0
2009,5,5,1,30,0,0,19,9330,23,0.2,0
2009,5,5,2,30,0,0,20,9330,23,0.2,0
2009,5,5,3,30,0,0,21,9340,22,0.2,0
2009,5,5,4,30,0,0,21,9350,22,0.1,0
2009,5,5,5,30,0,0,20,9360,23,0.1,0
2009,5,5,6,30,26,0,19,9370,24,0.1,26
2009,5,5,7,30,143,172,17,9380,27,0.1,198
2009,5,5,8,30,220,385,15,9380,31,0.1,428
2009,5,5,9,30,286,449,11,9380,36,0.1,614
2009,5,5,10,30,291,619,9,9380,39,0.1,833
2009,5,5,11,30,281,687,9,9370,41,0.1,946
2009,5,5,12,30,285,698,9,9360,41,0.2,983
2009,5,5,13,30,280,685,9,9350,41,0.2,945
2009,5,5,14,30,267,648,10,9350,40,0.30000000000000004,837
2009,5,5,15,30,246,573,11,9350,38,0.4,669
2009,5,5,16,30,206,457,12,9350,35,0.4,457
2009,5,5,17,30,156,184,14,9360,32,0.4,217
2009,5,5,18,30,25,0,14,9370,30,0.4,25
2009,5,5,19,30,0,0,15,9370,28,0.4,0
2009,5,5,20,30,0,0,16,9370,27,0.30000000000000004,0
2009,5,5,21,30,0,0,17,9370,26,0.2,0
2009,5,5,22,30,0,0,18,9370,25,0.2,0
2009,5,5,23,30,0,0,19,9360,24,0.2,0
2009,5,6,0,30,0,0,19,9360,24,0.2,0
2009,5,6,1,30,0,0,20,9360,23,0.2,0
2009,5,6,2,30,0,0,20,9360,23,0.1,0
2009,5,6,3,30,0,0,21,9360,23,0.1,0
2009,5,6,4,30,0,0,21,9370,22,0.1,0
2009,5,6,5,30,0,0,21,9380,22,0.1,0
2009,5,6,6,30,27,0,20,9390,24,0.1,27
2009,5,6,7,30,141,241,18,9400,28,0.2,219
2009,5,6,8,30,202,452,13,9400,32,0.2,447
2009,5,6,9,30,245,569,10,9400,36,0.2,661
2009,5,6,10,30,266,645,9,9390,39,0.2,830
2009,5,6,11,30,279,682,8,9380,40,0.2,939
2009,5,6,12,30,284,694,8,9370,41,0.30000000000000004,978
2009,5,6,13,30,280,683,8,9360,41,0.30000000000000004,943
2009,5,6,14,30,267,648,9,9350,40,0.4,838
2009,5,6,15,30,246,573,9,9350,38,0.4,669
2009,5,6,16,30,205,458,10,9350,36,0.4,457
2009,5,6,17,30,156,185,11,9350,33,0.4,218
2009,5,6,18,30,23,0,12,9360,31,0.4,23
2009,5,6,19,30,0,0,13,9370,29,0.4,0
2009,5,6,20,30,0,0,14,9380,28,0.4,0
2009,5,6,21,30,0,0,15,9380,27,0.30000000000000004,0
2009,5,6,22,30,0,0,15,9370,26,0.30000000000000004,0
2009,5,6,23,30,0,0,16,9370,25,0.30000000000000004,0
2009,5,7,0,30,0,0,16,9360,25,0.2,0
2009,5,7,1,30,0,0,16,9350,24,0.2,0
2009,5,7,2,30,0,0,16,9350,24,0.2,0
2009,5,7,3,30,0,0,16,9350,23,0.2,0
2009,5,7,4,30,0,0,16,9350,23,0.2,0
2009,5,7,5,30,0,0,16,9350,23,0.2,0
2009,5,7,6,30,25,0,16,9360,25,0.2,25
2009,5,7,7,30,152,196,14,9370,29,0.2,216
2009,5,7,8,30,203,452,10,9370,35,0.2,448
2009,5,7,9,30,246,569,8,9360,39,0.2,662
2009,5,7,10,30,267,649,7,9360,42,0.1,835
2009,5,7,11,30,280,685,7,9350,44,0.1,944
2009,5,7,12,30,285,697,7,9340,45,0,982
2009,5,7,13,30,281,687,7,9320,45,0.1,947
2009,5,7,14,30,270,647,7,9320,44,0.1,840
2009,5,7,15,30,242,566,7,9310,42,0.2,660
2009,5,7,16,30,216,420,7,9310,40,0.2,448
2009,5,7,17,30,156,170,9,9320,37,0.30000000000000004,213
2009,5,7,18,30,21,0,10,9320,34,0.4,21
2009,5,7,19,30,0,0,12,9340,32,0.4,0
2009,5,7,20,30,0,0,13,9340,31,0.4,0
2009,5,7,21,30,0,0,14,9350,29,0.30000000000000004,0
2009,5,7,22,30,0,0,15,9350,28,0.30000000000000004,0
2009,5,7,23,30,0,0,15,9350,27,0.30000000000000004,0
2009,5,8,0,30,0,0,15,9340,26,0.2,0
2009,5,8,1,30,0,0,16,9340,26,0.2,0
2009,5,8,2,30,0,0,16,9340,25,0.2,0
2009,5,8,3,30,0,0,17,9340,25,0.1,0
2009,5,8,4,30,0,0,17,9340,24,0.1,0
2009,5,8,5,30,0,0,18,9350,24,0.1,0
2009,5,8,6,30,26,0,18,9360,25,0.1,26
2009,5,8,7,30,153,183,17,9360,28,0.1,213
2009,5,8,8,30,203,453,12,9370,33,0.2,449
2009,5,8,9,30,245,569,9,9370,37,0.1,662
2009,5,8,10,30,266,645,8,9360,40,0.1,831
2009,5,8,11,30,279,683,7,9350,43,0.1,940
2009,5,8,12,30,284,696,7,9340,44,0.1,980
2009,5,8,13,30,280,686,6,9320,44,0.1,947
2009,5,8,14,30,277,634,6,9310,44,0.1,836
2009,5,8,15,30,308,459,6,9310,42,0.1,647
2009,5,8,16,30,103,0,7,9310,40,0.2,103
2009,5,8,17,30,102,0,8,9310,37,0.30000000000000004,102
2009,5,8,18,30,21,0,9,9330,34,0.30000000000000004,21
2009,5,8,19,30,0,0,11,9340,32,0.4,0
2009,5,8,20,30,0,0,13,9350,31,0.4,0
2009,5,8,21,30,0,0,14,9350,29,0.4,0
2009,5,8,22,30,0,0,15,9360,27,0.30000000000000004,0
2009,5,8,23,30,0,0,15,9360,26,0.30000000000000004,0
2009,5,9,0,30,0,0,16,9350,25,0.2,0
2009,5,9,1,30,0,0,16,9340,25,0.2,0
2009,5,9,2,30,0,0,17,9340,24,0.2,0
2009,5,9,3,30,0,0,18,9340,23,0.2,0
2009,5,9,4,30,0,0,19,9340,23,0.2,0
2009,5,9,5,30,0,0,19,9350,22,0.2,0
2009,5,9,6,30,27,0,19,9360,24,0.2,27
2009,5,9,7,30,153,200,16,9360,28,0.2,219
2009,5,9,8,30,203,453,11,9360,33,0.2,450
2009,5,9,9,30,246,569,6,9360,37,0.2,663
2009,5,9,10,30,263,651,5,9360,40,0.30000000000000004,834
2009,5,9,11,30,282,686,4,9340,42,0.30000000000000004,946
2009,5,9,12,30,288,697,5,9330,43,0.30000000000000004,985
2009,5,9,13,30,282,687,5,9320,43,0.30000000000000004,949
2009,5,9,14,30,263,653,5,9310,42,0.4,839
2009,5,9,15,30,246,572,6,9310,40,0.4,669
2009,5,9,16,30,205,458,7,9320,38,0.5,458
2009,5,9,17,30,157,188,8,9320,35,0.5,220
2009,5,9,18,30,25,0,10,9330,31,0.4,25
2009,5,9,19,30,0,0,12,9340,29,0.4,0
2009,5,9,20,30,0,0,14,9350,28,0.30000000000000004,0
2009,5,9,21,30,0,0,16,9350,26,0.30000000000000004,0
2009,5,9,22,30,0,0,17,9350,25,0.30000000000000004,0
2009,5,9,23,30,0,0,18,9340,24,0.30000000000000004,0
2009,5,10,0,30,0,0,19,9340,23,0.30000000000000004,0
2009,5,10,1,30,0,0,19,9330,23,0.30000000000000004,0
2009,5,10,2,30,0,0,20,9330,22,0.30000000000000004,0
2009,5,10,3,30,0,0,20,9330,22,0.2,0
2009,5,10,4,30,0,0,19,9330,22,0.2,0
2009,5,10,5,30,0,0,19,9340,22,0.2,0
2009,5,10,6,30,28,0,18,9350,23,0.1,28
2009,5,10,7,30,144,232,17,9350,27,0.1,220
2009,5,10,8,30,203,454,13,9360,32,0.2,451
2009,5,10,9,30,246,569,8,9360,36,0.2,663
2009,5,10,10,30,263,651,7,9350,39,0.30000000000000004,834
2009,5,10,11,30,281,686,7,9340,41,0.30000000000000004,946
2009,5,10,12,30,285,699,8,9330,41,0.4,984
2009,5,10,13,30,280,687,9,9320,41,0.4,947
2009,5,10,14,30,267,650,10,9320,40,0.4,840
2009,5,10,15,30,247,572,11,9310,38,0.5,670
2009,5,10,16,30,206,458,12,9320,36,0.5,459
2009,5,10,17,30,158,204,13,9330,33,0.5,227
2009,5,10,18,30,26,0,14,9340,30,0.4,26
2009,5,10,19,30,0,0,15,9350,28,0.4,0
2009,5,10,20,30,0,0,16,9350,27,0.30000000000000004,0
2009,5,10,21,30,0,0,17,9350,26,0.30000000000000004,0
2009,5,10,22,30,0,0,18,9350,25,0.2,0
2009,5,10,23,30,0,0,19,9350,24,0.2,0
2009,5,11,0,30,0,0,19,9340,23,0.2,0
2009,5,11,1,30,0,0,20,9340,22,0.30000000000000004,0
2009,5,11,2,30,0,0,20,9340,22,0.30000000000000004,0
2009,5,11,3,30,0,0,20,9340,22,0.30000000000000004,0
2009,5,11,4,30,0,0,20,9340,22,0.30000000000000004,0
2009,5,11,5,30,0,0,19,9350,22,0.30000000000000004,0
2009,5,11,6,30,26,0,19,9350,23,0.30000000000000004,26
2009,5,11,7,30,154,202,17,9360,27,0.30000000000000004,221
2009,5,11,8,30,204,454,15,9360,31,0.30000000000000004,452
2009,5,11,9,30,245,569,13,9360,35,0.30000000000000004,663
2009,5,11,10,30,267,650,11,9350,38,0.4,838
2009,5,11,11,30,280,686,10,9340,40,0.4,945
2009,5,11,12,30,285,698,10,9330,41,0.4,983
2009,5,11,13,30,282,686,9,9320,41,0.4,948
2009,5,11,14,30,264,652,9,9320,40,0.4,839
2009,5,11,15,30,247,572,9,9320,39,0.5,670
2009,5,11,16,30,205,459,9,9320,37,0.5,459
2009,5,11,17,30,158,205,10,9320,34,0.4,227
2009,5,11,18,30,27,0,11,9330,31,0.4,27
2009,5,11,19,30,0,0,13,9340,29,0.30000000000000004,0
2009,5,11,20,30,0,0,14,9350,27,0.30000000000000004,0
2009,5,11,21,30,0,0,16,9350,26,0.30000000000000004,0
2009,5,11,22,30,0,0,17,9350,25,0.30000000000000004,0
2009,5,11,23,30,0,0,18,9350,24,0.2,0
2009,5,12,0,30,0,0,19,9340,23,0.2,0
2009,5,12,1,30,0,0,20,9340,22,0.30000000000000004,0
2009,5,12,2,30,0,0,20,9330,21,0.30000000000000004,0
2009,5,12,3,30,0,0,20,9340,22,0.2,0
2009,5,12,4,30,0,0,18,9340,22,0.2,0
2009,5,12,5,30,0,0,18,9350,21,0.2,0
2009,5,12,6,30,30,0,18,9350,22,0.2,30
2009,5,12,7,30,145,234,17,9360,26,0.2,222
2009,5,12,8,30,204,454,15,9360,31,0.2,452
2009,5,12,9,30,245,569,12,9360,35,0.2,663
2009,5,12,10,30,263,650,8,9350,39,0.2,834
2009,5,12,11,30,281,685,7,9340,41,0.30000000000000004,945
2009,5,12,12,30,288,696,8,9330,42,0.30000000000000004,984
2009,5,12,13,30,282,686,9,9320,42,0.30000000000000004,948
2009,5,12,14,30,264,652,10,9310,41,0.4,839
2009,5,12,15,30,247,572,11,9310,39,0.4,670
2009,5,12,16,30,206,459,13,9310,36,0.4,460
2009,5,12,17,30,158,206,14,9320,33,0.4,228
2009,5,12,18,30,27,0,15,9330,30,0.4,27
2009,5,12,19,30,0,0,16,9340,28,0.30000000000000004,0
2009,5,12,20,30,0,0,17,9350,27,0.30000000000000004,0
2009,5,12,21,30,0,0,18,9350,26,0.30000000000000004,0
2009,5,12,22,30,0,0,19,9350,25,0.30000000000000004,0
2009,5,12,23,30,0,0,19,9340,24,0.2,0
2009,5,13,0,30,0,0,20,9340,23,0.2,0
2009,5,13,1,30,0,0,20,9330,22,0.2,0
2009,5,13,2,30,0,0,20,9330,22,0.2,0
2009,5,13,3,30,0,0,20,9330,22,0.2,0
2009,5,13,4,30,0,0,20,9330,22,0.2,0
2009,5,13,5,30,0,0,20,9330,22,0.2,0
2009,5,13,6,30,31,0,20,9340,23,0.2,31
2009,5,13,7,30,145,235,19,9350,26,0.2,223
2009,5,13,8,30,204,455,17,9350,31,0.2,453
2009,5,13,9,30,246,569,16,9340,35,0.2,664
2009,5,13,10,30,263,650,14,9340,39,0.2,834
2009,5,13,11,30,281,685,12,9330,42,0.2,945
2009,5,13,12,30,288,696,12,9320,43,0.2,984
2009,5,13,13,30,281,686,12,9310,42,0.30000000000000004,947
2009,5,13,14,30,267,651,13,9300,41,0.30000000000000004,841
2009,5,13,15,30,247,572,14,9300,39,0.4,670
2009,5,13,16,30,205,459,16,9300,35,0.4,460
2009,5,13,17,30,159,207,17,9310,31,0.4,229
2009,5,13,18,30,28,0,18,9320,28,0.4,28
2009,5,13,19,30,0,0,18,9330,27,0.4,0
2009,5,13,20,30,0,0,19,9340,25,0.30000000000000004,0
2009,5,13,21,30,0,0,19,9340,24,0.30000000000000004,0
2009,5,13,22,30,0,0,20,9340,24,0.30000000000000004,0
2009,5,13,23,30,0,0,20,9340,23,0.30000000000000004,0
2009,5,14,0,30,0,0,20,9330,23,0.30000000000000004,0
2009,5,14,1,30,0,0,20,9320,22,0.30000000000000004,0
2009,5,14,2,30,0,0,20,9320,22,0.30000000000000004,0
2009,5,14,3,30,0,0,19,9320,22,0.30000000000000004,0
2009,5,14,4,30,0,0,19,9320,22,0.30000000000000004,0
2009,5,14,5,30,0,0,19,9330,22,0.30000000000000004,0
2009,5,14,6,30,32,0,19,9340,23,0.30000000000000004,32
2009,5,14,7,30,145,237,19,9340,27,0.30000000000000004,224
2009,5,14,8,30,203,455,18,9340,30,0.30000000000000004,453
2009,5,14,9,30,246,569,17,9340,34,0.30000000000000004,664
2009,5,14,10,30,266,646,15,9340,37,0.30000000000000004,833
2009,5,14,11,30,279,681,14,9330,39,0.30000000000000004,939
2009,5,14,12,30,283,691,14,9320,40,0.4,974
2009,5,14,13,30,278,679,14,9310,39,0.4,938
2009,5,14,14,30,265,643,15,9310,38,0.4,833
2009,5,14,15,30,246,572,15,9310,37,0.4,670
2009,5,14,16,30,205,459,16,9310,34,0.4,460
2009,5,14,17,30,159,209,16,9310,32,0.4,230
2009,5,14,18,30,29,0,17,9310,29,0.30000000000000004,29
2009,5,14,19,30,0,0,18,9320,27,0.30000000000000004,0
2009,5,14,20,30,0,0,19,9330,26,0.30000000000000004,0
2009,5,14,21,30,0,0,20,9330,25,0.2,0
2009,5,14,22,30,0,0,20,9330,24,0.2,0
2009,5,14,23,30,0,0,21,9330,24,0.30000000000000004,0
2009,5,15,0,30,0,0,21,9320,23,0.30000000000000004,0
2009,5,15,1,30,0,0,21,9320,23,0.30000000000000004,0
2009,5,15,2,30,0,0,20,9320,23,0.30000000000000004,0
2009,5,15,3,30,0,0,20,9320,23,0.2,0
2009,5,15,4,30,0,0,20,9320,23,0.2,0
2009,5,15,5,30,0,0,20,9330,23,0.2,0
2009,5,15,6,30,29,0,20,9340,24,0.2,29
2009,5,15,7,30,156,192,20,9340,26,0.2,220
2009,5,15,8,30,204,455,19,9350,31,0.2,454
2009,5,15,9,30,240,574,15,9350,35,0.2,663
2009,5,15,10,30,264,641,14,9340,38,0.2,827
2009,5,15,11,30,277,676,13,9330,40,0.30000000000000004,932
2009,5,15,12,30,281,686,13,9330,40,0.30000000000000004,968
2009,5,15,13,30,277,674,14,9320,40,0.4,932
2009,5,15,14,30,264,638,15,9320,38,0.4,827
2009,5,15,15,30,240,572,16,9320,36,0.5,663
2009,5,15,16,30,202,462,16,9320,33,0.5,459
2009,5,15,17,30,160,194,17,9320,30,0.4,226
2009,5,15,18,30,30,0,18,9330,27,0.4,30
2009,5,15,19,30,0,0,19,9340,26,0.30000000000000004,0
2009,5,15,20,30,0,0,20,9340,25,0.30000000000000004,0
2009,5,15,21,30,0,0,21,9340,25,0.30000000000000004,0
2009,5,15,22,30,0,0,21,9340,24,0.2,0
2009,5,15,23,30,0,0,21,9340,24,0.2,0
2009,5,16,0,30,0,0,21,9330,24,0.2,0
2009,5,16,1,30,0,0,20,9330,24,0.2,0
2009,5,16,2,30,0,0,20,9320,23,0.2,0
2009,5,16,3,30,0,0,20,9330,23,0.2,0
2009,5,16,4,30,0,0,20,9330,22,0.2,0
2009,5,16,5,30,0,0,21,9340,22,0.2,0
2009,5,16,6,30,24,0,21,9350,24,0.2,24
2009,5,16,7,30,110,1,19,9360,27,0.2,111
2009,5,16,8,30,241,388,18,9360,31,0.2,454
2009,5,16,9,30,339,324,16,9360,35,0.2,578
2009,5,16,10,30,264,640,15,9350,37,0.30000000000000004,827
2009,5,16,11,30,277,675,14,9350,39,0.30000000000000004,931
2009,5,16,12,30,281,685,14,9340,39,0.30000000000000004,967
2009,5,16,13,30,277,674,14,9330,39,0.4,931
2009,5,16,14,30,264,638,15,9330,38,0.4,827
2009,5,16,15,30,240,573,15,9330,36,0.4,665
2009,5,16,16,30,203,463,15,9330,33,0.4,460
2009,5,16,17,30,159,180,16,9330,31,0.4,221
2009,5,16,18,30,25,0,17,9340,28,0.30000000000000004,25
2009,5,16,19,30,0,0,18,9350,27,0.30000000000000004,0
2009,5,16,20,30,0,0,19,9350,26,0.30000000000000004,0
2009,5,16,21,30,0,0,20,9350,25,0.2,0
2009,5,16,22,30,0,0,21,9350,24,0.2,0
2009,5,16,23,30,0,0,21,9350,24,0.2,0
2009,5,17,0,30,0,0,21,9340,24,0.2,0
2009,5,17,1,30,0,0,21,9340,24,0.2,0
2009,5,17,2,30,0,0,20,9330,24,0.2,0
2009,5,17,3,30,0,0,20,9330,23,0.1,0
2009,5,17,4,30,0,0,20,9340,23,0.1,0
2009,5,17,5,30,0,0,20,9350,23,0.1,0
2009,5,17,6,30,31,0,19,9350,24,0.1,31
2009,5,17,7,30,157,194,18,9360,28,0.1,222
2009,5,17,8,30,205,455,15,9360,33,0.1,455
2009,5,17,9,30,240,571,12,9360,37,0.1,660
2009,5,17,10,30,263,637,10,9350,40,0.1,823
2009,5,17,11,30,276,671,10,9340,42,0.2,926
2009,5,17,12,30,280,682,11,9330,43,0.2,962
2009,5,17,13,30,276,670,12,9320,42,0.30000000000000004,926
2009,5,17,14,30,262,634,13,9320,41,0.30000000000000004,822
2009,5,17,15,30,298,426,15,9320,38,0.4,614
2009,5,17,16,30,201,457,17,9330,34,0.5,456
2009,5,17,17,30,160,197,18,9330,31,0.5,228
2009,5,17,18,30,32,0,18,9340,29,0.5,32
2009,5,17,19,30,0,0,19,9350,27,0.4,0
2009,5,17,20,30,0,0,19,9350,27,0.30000000000000004,0
2009,5,17,21,30,0,0,20,9350,26,0.2,0
2009,5,17,22,30,0,0,20,9350,26,0.2,0
2009,5,17,23,30,0,0,21,9350,26,0.1,0
2009,5,18,0,30,0,0,21,9340,25,0.2,0
2009,5,18,1,30,0,0,21,9330,25,0.2,0
2009,5,18,2,30,0,0,21,9330,25,0.2,0
2009,5,18,3,30,0,0,22,9340,25,0.2,0
2009,5,18,4,30,0,0,22,9340,24,0.2,0
2009,5,18,5,30,0,0,22,9350,24,0.2,0
2009,5,18,6,30,26,0,22,9360,25,0.1,26
2009,5,18,7,30,126,9,20,9370,28,0.1,130
2009,5,18,8,30,249,43,18,9370,30,0,273
2009,5,18,9,30,335,71,17,9370,32,0,388
2009,5,18,10,30,415,312,15,9360,38,0,689
2009,5,18,11,30,273,660,15,9350,40,0,912
2009,5,18,12,30,277,672,16,9330,40,0.1,949
2009,5,18,13,30,273,661,17,9320,38,0.1,916
2009,5,18,14,30,260,627,17,9320,36,0.2,814
2009,5,18,15,30,248,548,18,9320,34,0.2,655
2009,5,18,16,30,216,427,19,9330,31,0.30000000000000004,454
2009,5,18,17,30,160,185,20,9340,29,0.30000000000000004,224
2009,5,18,18,30,11,0,21,9350,27,0.30000000000000004,11
2009,5,18,19,30,0,0,22,9350,25,0.30000000000000004,0
2009,5,18,20,30,0,0,23,9350,25,0.30000000000000004,0
2009,5,18,21,30,0,0,23,9350,25,0.2,0
2009,5,18,22,30,0,0,22,9350,25,0.2,0
2009,5,18,23,30,0,0,22,9350,24,0.2,0
2009,5,19,0,30,0,0,22,9340,24,0.2,0
2009,5,19,1,30,0,0,22,9340,24,0.2,0
2009,5,19,2,30,0,0,22,9330,24,0.1,0
2009,5,19,3,30,0,0,22,9330,24,0.1,0
2009,5,19,4,30,0,0,22,9340,24,0.1,0
2009,5,19,5,30,0,0,22,9340,24,0.1,0
2009,5,19,6,30,35,3,22,9350,24,0.1,36
2009,5,19,7,30,154,144,22,9360,25,0.1,203
2009,5,19,8,30,198,446,21,9360,27,0.2,444
2009,5,19,9,30,235,556,19,9360,30,0.2,645
2009,5,19,10,30,259,621,17,9360,30,0.2,805
2009,5,19,11,30,272,656,17,9360,31,0.2,908
2009,5,19,12,30,276,668,17,9350,31,0.2,944
2009,5,19,13,30,272,657,17,9340,30,0.30000000000000004,910
2009,5,19,14,30,329,483,18,9340,30,0.30000000000000004,756
2009,5,19,15,30,362,283,18,9340,29,0.30000000000000004,572
2009,5,19,16,30,89,0,19,9340,27,0.30000000000000004,89
2009,5,19,17,30,42,0,20,9350,26,0.30000000000000004,42
2009,5,19,18,30,8,0,21,9350,25,0.2,8
2009,5,19,19,30,0,0,21,9360,24,0.2,0
2009,5,19,20,30,0,0,22,9360,24,0.2,0
2009,5,19,21,30,0,0,22,9360,23,0.2,0
2009,5,19,22,30,0,0,22,9360,23,0.2,0
2009,5,19,23,30,0,0,21,9350,23,0.2,0
2009,5,20,0,30,0,0,21,9340,23,0.2,0
2009,5,20,1,30,0,0,20,9330,23,0.2,0
2009,5,20,2,30,0,0,20,9330,23,0.2,0
2009,5,20,3,30,0,0,20,9330,23,0.2,0
2009,5,20,4,30,0,0,20,9330,23,0.1,0
2009,5,20,5,30,0,0,20,9340,23,0.1,0
2009,5,20,6,30,27,0,20,9350,23,0,27
2009,5,20,7,30,97,0,20,9360,24,0,97
2009,5,20,8,30,254,334,19,9360,25,0,438
2009,5,20,9,30,235,554,19,9360,27,0,643
2009,5,20,10,30,258,619,19,9350,28,0.1,802
2009,5,20,11,30,271,654,19,9340,29,0.1,905
2009,5,20,12,30,416,467,19,9330,30,0.2,883
2009,5,20,13,30,311,36,19,9320,31,0.2,346
2009,5,20,14,30,143,1,18,9320,32,0.2,144
2009,5,20,15,30,347,101,19,9310,31,0.2,422
2009,5,20,16,30,221,31,19,9320,30,0.2,239
2009,5,20,17,30,45,0,19,9330,28,0.2,45
2009,5,20,18,30,17,0,20,9330,27,0.2,17
2009,5,20,19,30,0,0,20,9340,26,0.2,0
2009,5,20,20,30,0,0,21,9340,25,0.2,0
2009,5,20,21,30,0,0,21,9340,24,0.2,0
2009,5,20,22,30,0,0,22,9340,24,0.2,0
2009,5,20,23,30,0,0,22,9330,24,0.2,0
2009,5,21,0,30,0,0,22,9330,24,0.2,0
2009,5,21,1,30,0,0,22,9320,23,0.2,0
2009,5,21,2,30,0,0,22,9310,23,0.2,0
2009,5,21,3,30,0,0,22,9320,23,0.2,0
2009,5,21,4,30,0,0,21,9320,23,0.1,0
2009,5,21,5,30,0,0,21,9330,23,0.1,0
2009,5,21,6,30,34,0,21,9330,23,0.1,34
2009,5,21,7,30,148,179,20,9340,25,0.1,209
2009,5,21,8,30,198,446,20,9350,26,0.1,443
2009,5,21,9,30,235,554,19,9350,27,0,643
2009,5,21,10,30,258,619,19,9350,29,0,802
2009,5,21,11,30,271,654,19,9340,30,0.1,905
2009,5,21,12,30,276,666,19,9330,30,0.1,941
2009,5,21,13,30,272,655,19,9320,31,0.1,908
2009,5,21,14,30,323,506,19,9320,31,0.2,770
2009,5,21,15,30,336,318,19,9320,30,0.2,573
2009,5,21,16,30,257,345,19,9320,29,0.30000000000000004,450
2009,5,21,17,30,92,0,20,9330,27,0.30000000000000004,92
2009,5,21,18,30,11,0,20,9340,26,0.30000000000000004,11
2009,5,21,19,30,0,0,21,9340,25,0.30000000000000004,0
2009,5,21,20,30,0,0,22,9350,24,0.30000000000000004,0
2009,5,21,21,30,0,0,22,9350,24,0.30000000000000004,0
2009,5,21,22,30,0,0,22,9350,24,0.30000000000000004,0
2009,5,21,23,30,0,0,22,9340,24,0.30000000000000004,0
2009,5,22,0,30,0,0,22,9330,23,0.2,0
2009,5,22,1,30,0,0,22,9320,23,0.2,0
2009,5,22,2,30,0,0,22,9320,23,0.2,0
2009,5,22,3,30,0,0,22,9320,23,0.2,0
2009,5,22,4,30,0,0,22,9320,23,0.2,0
2009,5,22,5,30,0,0,22,9330,23,0.2,0
2009,5,22,6,30,31,0,21,9340,24,0.2,31
2009,5,22,7,30,130,18,21,9350,27,0.2,137
2009,5,22,8,30,253,282,20,9350,30,0.2,409
2009,5,22,9,30,317,354,18,9350,33,0.2,578
2009,5,22,10,30,316,526,18,9340,35,0.30000000000000004,778
2009,5,22,11,30,304,600,18,9330,37,0.30000000000000004,885
2009,5,22,12,30,317,608,18,9330,37,0.30000000000000004,925
2009,5,22,13,30,327,588,18,9320,36,0.30000000000000004,898
2009,5,22,14,30,409,292,19,9310,35,0.4,667
2009,5,22,15,30,351,251,19,9310,33,0.4,538
2009,5,22,16,30,242,372,19,9310,31,0.4,451
2009,5,22,17,30,151,92,18,9320,29,0.4,183
2009,5,22,18,30,21,0,19,9330,28,0.4,21
2009,5,22,19,30,0,0,19,9330,26,0.30000000000000004,0
2009,5,22,20,30,0,0,20,9340,26,0.30000000000000004,0
2009,5,22,21,30,0,0,21,9340,25,0.30000000000000004,0
2009,5,22,22,30,0,0,22,9340,24,0.30000000000000004,0
2009,5,22,23,30,0,0,22,9330,24,0.30000000000000004,0
2009,5,23,0,30,0,0,21,9320,24,0.30000000000000004,0
2009,5,23,1,30,0,0,21,9320,23,0.30000000000000004,0
2009,5,23,2,30,0,0,21,9310,23,0.2,0
2009,5,23,3,30,0,0,21,9310,23,0.2,0
2009,5,23,4,30,0,0,21,9310,23,0.2,0
2009,5,23,5,30,0,0,21,9320,23,0.2,0
2009,5,23,6,30,35,0,21,9320,24,0.2,35
2009,5,23,7,30,149,180,21,9330,25,0.2,210
2009,5,23,8,30,222,393,20,9330,26,0.2,439
2009,5,23,9,30,248,542,20,9340,28,0.2,647
2009,5,23,10,30,302,576,18,9330,29,0.2,808
2009,5,23,11,30,272,659,18,9330,30,0.30000000000000004,911
2009,5,23,12,30,277,670,18,9320,31,0.30000000000000004,947
2009,5,23,13,30,273,659,18,9320,31,0.30000000000000004,913
2009,5,23,14,30,260,625,18,9310,31,0.30000000000000004,813
2009,5,23,15,30,237,562,18,9300,30,0.30000000000000004,655
2009,5,23,16,30,201,456,18,9310,29,0.30000000000000004,456
2009,5,23,17,30,162,177,19,9310,27,0.30000000000000004,224
2009,5,23,18,30,31,0,19,9310,26,0.30000000000000004,31
2009,5,23,19,30,0,0,20,9320,25,0.30000000000000004,0
2009,5,23,20,30,0,0,21,9320,24,0.2,0
2009,5,23,21,30,0,0,21,9320,24,0.30000000000000004,0
2009,5,23,22,30,0,0,22,9320,24,0.30000000000000004,0
2009,5,23,23,30,0,0,22,9320,24,0.30000000000000004,0
2009,5,24,0,30,0,0,21,9310,24,0.30000000000000004,0
2009,5,24,1,30,0,0,21,9300,23,0.30000000000000004,0
2009,5,24,2,30,0,0,22,9300,23,0.30000000000000004,0
2009,5,24,3,30,0,0,22,9290,23,0.30000000000000004,0
2009,5,24,4,30,0,0,21,9300,23,0.30000000000000004,0
2009,5,24,5,30,0,0,21,9300,23,0.30000000000000004,0
2009,5,24,6,30,35,0,21,9310,24,0.30000000000000004,35
2009,5,24,7,30,149,197,21,9310,25,0.2,216
2009,5,24,8,30,230,359,21,9320,28,0.2,428
2009,5,24,9,30,243,555,19,9310,31,0.30000000000000004,652
2009,5,24,10,30,274,601,18,9310,34,0.30000000000000004,802
2009,5,24,11,30,328,607,17,9300,36,0.30000000000000004,916
2009,5,24,12,30,278,674,16,9290,37,0.4,952
2009,5,24,13,30,274,664,17,9280,37,0.4,919
2009,5,24,14,30,261,631,17,9280,36,0.4,819
2009,5,24,15,30,238,567,18,9270,34,0.5,661
2009,5,24,16,30,202,461,18,9280,32,0.5,461
2009,5,24,17,30,162,179,18,9280,29,0.4,225
2009,5,24,18,30,35,0,19,9290,27,0.4,35
2009,5,24,19,30,0,0,20,9300,26,0.30000000000000004,0
2009,5,24,20,30,0,0,20,9300,25,0.30000000000000004,0
2009,5,24,21,30,0,0,21,9310,24,0.30000000000000004,0
2009,5,24,22,30,0,0,21,9310,24,0.30000000000000004,0
2009,5,24,23,30,0,0,21,9310,24,0.30000000000000004,0
2009,5,25,0,30,0,0,21,9300,23,0.30000000000000004,0
2009,5,25,1,30,0,0,21,9290,23,0.30000000000000004,0
2009,5,25,2,30,0,0,21,9280,23,0.30000000000000004,0
2009,5,25,3,30,0,0,21,9280,23,0.30000000000000004,0
2009,5,25,4,30,0,0,21,9290,23,0.2,0
2009,5,25,5,30,0,0,21,9290,23,0.2,0
2009,5,25,6,30,34,2,21,9300,24,0.2,35
2009,5,25,7,30,145,264,22,9310,25,0.2,235
2009,5,25,8,30,204,455,22,9310,28,0.2,455
2009,5,25,9,30,245,567,19,9310,32,0.2,663
2009,5,25,10,30,262,647,14,9310,36,0.30000000000000004,830
2009,5,25,11,30,280,681,13,9300,37,0.30000000000000004,939
2009,5,25,12,30,286,692,13,9290,38,0.30000000000000004,978
2009,5,25,13,30,281,682,13,9280,38,0.4,943
2009,5,25,14,30,262,650,13,9280,37,0.4,837
2009,5,25,15,30,246,572,13,9270,36,0.4,672
2009,5,25,16,30,207,462,14,9280,34,0.4,467
2009,5,25,17,30,163,212,15,9280,31,0.4,237
2009,5,25,18,30,36,0,17,9290,29,0.30000000000000004,36
2009,5,25,19,30,0,0,19,9300,27,0.30000000000000004,0
2009,5,25,20,30,0,0,20,9310,26,0.30000000000000004,0
2009,5,25,21,30,0,0,21,9310,25,0.2,0
2009,5,25,22,30,0,0,21,9310,24,0.2,0
2009,5,25,23,30,0,0,22,9300,23,0.2,0
2009,5,26,0,30,0,0,22,9300,23,0.2,0
2009,5,26,1,30,0,0,21,9290,23,0.2,0
2009,5,26,2,30,0,0,21,9290,23,0.2,0
2009,5,26,3,30,0,0,21,9290,23,0.2,0
2009,5,26,4,30,0,0,21,9290,23,0.2,0
2009,5,26,5,30,0,0,21,9300,23,0.2,0
2009,5,26,6,30,35,3,21,9310,24,0.2,36
2009,5,26,7,30,147,232,21,9320,26,0.2,226
2009,5,26,8,30,204,455,20,9320,29,0.2,455
2009,5,26,9,30,240,573,19,9320,33,0.2,661
2009,5,26,10,30,263,638,17,9310,36,0.2,823
2009,5,26,11,30,276,673,16,9310,38,0.2,927
2009,5,26,12,30,280,684,16,9300,39,0.30000000000000004,964
2009,5,26,13,30,276,673,16,9290,39,0.30000000000000004,930
2009,5,26,14,30,263,639,16,9280,38,0.30000000000000004,829
2009,5,26,15,30,241,576,16,9280,37,0.30000000000000004,670
2009,5,26,16,30,206,463,16,9280,34,0.4,467
2009,5,26,17,30,162,230,17,9290,31,0.4,243
2009,5,26,18,30,37,0,17,9300,29,0.4,37
2009,5,26,19,30,0,0,19,9310,27,0.30000000000000004,0
2009,5,26,20,30,0,0,20,9320,26,0.30000000000000004,0
2009,5,26,21,30,0,0,20,9320,25,0.30000000000000004,0
2009,5,26,22,30,0,0,21,9320,24,0.2,0
2009,5,26,23,30,0,0,21,9320,23,0.30000000000000004,0
2009,5,27,0,30,0,0,21,9310,23,0.30000000000000004,0
2009,5,27,1,30,0,0,21,9310,23,0.2,0
2009,5,27,2,30,0,0,20,9310,23,0.2,0
2009,5,27,3,30,0,0,20,9310,23,0.2,0
2009,5,27,4,30,0,0,20,9310,22,0.2,0
2009,5,27,5,30,0,0,20,9310,22,0.2,0
2009,5,27,6,30,35,5,20,9320,23,0.2,36
2009,5,27,7,30,149,182,21,9330,26,0.2,211
2009,5,27,8,30,217,412,20,9330,29,0.2,445
2009,5,27,9,30,248,541,18,9330,33,0.2,646
2009,5,27,10,30,301,575,17,9330,36,0.2,806
2009,5,27,11,30,307,640,17,9320,38,0.2,926
2009,5,27,12,30,281,688,16,9310,39,0.2,969
2009,5,27,13,30,342,586,16,9300,39,0.30000000000000004,911
2009,5,27,14,30,264,641,17,9300,38,0.30000000000000004,831
2009,5,27,15,30,241,570,19,9290,35,0.4,666
2009,5,27,16,30,204,467,20,9300,32,0.4,467
2009,5,27,17,30,163,184,20,9310,29,0.4,228
2009,5,27,18,30,38,0,21,9320,27,0.4,38
2009,5,27,19,30,0,0,21,9330,26,0.4,0
2009,5,27,20,30,0,0,21,9330,25,0.30000000000000004,0
2009,5,27,21,30,0,0,21,9330,25,0.30000000000000004,0
2009,5,27,22,30,0,0,22,9330,24,0.2,0
2009,5,27,23,30,0,0,22,9320,24,0.2,0
2009,5,28,0,30,0,0,22,9320,24,0.2,0
2009,5,28,1,30,0,0,22,9310,24,0.30000000000000004,0
2009,5,28,2,30,0,0,22,9310,23,0.30000000000000004,0
2009,5,28,3,30,0,0,22,9310,23,0.2,0
2009,5,28,4,30,0,0,22,9320,23,0.2,0
2009,5,28,5,30,0,0,22,9320,23,0.2,0
2009,5,28,6,30,35,6,21,9330,24,0.2,36
2009,5,28,7,30,148,232,21,9330,26,0.2,227
2009,5,28,8,30,204,455,21,9340,29,0.2,455
2009,5,28,9,30,239,571,21,9340,32,0.2,659
2009,5,28,10,30,262,636,20,9340,35,0.2,821
2009,5,28,11,30,275,671,19,9320,37,0.2,924
2009,5,28,12,30,280,682,18,9320,38,0.30000000000000004,961
2009,5,28,13,30,276,671,19,9310,37,0.30000000000000004,927
2009,5,28,14,30,263,637,19,9310,36,0.4,826
2009,5,28,15,30,240,573,20,9310,34,0.4,668
2009,5,28,16,30,214,441,20,9310,31,0.4,463
2009,5,28,17,30,157,250,20,9320,29,0.4,246
2009,5,28,18,30,40,11,20,9330,27,0.30000000000000004,42
2009,5,28,19,30,0,0,21,9330,26,0.30000000000000004,0
2009,5,28,20,30,0,0,21,9340,25,0.30000000000000004,0
2009,5,28,21,30,0,0,21,9340,24,0.30000000000000004,0
2009,5,28,22,30,0,0,22,9340,24,0.30000000000000004,0
2009,5,28,23,30,0,0,22,9330,24,0.30000000000000004,0
2009,5,29,0,30,0,0,22,9330,23,0.30000000000000004,0
2009,5,29,1,30,0,0,21,9320,24,0.30000000000000004,0
2009,5,29,2,30,0,0,21,9320,23,0.30000000000000004,0
2009,5,29,3,30,0,0,21,9320,23,0.30000000000000004,0
2009,5,29,4,30,0,0,21,9330,23,0.2,0
2009,5,29,5,30,0,0,21,9340,23,0.2,0
2009,5,29,6,30,36,7,21,9340,24,0.2,37
2009,5,29,7,30,155,150,20,9350,27,0.30000000000000004,206
2009,5,29,8,30,240,360,20,9350,30,0.30000000000000004,439
2009,5,29,9,30,239,569,19,9350,33,0.30000000000000004,658
2009,5,29,10,30,262,635,18,9350,35,0.30000000000000004,819
2009,5,29,11,30,275,670,18,9340,37,0.30000000000000004,923
2009,5,29,12,30,279,681,17,9330,38,0.30000000000000004,960
2009,5,29,13,30,275,670,17,9320,38,0.30000000000000004,926
2009,5,29,14,30,263,636,18,9310,37,0.4,826
2009,5,29,15,30,240,573,19,9310,34,0.4,668
2009,5,29,16,30,204,468,19,9320,31,0.4,468
2009,5,29,17,30,165,218,20,9320,29,0.4,242
2009,5,29,18,30,33,0,20,9330,27,0.4,33
2009,5,29,19,30,0,0,20,9330,26,0.30000000000000004,0
2009,5,29,20,30,0,0,21,9340,25,0.30000000000000004,0
2009,5,29,21,30,0,0,21,9340,25,0.30000000000000004,0
2009,5,29,22,30,0,0,21,9340,24,0.30000000000000004,0
2009,5,29,23,30,0,0,20,9330,24,0.30000000000000004,0
2009,5,30,0,30,0,0,20,9330,24,0.30000000000000004,0
2009,5,30,1,30,0,0,20,9320,23,0.30000000000000004,0
2009,5,30,2,30,0,0,21,9320,23,0.30000000000000004,0
2009,5,30,3,30,0,0,21,9320,23,0.30000000000000004,0
2009,5,30,4,30,0,0,21,9320,23,0.30000000000000004,0
2009,5,30,5,30,0,0,21,9320,23,0.30000000000000004,0
2009,5,30,6,30,36,2,21,9330,24,0.30000000000000004,37
2009,5,30,7,30,147,249,21,9340,25,0.2,232
2009,5,30,8,30,203,455,21,9340,27,0.2,454
2009,5,30,9,30,244,566,21,9340,31,0.2,660
2009,5,30,10,30,265,645,19,9330,34,0.2,830
2009,5,30,11,30,277,679,19,9320,37,0.30000000000000004,934
2009,5,30,12,30,281,689,18,9310,38,0.30000000000000004,970
2009,5,30,13,30,277,678,18,9300,38,0.30000000000000004,935
2009,5,30,14,30,264,642,19,9290,36,0.4,833
2009,5,30,15,30,241,578,19,9300,34,0.4,673
2009,5,30,16,30,207,464,20,9300,31,0.4,470
2009,5,30,17,30,159,236,20,9310,29,0.4,243
2009,5,30,18,30,43,5,20,9320,27,0.4,44
2009,5,30,19,30,0,0,20,9330,26,0.30000000000000004,0
2009,5,30,20,30,0,0,21,9330,25,0.30000000000000004,0
2009,5,30,21,30,0,0,21,9330,24,0.30000000000000004,0
2009,5,30,22,30,0,0,21,9330,24,0.30000000000000004,0
2009,5,30,23,30,0,0,21,9330,24,0.30000000000000004,0
2009,5,31,0,30,0,0,21,9320,24,0.30000000000000004,0
2009,5,31,1,30,0,0,20,9320,24,0.30000000000000004,0
2009,5,31,2,30,0,0,20,9320,23,0.30000000000000004,0
2009,5,31,3,30,0,0,20,9320,23,0.30000000000000004,0
2009,5,31,4,30,0,0,20,9320,23,0.30000000000000004,0
2009,5,31,5,30,0,0,20,9330,23,0.30000000000000004,0
2009,5,31,6,30,36,2,20,9330,25,0.2,37
2009,5,31,7,30,148,232,20,9340,27,0.2,227
2009,5,31,8,30,203,454,20,9340,30,0.2,454
2009,5,31,9,30,238,569,19,9340,32,0.30000000000000004,656
2009,5,31,10,30,262,634,17,9330,35,0.30000000000000004,818
2009,5,31,11,30,293,652,16,9320,37,0.30000000000000004,923
2009,5,31,12,30,279,682,15,9320,37,0.4,961
2009,5,31,13,30,276,672,15,9310,37,0.4,928
2009,5,31,14,30,263,638,15,9310,36,0.4,828
2009,5,31,15,30,241,575,15,9310,35,0.4,670
2009,5,31,16,30,204,469,16,9310,33,0.4,470
2009,5,31,17,30,165,221,17,9320,31,0.4,244
2009,5,31,18,30,38,0,18,9320,28,0.30000000000000004,38
2009,5,31,19,30,0,0,20,9330,27,0.30000000000000004,0
2009,5,31,20,30,0,0,21,9330,26,0.30000000000000004,0
2009,5,31,21,30,0,0,22,9330,25,0.30000000000000004,0
2009,5,31,22,30,0,0,22,9330,25,0.2,0
2009,5,31,23,30,0,0,22,9330,24,0.2,0
2007,6,1,0,30,0,0,22,9330,24,0.2,0
2007,6,1,1,30,0,0,22,9330,24,0.2,0
2007,6,1,2,30,0,0,22,9330,24,0.2,0
2007,6,1,3,30,0,0,22,9330,24,0.2,0
2007,6,1,4,30,0,0,22,9330,24,0.2,0
2007,6,1,5,30,0,0,22,9340,23,0.2,0
2007,6,1,6,30,42,27,22,9350,24,0.1,45
2007,6,1,7,30,152,124,22,9360,26,0.1,194
2007,6,1,8,30,235,288,22,9360,28,0.1,394
2007,6,1,9,30,219,585,22,9360,30,0.1,649
2007,6,1,10,30,193,727,21,9360,31,0.1,830
2007,6,1,11,30,215,726,21,9350,32,0.1,917
2007,6,1,12,30,205,767,21,9340,32,0.1,971
2007,6,1,13,30,325,592,21,9340,31,0.1,900
2007,6,1,14,30,194,9,22,9330,29,0.2,202
2007,6,1,15,30,129,0,22,9340,28,0.2,129
2007,6,1,16,30,92,0,22,9340,27,0.2,92
2007,6,1,17,30,50,0,23,9340,26,0.1,50
2007,6,1,18,30,12,0,23,9350,25,0.1,12
2007,6,1,19,30,0,0,23,9350,25,0.1,0
2007,6,1,20,30,0,0,23,9350,24,0.1,0
2007,6,1,21,30,0,0,24,9350,25,0.1,0
2007,6,1,22,30,0,0,24,9350,25,0.2,0
2007,6,1,23,30,0,0,23,9340,25,0.2,0
2007,6,2,0,30,0,0,23,9340,24,0.2,0
2007,6,2,1,30,0,0,23,9330,24,0.2,0
2007,6,2,2,30,0,0,23,9330,24,0.2,0
2007,6,2,3,30,0,0,23,9330,24,0.2,0
2007,6,2,4,30,0,0,23,9330,24,0.2,0
2007,6,2,5,30,0,0,23,9340,24,0.2,0
2007,6,2,6,30,37,7,22,9350,24,0.2,38
2007,6,2,7,30,118,369,22,9350,25,0.2,243
2007,6,2,8,30,152,568,22,9360,27,0.1,465
2007,6,2,9,30,177,666,22,9360,28,0.1,666
2007,6,2,10,30,193,723,22,9350,30,0.1,826
2007,6,2,11,30,202,753,22,9350,30,0.1,930
2007,6,2,12,30,329,600,22,9340,30,0.1,928
2007,6,2,13,30,367,321,22,9330,30,0.1,679
2007,6,2,14,30,146,2,22,9330,29,0.1,148
2007,6,2,15,30,120,0,21,9330,28,0.1,120
2007,6,2,16,30,93,0,21,9330,27,0.1,93
2007,6,2,17,30,50,0,22,9340,26,0.1,50
2007,6,2,18,30,12,0,22,9350,25,0.1,12
2007,6,2,19,30,0,0,22,9350,25,0.1,0
2007,6,2,20,30,0,0,22,9360,24,0.1,0
2007,6,2,21,30,0,0,22,9360,24,0.1,0
2007,6,2,22,30,0,0,22,9360,24,0.1,0
2007,6,2,23,30,0,0,22,9350,23,0.1,0
2007,6,3,0,30,0,0,22,9340,23,0.1,0
2007,6,3,1,30,0,0,22,9330,23,0.2,0
2007,6,3,2,30,0,0,22,9320,23,0.2,0
2007,6,3,3,30,0,0,22,9320,23,0.2,0
2007,6,3,4,30,0,0,22,9320,23,0.2,0
2007,6,3,5,30,0,0,21,9330,23,0.2,0
2007,6,3,6,30,38,21,22,9340,24,0.2,41
2007,6,3,7,30,121,345,22,9340,25,0.2,238
2007,6,3,8,30,173,498,22,9350,27,0.30000000000000004,448
2007,6,3,9,30,176,663,21,9350,29,0.30000000000000004,663
2007,6,3,10,30,192,720,21,9340,30,0.30000000000000004,823
2007,6,3,11,30,230,703,21,9330,31,0.30000000000000004,909
2007,6,3,12,30,292,636,22,9330,30,0.30000000000000004,927
2007,6,3,13,30,201,751,22,9320,30,0.30000000000000004,931
2007,6,3,14,30,193,723,22,9320,28,0.30000000000000004,833
2007,6,3,15,30,135,0,22,9320,27,0.30000000000000004,135
2007,6,3,16,30,96,0,22,9330,26,0.30000000000000004,96
2007,6,3,17,30,55,0,22,9340,26,0.30000000000000004,55
2007,6,3,18,30,15,0,22,9350,25,0.2,15
2007,6,3,19,30,0,0,22,9350,24,0.2,0
2007,6,3,20,30,0,0,22,9360,24,0.2,0
2007,6,3,21,30,0,0,22,9360,24,0.1,0
2007,6,3,22,30,0,0,22,9360,24,0.1,0
2007,6,3,23,30,0,0,22,9350,23,0.1,0
2007,6,4,0,30,0,0,22,9340,23,0.1,0
2007,6,4,1,30,0,0,22,9330,23,0.1,0
2007,6,4,2,30,0,0,22,9330,23,0.1,0
2007,6,4,3,30,0,0,22,9330,23,0.1,0
2007,6,4,4,30,0,0,22,9330,23,0.2,0
2007,6,4,5,30,0,0,22,9330,23,0.2,0
2007,6,4,6,30,34,0,22,9340,24,0.2,34
2007,6,4,7,30,134,318,22,9350,25,0.2,242
2007,6,4,8,30,152,566,22,9350,28,0.2,463
2007,6,4,9,30,177,664,22,9350,29,0.2,664
2007,6,4,10,30,192,721,22,9350,31,0.2,823
2007,6,4,11,30,201,751,22,9340,32,0.2,926
2007,6,4,12,30,204,761,22,9340,31,0.2,964
2007,6,4,13,30,201,752,22,9330,30,0.1,932
2007,6,4,14,30,193,723,22,9330,29,0.2,833
2007,6,4,15,30,338,299,22,9330,28,0.2,562
2007,6,4,16,30,120,0,22,9340,27,0.2,120
2007,6,4,17,30,122,7,23,9340,26,0.1,125
2007,6,4,18,30,13,0,23,9350,25,0.1,13
2007,6,4,19,30,0,0,23,9360,25,0.1,0
2007,6,4,20,30,0,0,23,9360,24,0.1,0
2007,6,4,21,30,0,0,23,9360,24,0.1,0
2007,6,4,22,30,0,0,23,9360,24,0.1,0
2007,6,4,23,30,0,0,23,9350,24,0.1,0
2007,6,5,0,30,0,0,23,9350,24,0.1,0
2007,6,5,1,30,0,0,23,9350,24,0.1,0
2007,6,5,2,30,0,0,22,9340,24,0.1,0
2007,6,5,3,30,0,0,22,9340,24,0.1,0
2007,6,5,4,30,0,0,22,9340,24,0.1,0
2007,6,5,5,30,0,0,22,9350,24,0.1,0
2007,6,5,6,30,41,36,22,9350,24,0.1,45
2007,6,5,7,30,112,391,23,9360,26,0.1,244
2007,6,5,8,30,151,565,22,9360,27,0.1,462
2007,6,5,9,30,176,663,22,9360,29,0.1,662
2007,6,5,10,30,192,719,22,9350,31,0.1,821
2007,6,5,11,30,201,750,22,9350,32,0.1,925
2007,6,5,12,30,204,760,22,9340,32,0.1,962
2007,6,5,13,30,246,665,22,9330,31,0.1,892
2007,6,5,14,30,193,723,22,9330,30,0.2,834
2007,6,5,15,30,178,669,22,9330,29,0.2,679
2007,6,5,16,30,154,576,22,9330,28,0.2,483
2007,6,5,17,30,147,276,22,9340,27,0.2,247
2007,6,5,18,30,13,0,22,9350,26,0.2,13
2007,6,5,19,30,0,0,23,9360,25,0.2,0
2007,6,5,20,30,0,0,23,9360,25,0.2,0
2007,6,5,21,30,0,0,23,9360,24,0.1,0
2007,6,5,22,30,0,0,23,9360,24,0.1,0
2007,6,5,23,30,0,0,23,9360,24,0.1,0
2007,6,6,0,30,0,0,23,9350,24,0.1,0
2007,6,6,1,30,0,0,23,9340,24,0.1,0
2007,6,6,2,30,0,0,22,9340,24,0.1,0
2007,6,6,3,30,0,0,22,9340,24,0.1,0
2007,6,6,4,30,0,0,22,9340,24,0.1,0
2007,6,6,5,30,0,0,22,9340,24,0.1,0
2007,6,6,6,30,31,0,22,9350,24,0.1,31
2007,6,6,7,30,134,205,22,9350,26,0.1,204
2007,6,6,8,30,197,451,22,9350,29,0.1,445
2007,6,6,9,30,176,664,21,9350,32,0.1,663
2007,6,6,10,30,186,720,21,9350,33,0.1,816
2007,6,6,11,30,201,751,21,9340,33,0.2,926
2007,6,6,12,30,204,761,21,9330,33,0.2,964
2007,6,6,13,30,202,752,21,9330,32,0.2,932
2007,6,6,14,30,193,724,21,9330,30,0.30000000000000004,835
2007,6,6,15,30,178,670,21,9330,29,0.30000000000000004,681
2007,6,6,16,30,256,154,21,9340,28,0.30000000000000004,344
2007,6,6,17,30,117,414,22,9340,27,0.2,266
2007,6,6,18,30,42,0,22,9350,26,0.2,42
2007,6,6,19,30,0,0,23,9350,25,0.2,0
2007,6,6,20,30,0,0,23,9350,25,0.2,0
2007,6,6,21,30,0,0,23,9350,24,0.2,0
2007,6,6,22,30,0,0,24,9350,25,0.2,0
2007,6,6,23,30,0,0,24,9350,25,0.2,0
2007,6,7,0,30,0,0,23,9340,25,0.30000000000000004,0
2007,6,7,1,30,0,0,23,9330,25,0.30000000000000004,0
2007,6,7,2,30,0,0,23,9330,25,0.30000000000000004,0
2007,6,7,3,30,0,0,23,9330,25,0.30000000000000004,0
2007,6,7,4,30,0,0,23,9340,25,0.30000000000000004,0
2007,6,7,5,30,0,0,23,9340,25,0.2,0
2007,6,7,6,30,25,0,23,9350,25,0.2,25
2007,6,7,7,30,127,21,23,9350,26,0.2,135
2007,6,7,8,30,243,130,23,9360,27,0.2,315
2007,6,7,9,30,222,591,23,9360,28,0.2,655
2007,6,7,10,30,192,718,22,9350,29,0.2,819
2007,6,7,11,30,203,741,22,9350,30,0.2,918
2007,6,7,12,30,296,649,21,9340,31,0.2,944
2007,6,7,13,30,392,355,21,9330,31,0.2,737
2007,6,7,14,30,259,635,21,9330,30,0.30000000000000004,822
2007,6,7,15,30,203,588,21,9330,29,0.30000000000000004,645
2007,6,7,16,30,154,576,21,9330,28,0.30000000000000004,484
2007,6,7,17,30,149,105,21,9340,27,0.30000000000000004,187
2007,6,7,18,30,29,0,21,9340,26,0.30000000000000004,29
2007,6,7,19,30,0,0,22,9340,25,0.30000000000000004,0
2007,6,7,20,30,0,0,22,9340,24,0.2,0
2007,6,7,21,30,0,0,23,9340,24,0.2,0
2007,6,7,22,30,0,0,23,9340,24,0.2,0
2007,6,7,23,30,0,0,23,9340,24,0.2,0
2007,6,8,0,30,0,0,22,9330,24,0.2,0
2007,6,8,1,30,0,0,22,9330,24,0.2,0
2007,6,8,2,30,0,0,22,9330,24,0.2,0
2007,6,8,3,30,0,0,22,9330,23,0.2,0
2007,6,8,4,30,0,0,22,9330,24,0.2,0
2007,6,8,5,30,0,0,22,9340,24,0.2,0
2007,6,8,6,30,39,14,22,9340,24,0.2,41
2007,6,8,7,30,138,78,22,9350,26,0.2,165
2007,6,8,8,30,175,518,23,9350,28,0.2,460
2007,6,8,9,30,237,505,22,9350,30,0.2,607
2007,6,8,10,30,210,686,22,9340,31,0.2,810
2007,6,8,11,30,232,704,22,9330,32,0.30000000000000004,911
2007,6,8,12,30,270,642,21,9330,31,0.30000000000000004,911
2007,6,8,13,30,201,751,21,9320,30,0.30000000000000004,930
2007,6,8,14,30,230,659,21,9320,29,0.30000000000000004,815
2007,6,8,15,30,178,668,22,9330,28,0.30000000000000004,679
2007,6,8,16,30,256,134,22,9330,27,0.30000000000000004,333
2007,6,8,17,30,172,197,22,9330,26,0.2,244
2007,6,8,18,30,13,0,23,9340,25,0.2,13
2007,6,8,19,30,0,0,23,9350,25,0.2,0
2007,6,8,20,30,0,0,24,9350,25,0.2,0
2007,6,8,21,30,0,0,24,9350,25,0.2,0
2007,6,8,22,30,0,0,24,9350,25,0.2,0
2007,6,8,23,30,0,0,23,9340,25,0.30000000000000004,0
2007,6,9,0,30,0,0,23,9330,25,0.30000000000000004,0
2007,6,9,1,30,0,0,23,9330,25,0.30000000000000004,0
2007,6,9,2,30,0,0,23,9320,24,0.30000000000000004,0
2007,6,9,3,30,0,0,22,9320,24,0.30000000000000004,0
2007,6,9,4,30,0,0,23,9330,24,0.2,0
2007,6,9,5,30,0,0,23,9330,24,0.2,0
2007,6,9,6,30,39,13,23,9340,24,0.30000000000000004,41
2007,6,9,7,30,146,99,23,9340,26,0.2,180
2007,6,9,8,30,263,114,23,9350,27,0.2,326
2007,6,9,9,30,313,29,22,9350,29,0.30000000000000004,335
2007,6,9,10,30,382,42,22,9350,30,0.30000000000000004,419
2007,6,9,11,30,378,416,22,9340,30,0.30000000000000004,779
2007,6,9,12,30,260,658,23,9330,29,0.30000000000000004,917
2007,6,9,13,30,217,731,23,9330,28,0.30000000000000004,927
2007,6,9,14,30,231,649,23,9320,28,0.30000000000000004,807
2007,6,9,15,30,246,524,23,9320,27,0.30000000000000004,640
2007,6,9,16,30,265,189,23,9320,26,0.30000000000000004,374
2007,6,9,17,30,137,333,23,9330,25,0.2,259
2007,6,9,18,30,50,27,23,9330,25,0.2,54
2007,6,9,19,30,0,0,23,9340,24,0.2,0
2007,6,9,20,30,0,0,23,9340,24,0.30000000000000004,0
2007,6,9,21,30,0,0,23,9340,24,0.30000000000000004,0
2007,6,9,22,30,0,0,23,9340,25,0.30000000000000004,0
2007,6,9,23,30,0,0,23,9340,24,0.30000000000000004,0
2007,6,10,0,30,0,0,23,9330,24,0.30000000000000004,0
2007,6,10,1,30,0,0,23,9330,24,0.30000000000000004,0
2007,6,10,2,30,0,0,23,9320,24,0.30000000000000004,0
2007,6,10,3,30,0,0,23,9320,24,0.30000000000000004,0
2007,6,10,4,30,0,0,23,9320,24,0.30000000000000004,0
2007,6,10,5,30,0,0,23,9320,24,0.30000000000000004,0
2007,6,10,6,30,36,5,23,9330,24,0.30000000000000004,37
2007,6,10,7,30,141,116,23,9330,25,0.30000000000000004,180
2007,6,10,8,30,236,266,23,9330,27,0.30000000000000004,382
2007,6,10,9,30,209,576,23,9340,29,0.30000000000000004,630
2007,6,10,10,30,233,632,23,9330,30,0.4,785
2007,6,10,11,30,272,592,22,9330,29,0.4,843
2007,6,10,12,30,307,631,23,9320,29,0.4,937
2007,6,10,13,30,403,329,23,9320,29,0.4,723
2007,6,10,14,30,286,506,23,9310,28,0.4,736
2007,6,10,15,30,219,599,23,9300,27,0.4,670
2007,6,10,16,30,252,133,23,9300,26,0.4,329
2007,6,10,17,30,150,177,23,9310,26,0.4,215
2007,6,10,18,30,32,0,23,9310,25,0.30000000000000004,32
2007,6,10,19,30,0,0,23,9320,25,0.30000000000000004,0
2007,6,10,20,30,0,0,23,9330,25,0.30000000000000004,0
2007,6,10,21,30,0,0,23,9330,25,0.30000000000000004,0
2007,6,10,22,30,0,0,23,9330,24,0.30000000000000004,0
2007,6,10,23,30,0,0,23,9320,24,0.30000000000000004,0
2007,6,11,0,30,0,0,23,9320,24,0.30000000000000004,0
2007,6,11,1,30,0,0,23,9310,24,0.30000000000000004,0
2007,6,11,2,30,0,0,23,9300,24,0.30000000000000004,0
2007,6,11,3,30,0,0,23,9300,24,0.4,0
2007,6,11,4,30,0,0,23,9300,24,0.30000000000000004,0
2007,6,11,5,30,0,0,23,9300,24,0.30000000000000004,0
2007,6,11,6,30,41,25,22,9310,24,0.30000000000000004,44
2007,6,11,7,30,147,111,23,9310,26,0.30000000000000004,185
2007,6,11,8,30,268,171,22,9320,27,0.30000000000000004,362
2007,6,11,9,30,334,170,23,9320,29,0.30000000000000004,459
2007,6,11,10,30,242,654,22,9310,30,0.30000000000000004,813
2007,6,11,11,30,278,556,22,9300,31,0.30000000000000004,814
2007,6,11,12,30,248,710,22,9300,31,0.30000000000000004,956
2007,6,11,13,30,202,754,21,9290,30,0.30000000000000004,934
2007,6,11,14,30,193,726,21,9290,29,0.30000000000000004,838
2007,6,11,15,30,178,672,22,9290,29,0.30000000000000004,685
2007,6,11,16,30,155,581,21,9290,28,0.30000000000000004,489
2007,6,11,17,30,118,421,22,9290,26,0.30000000000000004,272
2007,6,11,18,30,53,49,22,9300,25,0.30000000000000004,60
2007,6,11,19,30,0,0,23,9310,25,0.2,0
2007,6,11,20,30,0,0,23,9310,25,0.2,0
2007,6,11,21,30,0,0,23,9320,25,0.2,0
2007,6,11,22,30,0,0,23,9320,24,0.2,0
2007,6,11,23,30,0,0,23,9310,24,0.2,0
2007,6,12,0,30,0,0,23,9300,24,0.30000000000000004,0
2007,6,12,1,30,0,0,23,9300,24,0.30000000000000004,0
2007,6,12,2,30,0,0,23,9290,24,0.30000000000000004,0
2007,6,12,3,30,0,0,22,9290,24,0.30000000000000004,0
2007,6,12,4,30,0,0,22,9300,24,0.30000000000000004,0
2007,6,12,5,30,0,0,22,9300,24,0.2,0
2007,6,12,6,30,35,4,22,9310,24,0.2,36
2007,6,12,7,30,140,163,22,9310,26,0.2,195
2007,6,12,8,30,151,562,22,9310,28,0.2,458
2007,6,12,9,30,176,661,22,9310,30,0.30000000000000004,658
2007,6,12,10,30,191,718,21,9310,31,0.30000000000000004,818
2007,6,12,11,30,200,749,21,9300,32,0.30000000000000004,922
2007,6,12,12,30,240,686,21,9300,32,0.30000000000000004,924
2007,6,12,13,30,248,654,21,9290,32,0.30000000000000004,884
2007,6,12,14,30,381,237,21,9290,31,0.30000000000000004,592
2007,6,12,15,30,300,64,20,9290,30,0.30000000000000004,349
2007,6,12,16,30,134,0,20,9290,29,0.30000000000000004,134
2007,6,12,17,30,114,0,21,9300,27,0.30000000000000004,114
2007,6,12,18,30,53,51,22,9310,26,0.2,61
2007,6,12,19,30,0,0,22,9310,26,0.2,0
2007,6,12,20,30,0,0,23,9320,25,0.2,0
2007,6,12,21,30,0,0,24,9320,25,0.2,0
2007,6,12,22,30,0,0,24,9310,25,0.2,0
2007,6,12,23,30,0,0,24,9310,25,0.2,0
2007,6,13,0,30,0,0,24,9300,25,0.2,0
2007,6,13,1,30,0,0,24,9300,25,0.2,0
2007,6,13,2,30,0,0,24,9290,25,0.2,0
2007,6,13,3,30,0,0,23,9290,25,0.2,0
2007,6,13,4,30,0,0,23,9300,24,0.2,0
2007,6,13,5,30,0,0,23,9300,24,0.1,0
2007,6,13,6,30,33,0,23,9310,25,0.1,33
2007,6,13,7,30,139,101,23,9310,27,0.1,173
2007,6,13,8,30,216,369,23,9310,28,0.1,418
2007,6,13,9,30,187,613,22,9320,30,0.1,634
2007,6,13,10,30,250,583,22,9310,30,0.1,758
2007,6,13,11,30,402,321,23,9300,30,0.2,711
2007,6,13,12,30,446,129,23,9300,29,0.2,575
2007,6,13,13,30,429,197,23,9290,29,0.2,621
2007,6,13,14,30,344,24,23,9290,28,0.30000000000000004,366
2007,6,13,15,30,244,9,23,9290,27,0.30000000000000004,251
2007,6,13,16,30,170,2,23,9300,26,0.2,172
2007,6,13,17,30,52,0,23,9300,26,0.2,52
2007,6,13,18,30,14,0,23,9310,25,0.2,14
2007,6,13,19,30,0,0,23,9320,25,0.1,0
2007,6,13,20,30,0,0,24,9320,25,0.1,0
2007,6,13,21,30,0,0,24,9320,25,0.1,0
2007,6,13,22,30,0,0,24,9320,25,0.1,0
2007,6,13,23,30,0,0,23,9310,24,0.1,0
2007,6,14,0,30,0,0,23,9300,24,0.2,0
2007,6,14,1,30,0,0,22,9290,24,0.2,0
2007,6,14,2,30,0,0,23,9290,24,0.2,0
2007,6,14,3,30,0,0,22,9290,24,0.1,0
2007,6,14,4,30,0,0,22,9290,24,0.1,0
2007,6,14,5,30,0,0,22,9300,23,0.1,0
2007,6,14,6,30,35,3,22,9300,24,0.1,36
2007,6,14,7,30,147,105,22,9310,25,0.1,183
2007,6,14,8,30,261,112,23,9310,27,0.2,323
2007,6,14,9,30,318,271,23,9310,28,0.2,516
2007,6,14,10,30,393,115,23,9310,29,0.2,494
2007,6,14,11,30,431,125,24,9300,29,0.2,552
2007,6,14,12,30,402,319,24,9290,29,0.1,720
2007,6,14,13,30,403,70,24,9290,28,0.1,472
2007,6,14,14,30,296,15,24,9280,28,0.2,310
2007,6,14,15,30,171,1,23,9280,27,0.2,172
2007,6,14,16,30,95,0,23,9290,26,0.2,95
2007,6,14,17,30,66,0,23,9290,26,0.2,66
2007,6,14,18,30,14,0,23,9300,25,0.2,14
2007,6,14,19,30,0,0,23,9300,24,0.2,0
2007,6,14,20,30,0,0,23,9310,24,0.2,0
2007,6,14,21,30,0,0,23,9310,24,0.2,0
2007,6,14,22,30,0,0,23,9300,24,0.2,0
2007,6,14,23,30,0,0,23,9300,24,0.2,0
2007,6,15,0,30,0,0,22,9290,23,0.2,0
2007,6,15,1,30,0,0,22,9280,23,0.2,0
2007,6,15,2,30,0,0,22,9280,23,0.2,0
2007,6,15,3,30,0,0,22,9280,23,0.30000000000000004,0
2007,6,15,4,30,0,0,22,9280,23,0.30000000000000004,0
2007,6,15,5,30,0,0,22,9290,23,0.30000000000000004,0
2007,6,15,6,30,32,0,22,9290,24,0.30000000000000004,32
2007,6,15,7,30,110,384,22,9300,25,0.30000000000000004,238
2007,6,15,8,30,245,98,22,9300,27,0.4,299
2007,6,15,9,30,333,178,22,9300,28,0.4,463
2007,6,15,10,30,250,637,22,9290,28,0.4,805
2007,6,15,11,30,199,744,23,9290,29,0.4,915
2007,6,15,12,30,397,368,23,9280,29,0.30000000000000004,764
2007,6,15,13,30,309,607,23,9270,28,0.30000000000000004,899
2007,6,15,14,30,277,555,23,9270,28,0.30000000000000004,771
2007,6,15,15,30,341,227,22,9270,27,0.30000000000000004,513
2007,6,15,16,30,154,576,22,9270,26,0.30000000000000004,488
2007,6,15,17,30,118,419,22,9280,25,0.2,273
2007,6,15,18,30,45,40,22,9290,25,0.2,51
2007,6,15,19,30,0,0,22,9290,24,0.2,0
2007,6,15,20,30,0,0,22,9300,24,0.1,0
2007,6,15,21,30,0,0,22,9300,24,0.2,0
2007,6,15,22,30,0,0,22,9290,23,0.2,0
2007,6,15,23,30,0,0,22,9290,23,0.2,0
2007,6,16,0,30,0,0,22,9280,23,0.2,0
2007,6,16,1,30,0,0,22,9280,23,0.2,0
2007,6,16,2,30,0,0,22,9270,23,0.2,0
2007,6,16,3,30,0,0,22,9270,23,0.30000000000000004,0
2007,6,16,4,30,0,0,22,9280,23,0.30000000000000004,0
2007,6,16,5,30,0,0,22,9280,23,0.30000000000000004,0
2007,6,16,6,30,37,15,22,9290,23,0.30000000000000004,39
2007,6,16,7,30,119,334,21,9300,24,0.4,231
2007,6,16,8,30,201,381,21,9300,24,0.4,409
2007,6,16,9,30,196,606,21,9300,25,0.4,637
2007,6,16,10,30,239,617,21,9290,27,0.4,776
2007,6,16,11,30,332,491,21,9280,28,0.4,805
2007,6,16,12,30,282,18,22,9270,30,0.5,300
2007,6,16,13,30,414,118,21,9270,30,0.5,529
2007,6,16,14,30,299,531,21,9270,29,0.5,772
2007,6,16,15,30,314,330,21,9270,28,0.5,564
2007,6,16,16,30,220,366,21,9280,27,0.5,432
2007,6,16,17,30,151,226,21,9280,25,0.5,235
2007,6,16,18,30,53,42,21,9290,24,0.4,60
2007,6,16,19,30,0,0,21,9300,23,0.4,0
2007,6,16,20,30,0,0,21,9300,23,0.4,0
2007,6,16,21,30,0,0,21,9300,23,0.30000000000000004,0
2007,6,16,22,30,0,0,21,9300,23,0.30000000000000004,0
2007,6,16,23,30,0,0,21,9290,23,0.30000000000000004,0
2007,6,17,0,30,0,0,21,9290,23,0.30000000000000004,0
2007,6,17,1,30,0,0,21,9280,22,0.30000000000000004,0
2007,6,17,2,30,0,0,21,9280,22,0.30000000000000004,0
2007,6,17,3,30,0,0,21,9280,22,0.30000000000000004,0
2007,6,17,4,30,0,0,21,9290,22,0.30000000000000004,0
2007,6,17,5,30,0,0,21,9290,22,0.30000000000000004,0
2007,6,17,6,30,36,14,21,9300,23,0.30000000000000004,38
2007,6,17,7,30,110,383,21,9310,25,0.4,237
2007,6,17,8,30,241,158,21,9310,26,0.4,327
2007,6,17,9,30,273,432,22,9310,28,0.4,588
2007,6,17,10,30,329,420,22,9300,30,0.4,695
2007,6,17,11,30,322,532,22,9290,30,0.4,834
2007,6,17,12,30,376,83,22,9280,29,0.4,459
2007,6,17,13,30,365,324,22,9270,28,0.5,680
2007,6,17,14,30,219,12,22,9270,27,0.5,230
2007,6,17,15,30,240,11,22,9270,27,0.5,249
2007,6,17,16,30,244,71,22,9280,26,0.5,286
2007,6,17,17,30,147,60,21,9290,25,0.4,170
2007,6,17,18,30,14,0,22,9300,24,0.4,14
2007,6,17,19,30,0,0,22,9310,24,0.4,0
2007,6,17,20,30,0,0,22,9310,24,0.4,0
2007,6,17,21,30,0,0,22,9320,23,0.4,0
2007,6,17,22,30,0,0,22,9320,23,0.4,0
2007,6,17,23,30,0,0,22,9310,23,0.4,0
2007,6,18,0,30,0,0,22,9310,23,0.4,0
2007,6,18,1,30,0,0,22,9300,23,0.4,0
2007,6,18,2,30,0,0,21,9300,23,0.4,0
2007,6,18,3,30,0,0,21,9290,23,0.4,0
2007,6,18,4,30,0,0,21,9300,23,0.4,0
2007,6,18,5,30,0,0,21,9300,23,0.4,0
2007,6,18,6,30,34,0,21,9310,23,0.4,34
2007,6,18,7,30,147,116,21,9320,25,0.4,186
2007,6,18,8,30,249,164,21,9320,26,0.4,339
2007,6,18,9,30,243,53,21,9320,28,0.4,282
2007,6,18,10,30,307,565,21,9310,30,0.4,798
2007,6,18,11,30,429,140,21,9300,31,0.4,564
2007,6,18,12,30,442,101,22,9290,31,0.4,543
2007,6,18,13,30,435,186,22,9280,30,0.4,616
2007,6,18,14,30,398,97,21,9280,29,0.5,485
2007,6,18,15,30,335,80,21,9280,27,0.5,396
2007,6,18,16,30,226,372,21,9290,26,0.5,442
2007,6,18,17,30,152,281,21,9290,25,0.4,257
2007,6,18,18,30,14,0,21,9310,24,0.30000000000000004,14
2007,6,18,19,30,0,0,22,9310,24,0.30000000000000004,0
2007,6,18,20,30,0,0,22,9320,24,0.30000000000000004,0
2007,6,18,21,30,0,0,22,9320,24,0.30000000000000004,0
2007,6,18,22,30,0,0,22,9320,24,0.30000000000000004,0
2007,6,18,23,30,0,0,22,9320,23,0.30000000000000004,0
2007,6,19,0,30,0,0,22,9310,23,0.30000000000000004,0
2007,6,19,1,30,0,0,22,9300,23,0.4,0
2007,6,19,2,30,0,0,21,9300,23,0.4,0
2007,6,19,3,30,0,0,21,9300,23,0.4,0
2007,6,19,4,30,0,0,21,9300,23,0.30000000000000004,0
2007,6,19,5,30,0,0,21,9310,23,0.30000000000000004,0
2007,6,19,6,30,34,0,22,9310,23,0.30000000000000004,34
2007,6,19,7,30,120,27,22,9320,24,0.30000000000000004,129
2007,6,19,8,30,149,554,22,9320,25,0.30000000000000004,450
2007,6,19,9,30,174,653,21,9330,26,0.30000000000000004,649
2007,6,19,10,30,375,271,21,9330,26,0.4,611
2007,6,19,11,30,390,347,21,9320,26,0.4,724
2007,6,19,12,30,339,586,20,9310,27,0.4,923
2007,6,19,13,30,361,140,20,9300,27,0.4,498
2007,6,19,14,30,192,719,20,9290,28,0.4,833
2007,6,19,15,30,272,34,20,9290,27,0.4,298
2007,6,19,16,30,173,6,20,9290,26,0.4,177
2007,6,19,17,30,119,423,20,9300,25,0.4,277
2007,6,19,18,30,47,17,20,9300,24,0.30000000000000004,50
2007,6,19,19,30,0,0,21,9310,23,0.30000000000000004,0
2007,6,19,20,30,0,0,21,9310,23,0.30000000000000004,0
2007,6,19,21,30,0,0,21,9310,23,0.30000000000000004,0
2007,6,19,22,30,0,0,21,9310,23,0.2,0
2007,6,19,23,30,0,0,21,9310,23,0.2,0
2007,6,20,0,30,0,0,21,9300,22,0.30000000000000004,0
2007,6,20,1,30,0,0,21,9290,22,0.30000000000000004,0
2007,6,20,2,30,0,0,21,9290,22,0.30000000000000004,0
2007,6,20,3,30,0,0,21,9290,22,0.30000000000000004,0
2007,6,20,4,30,0,0,21,9300,22,0.2,0
2007,6,20,5,30,0,0,21,9300,22,0.2,0
2007,6,20,6,30,33,0,21,9310,23,0.2,33
2007,6,20,7,30,124,12,20,9320,24,0.2,128
2007,6,20,8,30,233,62,20,9320,25,0.2,267
2007,6,20,9,30,327,219,20,9320,27,0.30000000000000004,486
2007,6,20,10,30,387,98,21,9310,27,0.30000000000000004,473
2007,6,20,11,30,363,405,21,9310,27,0.30000000000000004,753
2007,6,20,12,30,395,371,21,9300,27,0.30000000000000004,765
2007,6,20,13,30,364,418,21,9290,27,0.4,771
2007,6,20,14,30,285,531,21,9280,26,0.4,759
2007,6,20,15,30,342,140,21,9280,26,0.4,449
2007,6,20,16,30,110,0,21,9280,25,0.4,110
2007,6,20,17,30,53,0,21,9290,24,0.30000000000000004,53
2007,6,20,18,30,15,0,22,9290,24,0.30000000000000004,15
2007,6,20,19,30,0,0,22,9300,23,0.2,0
2007,6,20,20,30,0,0,22,9300,23,0.2,0
2007,6,20,21,30,0,0,22,9300,23,0.2,0
2007,6,20,22,30,0,0,22,9300,23,0.2,0
2007,6,20,23,30,0,0,21,9290,23,0.2,0
2007,6,21,0,30,0,0,21,9290,22,0.2,0
2007,6,21,1,30,0,0,21,9280,22,0.1,0
2007,6,21,2,30,0,0,21,9280,22,0.1,0
2007,6,21,3,30,0,0,21,9270,22,0.1,0
2007,6,21,4,30,0,0,21,9270,22,0.1,0
2007,6,21,5,30,0,0,21,9280,22,0.1,0
2007,6,21,6,30,35,7,21,9280,23,0.1,36
2007,6,21,7,30,133,71,21,9280,24,0.1,157
2007,6,21,8,30,149,554,22,9280,26,0.1,449
2007,6,21,9,30,203,577,23,9280,28,0.1,622
2007,6,21,10,30,248,590,23,9280,29,0.1,760
2007,6,21,11,30,269,663,23,9270,29,0.1,906
2007,6,21,12,30,375,412,23,9270,29,0.1,786
2007,6,21,13,30,252,651,23,9260,28,0.1,886
2007,6,21,14,30,192,719,23,9260,28,0.2,833
2007,6,21,15,30,302,63,23,9260,27,0.2,350
2007,6,21,16,30,257,261,22,9260,27,0.2,409
2007,6,21,17,30,141,18,22,9270,26,0.2,148
2007,6,21,18,30,51,2,22,9270,25,0.2,52
2007,6,21,19,30,0,0,22,9280,24,0.2,0
2007,6,21,20,30,0,0,22,9280,24,0.2,0
2007,6,21,21,30,0,0,22,9280,23,0.2,0
2007,6,21,22,30,0,0,22,9280,23,0.2,0
2007,6,21,23,30,0,0,22,9280,23,0.2,0
2007,6,22,0,30,0,0,22,9270,23,0.2,0
2007,6,22,1,30,0,0,22,9270,23,0.2,0
2007,6,22,2,30,0,0,22,9260,23,0.2,0
2007,6,22,3,30,0,0,21,9250,23,0.2,0
2007,6,22,4,30,0,0,21,9250,23,0.2,0
2007,6,22,5,30,0,0,21,9260,23,0.1,0
2007,6,22,6,30,29,0,21,9270,23,0.1,29
2007,6,22,7,30,108,1,22,9270,24,0.1,109
2007,6,22,8,30,164,2,22,9280,25,0.1,166
2007,6,22,9,30,311,44,22,9270,26,0.1,343
2007,6,22,10,30,394,154,22,9270,27,0.1,528
2007,6,22,11,30,390,316,23,9260,27,0.2,694
2007,6,22,12,30,482,231,23,9250,28,0.2,713
2007,6,22,13,30,406,368,23,9240,28,0.2,764
2007,6,22,14,30,284,26,23,9230,27,0.30000000000000004,308
2007,6,22,15,30,148,1,23,9230,27,0.30000000000000004,149
2007,6,22,16,30,225,24,23,9240,26,0.30000000000000004,239
2007,6,22,17,30,154,100,23,9250,25,0.30000000000000004,192
2007,6,22,18,30,21,0,23,9250,24,0.30000000000000004,21
2007,6,22,19,30,0,0,23,9260,24,0.30000000000000004,0
2007,6,22,20,30,0,0,23,9260,24,0.30000000000000004,0
2007,6,22,21,30,0,0,23,9260,24,0.30000000000000004,0
2007,6,22,22,30,0,0,23,9250,24,0.30000000000000004,0
2007,6,22,23,30,0,0,23,9250,24,0.30000000000000004,0
2007,6,23,0,30,0,0,23,9240,24,0.30000000000000004,0
2007,6,23,1,30,0,0,23,9230,24,0.30000000000000004,0
2007,6,23,2,30,0,0,23,9220,24,0.30000000000000004,0
2007,6,23,3,30,0,0,23,9220,24,0.30000000000000004,0
2007,6,23,4,30,0,0,23,9220,24,0.30000000000000004,0
2007,6,23,5,30,0,0,23,9220,24,0.30000000000000004,0
2007,6,23,6,30,19,0,24,9230,25,0.30000000000000004,19
2007,6,23,7,30,110,4,24,9230,25,0.30000000000000004,112
2007,6,23,8,30,237,30,25,9240,26,0.2,254
2007,6,23,9,30,328,92,25,9240,28,0.2,395
2007,6,23,10,30,392,133,25,9240,28,0.2,508
2007,6,23,11,30,409,252,25,9240,28,0.1,651
2007,6,23,12,30,388,113,24,9230,28,0.2,501
2007,6,23,13,30,252,7,24,9230,27,0.30000000000000004,259
2007,6,23,14,30,338,23,24,9230,26,0.4,359
2007,6,23,15,30,205,3,23,9230,25,0.5,208
2007,6,23,16,30,165,1,22,9240,24,0.5,166
2007,6,23,17,30,72,0,22,9260,24,0.5,72
2007,6,23,18,30,15,0,23,9270,24,0.5,15
2007,6,23,19,30,0,0,23,9280,24,0.5,0
2007,6,23,20,30,0,0,23,9280,24,0.5,0
2007,6,23,21,30,0,0,23,9280,24,0.5,0
2007,6,23,22,30,0,0,22,9270,24,0.5,0
2007,6,23,23,30,0,0,22,9270,24,0.5,0
2007,6,24,0,30,0,0,22,9260,23,0.5,0
2007,6,24,1,30,0,0,22,9250,23,0.5,0
2007,6,24,2,30,0,0,22,9250,23,0.5,0
2007,6,24,3,30,0,0,22,9260,23,0.5,0
2007,6,24,4,30,0,0,22,9270,23,0.5,0
2007,6,24,5,30,0,0,22,9280,23,0.5,0
2007,6,24,6,30,28,0,22,9290,24,0.5,28
2007,6,24,7,30,118,7,22,9290,25,0.6000000000000001,121
2007,6,24,8,30,179,7,22,9300,26,0.6000000000000001,183
2007,6,24,9,30,137,0,22,9300,27,0.7000000000000001,137
2007,6,24,10,30,328,46,22,9300,27,0.7000000000000001,368
2007,6,24,11,30,390,242,22,9290,28,0.7000000000000001,623
2007,6,24,12,30,344,54,22,9290,28,0.7000000000000001,398
2007,6,24,13,30,389,264,22,9280,28,0.7000000000000001,646
2007,6,24,14,30,404,51,22,9280,27,0.7000000000000001,450
2007,6,24,15,30,310,32,22,9280,26,0.7000000000000001,335
2007,6,24,16,30,104,0,22,9290,25,0.7000000000000001,104
2007,6,24,17,30,155,184,22,9300,24,0.7000000000000001,225
2007,6,24,18,30,54,24,22,9310,24,0.6000000000000001,58
2007,6,24,19,30,0,0,22,9320,23,0.6000000000000001,0
2007,6,24,20,30,0,0,21,9330,23,0.6000000000000001,0
2007,6,24,21,30,0,0,21,9330,23,0.6000000000000001,0
2007,6,24,22,30,0,0,21,9330,23,0.6000000000000001,0
2007,6,24,23,30,0,0,21,9330,23,0.6000000000000001,0
2007,6,25,0,30,0,0,21,9320,23,0.6000000000000001,0
2007,6,25,1,30,0,0,21,9320,22,0.6000000000000001,0
2007,6,25,2,30,0,0,21,9320,22,0.6000000000000001,0
2007,6,25,3,30,0,0,21,9320,22,0.6000000000000001,0
2007,6,25,4,30,0,0,21,9320,22,0.5,0
2007,6,25,5,30,0,0,21,9330,23,0.5,0
2007,6,25,6,30,27,0,22,9340,23,0.5,27
2007,6,25,7,30,129,188,22,9340,25,0.5,191
2007,6,25,8,30,142,0,22,9350,26,0.5,142
2007,6,25,9,30,318,80,22,9350,27,0.5,376
2007,6,25,10,30,393,139,22,9350,28,0.5,514
2007,6,25,11,30,298,600,22,9340,28,0.5,874
2007,6,25,12,30,443,186,22,9330,28,0.6000000000000001,629
2007,6,25,13,30,409,281,22,9320,28,0.6000000000000001,683
2007,6,25,14,30,408,151,22,9320,27,0.6000000000000001,543
2007,6,25,15,30,337,279,22,9320,26,0.6000000000000001,550
2007,6,25,16,30,227,62,21,9330,25,0.5,264
2007,6,25,17,30,159,226,21,9330,24,0.5,245
2007,6,25,18,30,43,0,21,9340,23,0.4,43
2007,6,25,19,30,0,0,22,9350,23,0.4,0
2007,6,25,20,30,0,0,22,9360,23,0.4,0
2007,6,25,21,30,0,0,21,9360,23,0.4,0
2007,6,25,22,30,0,0,21,9350,23,0.4,0
2007,6,25,23,30,0,0,21,9350,22,0.4,0
2007,6,26,0,30,0,0,21,9340,22,0.4,0
2007,6,26,1,30,0,0,21,9330,22,0.4,0
2007,6,26,2,30,0,0,21,9330,22,0.4,0
2007,6,26,3,30,0,0,21,9330,22,0.4,0
2007,6,26,4,30,0,0,21,9330,22,0.4,0
2007,6,26,5,30,0,0,21,9340,22,0.4,0
2007,6,26,6,30,34,18,21,9340,23,0.4,36
2007,6,26,7,30,135,186,21,9350,25,0.4,196
2007,6,26,8,30,211,407,21,9350,26,0.4,430
2007,6,26,9,30,226,35,22,9350,27,0.4,252
2007,6,26,10,30,292,516,22,9340,28,0.5,739
2007,6,26,11,30,200,744,22,9330,29,0.5,914
2007,6,26,12,30,282,603,22,9330,28,0.5,883
2007,6,26,13,30,411,357,22,9320,28,0.6000000000000001,759
2007,6,26,14,30,351,57,22,9310,27,0.6000000000000001,402
2007,6,26,15,30,343,225,22,9310,27,0.6000000000000001,515
2007,6,26,16,30,239,323,22,9320,26,0.5,429
2007,6,26,17,30,143,37,21,9330,25,0.5,157
2007,6,26,18,30,15,0,22,9330,24,0.4,15
2007,6,26,19,30,0,0,22,9340,23,0.4,0
2007,6,26,20,30,0,0,22,9340,23,0.4,0
2007,6,26,21,30,0,0,22,9340,23,0.4,0
2007,6,26,22,30,0,0,22,9340,23,0.4,0
2007,6,26,23,30,0,0,22,9340,23,0.4,0
2007,6,27,0,30,0,0,22,9330,23,0.4,0
2007,6,27,1,30,0,0,22,9320,23,0.5,0
2007,6,27,2,30,0,0,22,9320,23,0.5,0
2007,6,27,3,30,0,0,22,9320,23,0.5,0
2007,6,27,4,30,0,0,22,9320,23,0.4,0
2007,6,27,5,30,0,0,22,9330,23,0.4,0
2007,6,27,6,30,23,0,22,9330,24,0.4,23
2007,6,27,7,30,130,66,22,9330,25,0.5,152
2007,6,27,8,30,238,85,22,9340,26,0.5,284
2007,6,27,9,30,174,653,23,9340,26,0.5,645
2007,6,27,10,30,296,106,23,9340,27,0.5,388
2007,6,27,11,30,268,670,23,9330,27,0.5,911
2007,6,27,12,30,311,50,23,9320,27,0.6000000000000001,361
2007,6,27,13,30,431,185,22,9320,26,0.5,612
2007,6,27,14,30,402,206,22,9320,26,0.5,587
2007,6,27,15,30,250,562,22,9320,25,0.5,678
2007,6,27,16,30,249,211,22,9320,25,0.5,373
2007,6,27,17,30,129,6,22,9330,24,0.4,132
2007,6,27,18,30,48,0,22,9330,24,0.4,48
2007,6,27,19,30,0,0,22,9330,24,0.4,0
2007,6,27,20,30,0,0,22,9330,24,0.4,0
2007,6,27,21,30,0,0,22,9330,24,0.4,0
2007,6,27,22,30,0,0,22,9330,23,0.4,0
2007,6,27,23,30,0,0,22,9320,23,0.4,0
2007,6,28,0,30,0,0,22,9310,23,0.4,0
2007,6,28,1,30,0,0,22,9310,23,0.4,0
2007,6,28,2,30,0,0,22,9300,23,0.4,0
2007,6,28,3,30,0,0,22,9300,23,0.4,0
2007,6,28,4,30,0,0,22,9300,23,0.4,0
2007,6,28,5,30,0,0,22,9310,23,0.4,0
2007,6,28,6,30,22,0,22,9310,23,0.4,22
2007,6,28,7,30,39,0,22,9310,24,0.4,39
2007,6,28,8,30,204,18,22,9320,26,0.4,214
2007,6,28,9,30,286,29,22,9320,27,0.4,307
2007,6,28,10,30,356,377,22,9320,27,0.4,683
2007,6,28,11,30,342,61,22,9310,27,0.5,401
2007,6,28,12,30,430,47,22,9310,27,0.5,477
2007,6,28,13,30,344,23,22,9300,27,0.5,367
2007,6,28,14,30,284,12,22,9300,26,0.6000000000000001,295
2007,6,28,15,30,199,3,22,9300,26,0.6000000000000001,202
2007,6,28,16,30,105,0,22,9300,25,0.5,105
2007,6,28,17,30,113,0,23,9300,25,0.5,113
2007,6,28,18,30,30,0,23,9310,24,0.4,30
2007,6,28,19,30,0,0,23,9310,24,0.4,0
2007,6,28,20,30,0,0,23,9310,24,0.5,0
2007,6,28,21,30,0,0,23,9310,24,0.5,0
2007,6,28,22,30,0,0,23,9310,24,0.5,0
2007,6,28,23,30,0,0,22,9300,24,0.5,0
2007,6,29,0,30,0,0,22,9300,24,0.4,0
2007,6,29,1,30,0,0,22,9290,23,0.4,0
2007,6,29,2,30,0,0,22,9290,23,0.4,0
2007,6,29,3,30,0,0,22,9290,23,0.4,0
2007,6,29,4,30,0,0,21,9290,23,0.4,0
2007,6,29,5,30,0,0,21,9290,23,0.4,0
2007,6,29,6,30,24,0,21,9300,23,0.4,24
2007,6,29,7,30,43,0,20,9300,23,0.4,43
2007,6,29,8,30,139,0,20,9300,24,0.4,139
2007,6,29,9,30,274,16,20,9300,24,0.4,286
2007,6,29,10,30,367,29,20,9300,25,0.4,393
2007,6,29,11,30,399,54,21,9300,25,0.4,451
2007,6,29,12,30,432,28,21,9290,26,0.4,460
2007,6,29,13,30,427,51,21,9280,26,0.5,477
2007,6,29,14,30,340,19,21,9280,26,0.5,357
2007,6,29,15,30,296,25,22,9280,25,0.5,316
2007,6,29,16,30,258,140,22,9280,25,0.5,341
2007,6,29,17,30,158,154,22,9290,24,0.5,217
2007,6,29,18,30,21,0,22,9290,24,0.4,21
2007,6,29,19,30,0,0,22,9300,23,0.4,0
2007,6,29,20,30,0,0,22,9300,23,0.4,0
2007,6,29,21,30,0,0,22,9300,23,0.4,0
2007,6,29,22,30,0,0,22,9300,23,0.4,0
2007,6,29,23,30,0,0,22,9300,23,0.5,0
2007,6,30,0,30,0,0,22,9290,23,0.5,0
2007,6,30,1,30,0,0,22,9290,23,0.5,0
2007,6,30,2,30,0,0,22,9280,23,0.5,0
2007,6,30,3,30,0,0,22,9280,23,0.5,0
2007,6,30,4,30,0,0,22,9290,23,0.5,0
2007,6,30,5,30,0,0,22,9290,23,0.5,0
2007,6,30,6,30,13,0,22,9300,24,0.5,13
2007,6,30,7,30,94,0,22,9300,24,0.5,94
2007,6,30,8,30,192,9,22,9300,25,0.6000000000000001,197
2007,6,30,9,30,310,46,22,9300,26,0.6000000000000001,344
2007,6,30,10,30,290,15,22,9300,26,0.6000000000000001,303
2007,6,30,11,30,170,3,23,9300,26,0.6000000000000001,173
2007,6,30,12,30,221,7,23,9290,26,0.6000000000000001,228
2007,6,30,13,30,183,4,22,9280,26,0.6000000000000001,187
2007,6,30,14,30,177,1,22,9280,25,0.6000000000000001,178
2007,6,30,15,30,152,1,22,9270,25,0.6000000000000001,153
2007,6,30,16,30,216,19,22,9280,24,0.6000000000000001,228
2007,6,30,17,30,123,1,21,9280,24,0.6000000000000001,124
2007,6,30,18,30,15,0,21,9280,23,0.5,15
2007,6,30,19,30,0,0,22,9290,23,0.5,0
2007,6,30,20,30,0,0,22,9290,23,0.5,0
2007,6,30,21,30,0,0,22,9290,23,0.5,0
2007,6,30,22,30,0,0,22,9280,23,0.5,0
2007,6,30,23,30,0,0,22,9280,23,0.5,0
2010,7,1,0,30,0,0,22,9270,23,0.5,0
2010,7,1,1,30,0,0,22,9260,24,0.5,0
2010,7,1,2,30,0,0,22,9260,24,0.5,0
2010,7,1,3,30,0,0,23,9260,24,0.6000000000000001,0
2010,7,1,4,30,0,0,23,9260,24,0.6000000000000001,0
2010,7,1,5,30,0,0,22,9300,23,0.2,0
2010,7,1,6,30,24,0,22,9300,24,0.2,24
2010,7,1,7,30,102,0,22,9310,25,0.2,102
2010,7,1,8,30,222,35,23,9310,26,0.2,241
2010,7,1,9,30,315,224,23,9310,27,0.2,476
2010,7,1,10,30,205,687,23,9310,28,0.2,799
2010,7,1,11,30,215,721,24,9300,29,0.2,906
2010,7,1,12,30,219,733,24,9300,29,0.30000000000000004,949
2010,7,1,13,30,216,725,24,9290,29,0.30000000000000004,924
2010,7,1,14,30,316,464,23,9290,28,0.30000000000000004,732
2010,7,1,15,30,345,224,23,9290,27,0.30000000000000004,517
2010,7,1,16,30,167,554,23,9300,26,0.30000000000000004,494
2010,7,1,17,30,158,111,23,9300,25,0.30000000000000004,201
2010,7,1,18,30,22,0,23,9310,24,0.2,22
2010,7,1,19,30,0,0,23,9320,24,0.2,0
2010,7,1,20,30,0,0,23,9320,24,0.2,0
2010,7,1,21,30,0,0,23,9320,24,0.2,0
2010,7,1,22,30,0,0,23,9320,24,0.2,0
2010,7,1,23,30,0,0,23,9310,24,0.2,0
2010,7,2,0,30,0,0,23,9310,24,0.2,0
2010,7,2,1,30,0,0,22,9300,24,0.2,0
2010,7,2,2,30,0,0,22,9300,23,0.2,0
2010,7,2,3,30,0,0,22,9300,23,0.2,0
2010,7,2,4,30,0,0,22,9300,23,0.2,0
2010,7,2,5,30,0,0,22,9300,23,0.2,0
2010,7,2,6,30,24,0,22,9310,24,0.2,24
2010,7,2,7,30,97,0,22,9310,24,0.30000000000000004,97
2010,7,2,8,30,135,0,22,9320,26,0.30000000000000004,135
2010,7,2,9,30,223,7,21,9320,27,0.30000000000000004,229
2010,7,2,10,30,328,23,20,9320,28,0.30000000000000004,348
2010,7,2,11,30,425,133,20,9310,29,0.30000000000000004,553
2010,7,2,12,30,328,30,20,9300,29,0.4,358
2010,7,2,13,30,327,13,20,9290,28,0.4,340
2010,7,2,14,30,268,3,20,9290,28,0.4,271
2010,7,2,15,30,233,10,20,9290,27,0.4,241
2010,7,2,16,30,255,145,19,9290,26,0.4,341
2010,7,2,17,30,130,9,20,9300,25,0.30000000000000004,134
2010,7,2,18,30,20,0,20,9310,24,0.30000000000000004,20
2010,7,2,19,30,0,0,21,9310,23,0.2,0
2010,7,2,20,30,0,0,21,9320,23,0.2,0
2010,7,2,21,30,0,0,21,9320,23,0.2,0
2010,7,2,22,30,0,0,21,9320,23,0.1,0
2010,7,2,23,30,0,0,21,9310,22,0.1,0
2010,7,3,0,30,0,0,21,9310,22,0.2,0
2010,7,3,1,30,0,0,21,9300,22,0.2,0
2010,7,3,2,30,0,0,21,9300,22,0.2,0
2010,7,3,3,30,0,0,21,9290,22,0.2,0
2010,7,3,4,30,0,0,21,9300,22,0.2,0
2010,7,3,5,30,0,0,21,9300,22,0.2,0
2010,7,3,6,30,23,0,21,9310,22,0.2,23
2010,7,3,7,30,79,0,21,9310,23,0.2,79
2010,7,3,8,30,176,6,21,9320,24,0.2,180
2010,7,3,9,30,315,81,21,9320,25,0.2,374
2010,7,3,10,30,345,23,21,9320,26,0.2,365
2010,7,3,11,30,376,42,21,9310,26,0.2,417
2010,7,3,12,30,397,33,21,9310,27,0.2,430
2010,7,3,13,30,427,99,21,9300,27,0.2,524
2010,7,3,14,30,383,284,21,9300,27,0.2,638
2010,7,3,15,30,352,136,21,9290,26,0.30000000000000004,456
2010,7,3,16,30,237,34,21,9300,25,0.30000000000000004,258
2010,7,3,17,30,90,0,21,9300,24,0.30000000000000004,90
2010,7,3,18,30,14,0,21,9300,23,0.30000000000000004,14
2010,7,3,19,30,0,0,21,9310,23,0.30000000000000004,0
2010,7,3,20,30,0,0,21,9310,22,0.30000000000000004,0
2010,7,3,21,30,0,0,21,9320,22,0.30000000000000004,0
2010,7,3,22,30,0,0,21,9320,22,0.30000000000000004,0
2010,7,3,23,30,0,0,21,9310,22,0.30000000000000004,0
2010,7,4,0,30,0,0,21,9310,22,0.30000000000000004,0
2010,7,4,1,30,0,0,20,9300,22,0.30000000000000004,0
2010,7,4,2,30,0,0,20,9300,22,0.30000000000000004,0
2010,7,4,3,30,0,0,20,9300,22,0.4,0
2010,7,4,4,30,0,0,20,9300,21,0.4,0
2010,7,4,5,30,0,0,20,9300,21,0.4,0
2010,7,4,6,30,25,0,20,9310,22,0.4,25
2010,7,4,7,30,132,111,20,9310,23,0.5,168
2010,7,4,8,30,227,254,19,9320,24,0.5,362
2010,7,4,9,30,315,80,20,9320,25,0.5,373
2010,7,4,10,30,366,283,20,9320,27,0.4,611
2010,7,4,11,30,456,249,21,9310,28,0.4,695
2010,7,4,12,30,486,203,21,9300,29,0.4,689
2010,7,4,13,30,421,243,21,9290,29,0.4,659
2010,7,4,14,30,370,343,21,9290,28,0.5,678
2010,7,4,15,30,325,302,21,9290,27,0.5,557
2010,7,4,16,30,238,311,21,9290,26,0.5,422
2010,7,4,17,30,141,365,21,9300,25,0.4,281
2010,7,4,18,30,57,24,22,9310,24,0.4,61
2010,7,4,19,30,0,0,22,9320,23,0.4,0
2010,7,4,20,30,0,0,22,9320,23,0.4,0
2010,7,4,21,30,0,0,22,9320,23,0.4,0
2010,7,4,22,30,0,0,21,9320,23,0.4,0
2010,7,4,23,30,0,0,21,9310,23,0.4,0
2010,7,5,0,30,0,0,21,9310,22,0.4,0
2010,7,5,1,30,0,0,21,9300,22,0.4,0
2010,7,5,2,30,0,0,21,9300,22,0.4,0
2010,7,5,3,30,0,0,21,9300,22,0.4,0
2010,7,5,4,30,0,0,21,9310,22,0.4,0
2010,7,5,5,30,0,0,21,9310,22,0.4,0
2010,7,5,6,30,28,0,21,9320,23,0.4,28
2010,7,5,7,30,133,141,22,9330,24,0.4,178
2010,7,5,8,30,205,377,22,9330,26,0.4,405
2010,7,5,9,30,187,627,22,9330,27,0.5,636
2010,7,5,10,30,205,688,22,9330,28,0.5,798
2010,7,5,11,30,215,721,22,9320,29,0.5,906
2010,7,5,12,30,219,733,22,9310,29,0.5,949
2010,7,5,13,30,415,169,22,9310,28,0.5,580
2010,7,5,14,30,344,427,22,9300,27,0.5,728
2010,7,5,15,30,337,88,22,9300,26,0.5,405
2010,7,5,16,30,168,556,22,9310,25,0.5,496
2010,7,5,17,30,165,193,22,9320,24,0.5,239
2010,7,5,18,30,57,25,22,9320,24,0.5,61
2010,7,5,19,30,0,0,22,9330,23,0.4,0
2010,7,5,20,30,0,0,22,9340,23,0.4,0
2010,7,5,21,30,0,0,22,9340,23,0.4,0
2010,7,5,22,30,0,0,22,9340,23,0.4,0
2010,7,5,23,30,0,0,22,9330,23,0.4,0
2010,7,6,0,30,0,0,22,9320,23,0.4,0
2010,7,6,1,30,0,0,22,9310,23,0.4,0
2010,7,6,2,30,0,0,22,9310,23,0.4,0
2010,7,6,3,30,0,0,22,9310,23,0.4,0
2010,7,6,4,30,0,0,22,9310,23,0.4,0
2010,7,6,5,30,0,0,22,9320,23,0.4,0
2010,7,6,6,30,29,6,22,9330,23,0.4,30
2010,7,6,7,30,89,0,22,9340,25,0.4,89
2010,7,6,8,30,231,267,23,9340,26,0.4,373
2010,7,6,9,30,243,476,23,9340,27,0.5,584
2010,7,6,10,30,288,483,23,9330,27,0.5,705
2010,7,6,11,30,268,582,23,9330,27,0.5,826
2010,7,6,12,30,346,457,23,9320,27,0.5,802
2010,7,6,13,30,426,217,22,9320,26,0.5,638
2010,7,6,14,30,292,513,22,9310,26,0.5,753
2010,7,6,15,30,223,568,22,9310,26,0.5,659
2010,7,6,16,30,217,402,22,9320,25,0.5,455
2010,7,6,17,30,164,194,22,9330,24,0.4,239
2010,7,6,18,30,64,36,22,9330,24,0.4,70
2010,7,6,19,30,0,0,22,9340,24,0.4,0
2010,7,6,20,30,0,0,23,9350,24,0.4,0
2010,7,6,21,30,0,0,23,9350,24,0.30000000000000004,0
2010,7,6,22,30,0,0,22,9350,24,0.4,0
2010,7,6,23,30,0,0,22,9340,24,0.4,0
2010,7,7,0,30,0,0,22,9330,23,0.4,0
2010,7,7,1,30,0,0,22,9330,23,0.4,0
2010,7,7,2,30,0,0,22,9320,23,0.4,0
2010,7,7,3,30,0,0,22,9320,23,0.4,0
2010,7,7,4,30,0,0,22,9320,23,0.30000000000000004,0
2010,7,7,5,30,0,0,22,9330,23,0.30000000000000004,0
2010,7,7,6,30,20,0,22,9330,23,0.30000000000000004,20
2010,7,7,7,30,128,80,22,9340,24,0.30000000000000004,154
2010,7,7,8,30,231,171,22,9340,25,0.30000000000000004,322
2010,7,7,9,30,0,0,22,9340,26,0.30000000000000004,0
2010,7,7,10,30,393,302,23,9340,27,0.30000000000000004,654
2010,7,7,11,30,219,689,23,9330,27,0.4,879
2010,7,7,12,30,376,413,23,9330,27,0.4,788
2010,7,7,13,30,333,499,23,9320,27,0.4,821
2010,7,7,14,30,314,35,23,9320,26,0.4,346
2010,7,7,15,30,215,10,23,9320,26,0.4,223
2010,7,7,16,30,260,178,22,9330,25,0.4,366
2010,7,7,17,30,174,92,22,9330,24,0.30000000000000004,210
2010,7,7,18,30,65,54,22,9340,24,0.30000000000000004,74
2010,7,7,19,30,0,0,22,9350,24,0.30000000000000004,0
2010,7,7,20,30,0,0,23,9350,24,0.30000000000000004,0
2010,7,7,21,30,0,0,23,9350,24,0.30000000000000004,0
2010,7,7,22,30,0,0,22,9350,23,0.30000000000000004,0
2010,7,7,23,30,0,0,22,9340,23,0.30000000000000004,0
2010,7,8,0,30,0,0,22,9340,23,0.30000000000000004,0
2010,7,8,1,30,0,0,22,9330,23,0.30000000000000004,0
2010,7,8,2,30,0,0,22,9330,23,0.30000000000000004,0
2010,7,8,3,30,0,0,22,9330,23,0.30000000000000004,0
2010,7,8,4,30,0,0,22,9340,23,0.30000000000000004,0
2010,7,8,5,30,0,0,22,9340,23,0.30000000000000004,0
2010,7,8,6,30,26,0,22,9350,23,0.30000000000000004,26
2010,7,8,7,30,130,247,22,9360,24,0.30000000000000004,208
2010,7,8,8,30,228,45,22,9360,25,0.30000000000000004,252
2010,7,8,9,30,312,33,22,9360,26,0.30000000000000004,336
2010,7,8,10,30,290,16,22,9360,26,0.30000000000000004,304
2010,7,8,11,30,374,51,22,9350,26,0.4,423
2010,7,8,12,30,374,325,22,9350,26,0.4,698
2010,7,8,13,30,272,579,22,9340,26,0.4,838
2010,7,8,14,30,296,492,22,9340,26,0.4,738
2010,7,8,15,30,193,646,22,9340,25,0.4,688
2010,7,8,16,30,239,341,21,9340,24,0.4,441
2010,7,8,17,30,159,72,21,9350,24,0.4,187
2010,7,8,18,30,59,23,21,9360,23,0.30000000000000004,63
2010,7,8,19,30,0,0,22,9360,23,0.30000000000000004,0
2010,7,8,20,30,0,0,22,9370,23,0.30000000000000004,0
2010,7,8,21,30,0,0,21,9370,23,0.30000000000000004,0
2010,7,8,22,30,0,0,21,9370,22,0.30000000000000004,0
2010,7,8,23,30,0,0,21,9360,22,0.30000000000000004,0
2010,7,9,0,30,0,0,21,9350,22,0.30000000000000004,0
2010,7,9,1,30,0,0,21,9350,22,0.30000000000000004,0
2010,7,9,2,30,0,0,21,9340,22,0.30000000000000004,0
2010,7,9,3,30,0,0,21,9340,22,0.30000000000000004,0
2010,7,9,4,30,0,0,21,9350,22,0.2,0
2010,7,9,5,30,0,0,21,9350,22,0.2,0
2010,7,9,6,30,27,1,21,9360,23,0.2,28
2010,7,9,7,30,112,283,21,9360,24,0.30000000000000004,201
2010,7,9,8,30,223,268,22,9360,25,0.30000000000000004,365
2010,7,9,9,30,186,623,22,9360,26,0.4,631
2010,7,9,10,30,204,685,23,9360,27,0.4,795
2010,7,9,11,30,280,546,23,9350,27,0.4,803
2010,7,9,12,30,393,374,23,9340,27,0.5,766
2010,7,9,13,30,417,147,23,9330,27,0.5,561
2010,7,9,14,30,208,700,22,9330,27,0.5,837
2010,7,9,15,30,330,109,22,9330,26,0.5,414
2010,7,9,16,30,268,178,21,9330,25,0.5,374
2010,7,9,17,30,165,131,21,9340,24,0.5,216
2010,7,9,18,30,46,0,21,9350,23,0.4,46
2010,7,9,19,30,0,0,21,9350,23,0.4,0
2010,7,9,20,30,0,0,22,9360,23,0.4,0
2010,7,9,21,30,0,0,22,9360,23,0.30000000000000004,0
2010,7,9,22,30,0,0,21,9360,23,0.30000000000000004,0
2010,7,9,23,30,0,0,21,9360,22,0.30000000000000004,0
2010,7,10,0,30,0,0,21,9350,22,0.30000000000000004,0
2010,7,10,1,30,0,0,21,9340,22,0.30000000000000004,0
2010,7,10,2,30,0,0,21,9340,22,0.30000000000000004,0
2010,7,10,3,30,0,0,21,9330,22,0.30000000000000004,0
2010,7,10,4,30,0,0,21,9340,22,0.30000000000000004,0
2010,7,10,5,30,0,0,21,9340,22,0.30000000000000004,0
2010,7,10,6,30,24,0,22,9350,23,0.2,24
2010,7,10,7,30,109,312,22,9360,24,0.30000000000000004,206
2010,7,10,8,30,238,203,23,9360,26,0.30000000000000004,345
2010,7,10,9,30,284,398,23,9360,27,0.30000000000000004,568
2010,7,10,10,30,369,271,23,9350,28,0.30000000000000004,603
2010,7,10,11,30,422,110,24,9350,29,0.4,528
2010,7,10,12,30,445,161,24,9340,28,0.4,606
2010,7,10,13,30,358,450,23,9330,28,0.5,798
2010,7,10,14,30,303,30,23,9320,27,0.5,330
2010,7,10,15,30,316,252,23,9330,26,0.4,510
2010,7,10,16,30,210,432,23,9330,26,0.4,466
2010,7,10,17,30,129,400,22,9340,25,0.4,283
2010,7,10,18,30,59,40,23,9350,24,0.30000000000000004,66
2010,7,10,19,30,0,0,23,9350,24,0.30000000000000004,0
2010,7,10,20,30,0,0,23,9360,24,0.30000000000000004,0
2010,7,10,21,30,0,0,23,9360,24,0.30000000000000004,0
2010,7,10,22,30,0,0,23,9360,24,0.30000000000000004,0
2010,7,10,23,30,0,0,23,9350,24,0.30000000000000004,0
2010,7,11,0,30,0,0,23,9350,24,0.30000000000000004,0
2010,7,11,1,30,0,0,23,9340,24,0.30000000000000004,0
2010,7,11,2,30,0,0,23,9340,24,0.30000000000000004,0
2010,7,11,3,30,0,0,23,9340,24,0.30000000000000004,0
2010,7,11,4,30,0,0,23,9340,24,0.30000000000000004,0
2010,7,11,5,30,0,0,22,9340,23,0.30000000000000004,0
2010,7,11,6,30,23,0,22,9350,24,0.4,23
2010,7,11,7,30,112,25,23,9350,25,0.4,120
2010,7,11,8,30,238,164,23,9360,26,0.4,325
2010,7,11,9,30,329,107,23,9360,27,0.4,406
2010,7,11,10,30,388,123,23,9360,27,0.4,494
2010,7,11,11,30,388,314,23,9350,27,0.4,689
2010,7,11,12,30,395,327,23,9350,27,0.4,722
2010,7,11,13,30,393,324,23,9340,27,0.4,710
2010,7,11,14,30,408,124,23,9340,26,0.4,520
2010,7,11,15,30,343,43,23,9330,26,0.4,377
2010,7,11,16,30,261,87,22,9340,25,0.4,313
2010,7,11,17,30,145,18,23,9340,25,0.4,152
2010,7,11,18,30,29,0,23,9350,24,0.4,29
2010,7,11,19,30,0,0,23,9360,24,0.4,0
2010,7,11,20,30,0,0,22,9360,24,0.4,0
2010,7,11,21,30,0,0,22,9360,24,0.30000000000000004,0
2010,7,11,22,30,0,0,22,9360,23,0.30000000000000004,0
2010,7,11,23,30,0,0,22,9350,23,0.30000000000000004,0
2010,7,12,0,30,0,0,22,9340,23,0.30000000000000004,0
2010,7,12,1,30,0,0,22,9340,23,0.4,0
2010,7,12,2,30,0,0,22,9330,23,0.4,0
2010,7,12,3,30,0,0,22,9330,23,0.4,0
2010,7,12,4,30,0,0,22,9330,23,0.4,0
2010,7,12,5,30,0,0,22,9340,23,0.4,0
2010,7,12,6,30,23,0,22,9340,23,0.4,23
2010,7,12,7,30,128,101,22,9350,24,0.4,160
2010,7,12,8,30,211,51,22,9350,25,0.4,238
2010,7,12,9,30,186,625,22,9350,26,0.5,632
2010,7,12,10,30,250,562,23,9350,27,0.5,734
2010,7,12,11,30,289,634,23,9340,28,0.5,896
2010,7,12,12,30,423,112,23,9340,28,0.5,535
2010,7,12,13,30,375,393,22,9330,28,0.5,760
2010,7,12,14,30,408,189,22,9330,27,0.5,578
2010,7,12,15,30,347,56,22,9330,26,0.5,390
2010,7,12,16,30,250,286,22,9330,26,0.5,420
2010,7,12,17,30,160,164,22,9340,25,0.4,223
2010,7,12,18,30,23,0,22,9350,24,0.4,23
2010,7,12,19,30,0,0,22,9350,24,0.4,0
2010,7,12,20,30,0,0,22,9360,24,0.4,0
2010,7,12,21,30,0,0,22,9360,23,0.4,0
2010,7,12,22,30,0,0,22,9360,23,0.4,0
2010,7,12,23,30,0,0,22,9350,23,0.4,0
2010,7,13,0,30,0,0,22,9340,23,0.4,0
2010,7,13,1,30,0,0,22,9340,23,0.4,0
2010,7,13,2,30,0,0,22,9340,23,0.4,0
2010,7,13,3,30,0,0,22,9330,23,0.4,0
2010,7,13,4,30,0,0,22,9340,23,0.4,0
2010,7,13,5,30,0,0,22,9340,23,0.4,0
2010,7,13,6,30,22,0,22,9350,23,0.4,22
2010,7,13,7,30,129,148,22,9350,24,0.5,175
2010,7,13,8,30,198,395,22,9350,25,0.5,405
2010,7,13,9,30,277,389,22,9350,26,0.5,554
2010,7,13,10,30,384,205,23,9350,27,0.5,561
2010,7,13,11,30,371,49,23,9350,27,0.5,418
2010,7,13,12,30,395,21,23,9340,27,0.4,416
2010,7,13,13,30,438,33,23,9340,27,0.4,471
2010,7,13,14,30,386,39,22,9330,27,0.4,422
2010,7,13,15,30,330,247,22,9330,26,0.4,520
2010,7,13,16,30,222,388,22,9330,25,0.4,452
2010,7,13,17,30,158,281,22,9340,24,0.4,266
2010,7,13,18,30,42,0,22,9350,23,0.30000000000000004,42
2010,7,13,19,30,0,0,22,9350,23,0.30000000000000004,0
2010,7,13,20,30,0,0,22,9360,23,0.30000000000000004,0
2010,7,13,21,30,0,0,22,9360,23,0.30000000000000004,0
2010,7,13,22,30,0,0,22,9360,23,0.30000000000000004,0
2010,7,13,23,30,0,0,22,9350,23,0.30000000000000004,0
2010,7,14,0,30,0,0,22,9350,23,0.30000000000000004,0
2010,7,14,1,30,0,0,22,9340,23,0.30000000000000004,0
2010,7,14,2,30,0,0,22,9340,23,0.30000000000000004,0
2010,7,14,3,30,0,0,22,9340,23,0.30000000000000004,0
2010,7,14,4,30,0,0,22,9340,23,0.30000000000000004,0
2010,7,14,5,30,0,0,22,9340,23,0.30000000000000004,0
2010,7,14,6,30,21,0,22,9350,23,0.30000000000000004,21
2010,7,14,7,30,128,185,22,9350,24,0.30000000000000004,185
2010,7,14,8,30,157,515,23,9360,26,0.30000000000000004,427
2010,7,14,9,30,257,455,23,9360,26,0.30000000000000004,581
2010,7,14,10,30,375,109,23,9360,27,0.30000000000000004,469
2010,7,14,11,30,395,285,23,9350,27,0.4,668
2010,7,14,12,30,400,362,22,9340,27,0.4,762
2010,7,14,13,30,372,415,22,9340,26,0.4,778
2010,7,14,14,30,248,645,22,9330,26,0.4,829
2010,7,14,15,30,193,650,22,9330,25,0.4,693
2010,7,14,16,30,169,559,22,9330,24,0.4,500
2010,7,14,17,30,132,11,22,9340,24,0.30000000000000004,137
2010,7,14,18,30,15,0,22,9340,23,0.30000000000000004,15
2010,7,14,19,30,0,0,22,9350,23,0.30000000000000004,0
2010,7,14,20,30,0,0,23,9350,24,0.30000000000000004,0
2010,7,14,21,30,0,0,23,9350,24,0.30000000000000004,0
2010,7,14,22,30,0,0,23,9350,23,0.2,0
2010,7,14,23,30,0,0,22,9340,23,0.30000000000000004,0
2010,7,15,0,30,0,0,22,9340,23,0.30000000000000004,0
2010,7,15,1,30,0,0,22,9330,23,0.30000000000000004,0
2010,7,15,2,30,0,0,22,9330,23,0.30000000000000004,0
2010,7,15,3,30,0,0,22,9320,23,0.30000000000000004,0
2010,7,15,4,30,0,0,22,9330,23,0.2,0
2010,7,15,5,30,0,0,22,9340,23,0.2,0
2010,7,15,6,30,20,0,22,9340,23,0.2,20
2010,7,15,7,30,136,119,22,9350,25,0.2,173
2010,7,15,8,30,201,329,22,9350,26,0.30000000000000004,373
2010,7,15,9,30,323,246,22,9350,26,0.30000000000000004,498
2010,7,15,10,30,363,314,22,9340,27,0.30000000000000004,633
2010,7,15,11,30,235,662,22,9330,27,0.30000000000000004,869
2010,7,15,12,30,288,576,22,9330,27,0.30000000000000004,863
2010,7,15,13,30,216,725,22,9320,27,0.4,927
2010,7,15,14,30,208,699,22,9310,26,0.4,837
2010,7,15,15,30,193,646,22,9320,26,0.4,690
2010,7,15,16,30,224,47,22,9320,25,0.30000000000000004,252
2010,7,15,17,30,72,0,22,9320,24,0.30000000000000004,72
2010,7,15,18,30,42,0,22,9320,24,0.30000000000000004,42
2010,7,15,19,30,0,0,23,9330,24,0.30000000000000004,0
2010,7,15,20,30,0,0,23,9330,24,0.2,0
2010,7,15,21,30,0,0,23,9330,24,0.2,0
2010,7,15,22,30,0,0,23,9330,24,0.2,0
2010,7,15,23,30,0,0,23,9320,24,0.2,0
2010,7,16,0,30,0,0,22,9310,23,0.2,0
2010,7,16,1,30,0,0,22,9310,23,0.2,0
2010,7,16,2,30,0,0,22,9300,23,0.2,0
2010,7,16,3,30,0,0,22,9300,23,0.2,0
2010,7,16,4,30,0,0,22,9300,23,0.2,0
2010,7,16,5,30,0,0,22,9310,23,0.2,0
2010,7,16,6,30,23,0,22,9310,24,0.2,23
2010,7,16,7,30,123,142,22,9310,24,0.2,167
2010,7,16,8,30,156,510,22,9320,25,0.2,423
2010,7,16,9,30,205,565,23,9320,26,0.2,607
2010,7,16,10,30,336,329,23,9310,27,0.2,619
2010,7,16,11,30,357,77,23,9300,27,0.2,431
2010,7,16,12,30,437,216,23,9300,27,0.2,653
2010,7,16,13,30,319,487,23,9290,27,0.30000000000000004,796
2010,7,16,14,30,411,164,23,9280,26,0.30000000000000004,559
2010,7,16,15,30,273,452,23,9280,26,0.30000000000000004,621
2010,7,16,16,30,205,431,22,9290,25,0.30000000000000004,461
2010,7,16,17,30,163,220,22,9300,24,0.30000000000000004,248
2010,7,16,18,30,28,0,22,9300,23,0.30000000000000004,28
2010,7,16,19,30,0,0,22,9310,23,0.30000000000000004,0
2010,7,16,20,30,0,0,22,9310,23,0.30000000000000004,0
2010,7,16,21,30,0,0,22,9310,23,0.30000000000000004,0
2010,7,16,22,30,0,0,22,9310,23,0.30000000000000004,0
2010,7,16,23,30,0,0,22,9300,23,0.30000000000000004,0
2010,7,17,0,30,0,0,21,9300,23,0.2,0
2010,7,17,1,30,0,0,21,9290,22,0.2,0
2010,7,17,2,30,0,0,21,9290,22,0.2,0
2010,7,17,3,30,0,0,21,9290,22,0.2,0
2010,7,17,4,30,0,0,21,9300,22,0.2,0
2010,7,17,5,30,0,0,21,9300,22,0.2,0
2010,7,17,6,30,14,0,21,9310,23,0.2,14
2010,7,17,7,30,113,18,21,9310,24,0.2,119
2010,7,17,8,30,177,13,22,9320,25,0.2,184
2010,7,17,9,30,267,450,22,9320,26,0.2,587
2010,7,17,10,30,346,377,22,9310,27,0.30000000000000004,670
2010,7,17,11,30,372,125,23,9310,28,0.30000000000000004,492
2010,7,17,12,30,326,607,22,9300,28,0.30000000000000004,932
2010,7,17,13,30,283,559,22,9290,27,0.30000000000000004,831
2010,7,17,14,30,208,699,22,9290,26,0.4,838
2010,7,17,15,30,227,553,21,9290,26,0.4,653
2010,7,17,16,30,261,171,21,9290,25,0.4,363
2010,7,17,17,30,161,84,21,9300,24,0.4,194
2010,7,17,18,30,48,0,21,9320,23,0.30000000000000004,48
2010,7,17,19,30,0,0,21,9320,23,0.30000000000000004,0
2010,7,17,20,30,0,0,21,9320,22,0.30000000000000004,0
2010,7,17,21,30,0,0,21,9330,22,0.30000000000000004,0
2010,7,17,22,30,0,0,21,9330,22,0.2,0
2010,7,17,23,30,0,0,21,9330,22,0.2,0
2010,7,18,0,30,0,0,21,9320,22,0.2,0
2010,7,18,1,30,0,0,21,9310,22,0.2,0
2010,7,18,2,30,0,0,21,9310,22,0.30000000000000004,0
2010,7,18,3,30,0,0,21,9310,22,0.30000000000000004,0
2010,7,18,4,30,0,0,21,9310,22,0.30000000000000004,0
2010,7,18,5,30,0,0,21,9310,22,0.30000000000000004,0
2010,7,18,6,30,21,0,20,9320,22,0.30000000000000004,21
2010,7,18,7,30,109,318,21,9330,23,0.30000000000000004,205
2010,7,18,8,30,184,383,21,9330,24,0.4,384
2010,7,18,9,30,272,395,22,9330,26,0.30000000000000004,553
2010,7,18,10,30,335,390,22,9330,27,0.4,670
2010,7,18,11,30,214,719,23,9320,28,0.4,903
2010,7,18,12,30,427,131,23,9310,28,0.4,558
2010,7,18,13,30,380,115,23,9300,28,0.4,493
2010,7,18,14,30,281,594,23,9300,27,0.4,816
2010,7,18,15,30,338,288,22,9300,26,0.5,560
2010,7,18,16,30,250,45,22,9300,26,0.5,277
2010,7,18,17,30,144,18,22,9310,25,0.4,151
2010,7,18,18,30,28,0,22,9310,24,0.4,28
2010,7,18,19,30,0,0,22,9320,23,0.4,0
2010,7,18,20,30,0,0,22,9320,24,0.4,0
2010,7,18,21,30,0,0,23,9320,24,0.4,0
2010,7,18,22,30,0,0,23,9320,24,0.4,0
2010,7,18,23,30,0,0,23,9310,24,0.4,0
2010,7,19,0,30,0,0,23,9310,24,0.4,0
2010,7,19,1,30,0,0,22,9300,24,0.5,0
2010,7,19,2,30,0,0,22,9300,23,0.4,0
2010,7,19,3,30,0,0,22,9300,23,0.4,0
2010,7,19,4,30,0,0,22,9300,23,0.4,0
2010,7,19,5,30,0,0,22,9310,23,0.4,0
2010,7,19,6,30,17,0,22,9310,23,0.4,17
2010,7,19,7,30,135,76,22,9320,24,0.4,158
2010,7,19,8,30,235,151,22,9320,25,0.4,314
2010,7,19,9,30,302,42,22,9320,26,0.4,332
2010,7,19,10,30,384,105,23,9310,27,0.4,475
2010,7,19,11,30,358,438,23,9310,27,0.4,778
2010,7,19,12,30,424,181,23,9290,27,0.4,605
2010,7,19,13,30,319,602,23,9280,27,0.4,909
2010,7,19,14,30,376,349,23,9280,27,0.5,691
2010,7,19,15,30,342,117,23,9280,26,0.5,432
2010,7,19,16,30,255,69,23,9280,25,0.5,296
2010,7,19,17,30,161,53,23,9290,24,0.4,182
2010,7,19,18,30,50,1,23,9290,24,0.4,51
2010,7,19,19,30,0,0,23,9300,24,0.4,0
2010,7,19,20,30,0,0,23,9300,24,0.4,0
2010,7,19,21,30,0,0,23,9310,24,0.4,0
2010,7,19,22,30,0,0,23,9310,24,0.4,0
2010,7,19,23,30,0,0,23,9300,24,0.4,0
2010,7,20,0,30,0,0,23,9290,24,0.5,0
2010,7,20,1,30,0,0,23,9280,24,0.5,0
2010,7,20,2,30,0,0,22,9280,23,0.5,0
2010,7,20,3,30,0,0,22,9280,23,0.4,0
2010,7,20,4,30,0,0,22,9280,23,0.4,0
2010,7,20,5,30,0,0,22,9280,23,0.4,0
2010,7,20,6,30,17,0,22,9290,24,0.4,17
2010,7,20,7,30,122,46,22,9300,24,0.4,136
2010,7,20,8,30,238,77,22,9300,25,0.5,278
2010,7,20,9,30,288,31,22,9310,25,0.4,310
2010,7,20,10,30,399,45,22,9300,26,0.5,438
2010,7,20,11,30,420,95,23,9300,26,0.5,511
2010,7,20,12,30,375,43,23,9290,27,0.5,418
2010,7,20,13,30,449,66,23,9290,27,0.5,514
2010,7,20,14,30,414,41,23,9280,26,0.5,451
2010,7,20,15,30,317,27,22,9280,26,0.5,338
2010,7,20,16,30,262,89,22,9290,25,0.5,315
2010,7,20,17,30,164,61,22,9290,24,0.4,188
2010,7,20,18,30,47,0,22,9290,23,0.4,47
2010,7,20,19,30,0,0,22,9300,23,0.4,0
2010,7,20,20,30,0,0,22,9300,23,0.4,0
2010,7,20,21,30,0,0,22,9310,23,0.4,0
2010,7,20,22,30,0,0,22,9310,23,0.4,0
2010,7,20,23,30,0,0,22,9300,23,0.4,0
2010,7,21,0,30,0,0,22,9300,23,0.4,0
2010,7,21,1,30,0,0,22,9300,23,0.4,0
2010,7,21,2,30,0,0,22,9290,23,0.4,0
2010,7,21,3,30,0,0,22,9290,23,0.4,0
2010,7,21,4,30,0,0,22,9290,23,0.4,0
2010,7,21,5,30,0,0,22,9300,23,0.30000000000000004,0
2010,7,21,6,30,19,0,22,9310,23,0.30000000000000004,19
2010,7,21,7,30,133,132,22,9310,24,0.30000000000000004,173
2010,7,21,8,30,253,127,22,9320,25,0.4,319
2010,7,21,9,30,329,177,22,9320,25,0.4,455
2010,7,21,10,30,362,316,22,9320,26,0.5,634
2010,7,21,11,30,403,265,23,9310,27,0.5,657
2010,7,21,12,30,447,112,23,9300,27,0.5,559
2010,7,21,13,30,430,92,22,9300,26,0.5,521
2010,7,21,14,30,348,24,22,9290,25,0.5,370
2010,7,21,15,30,208,5,21,9300,25,0.5,212
2010,7,21,16,30,195,6,21,9300,24,0.5,199
2010,7,21,17,30,90,0,22,9310,23,0.4,90
2010,7,21,18,30,29,0,22,9310,23,0.4,29
2010,7,21,19,30,0,0,22,9320,23,0.4,0
2010,7,21,20,30,0,0,22,9320,23,0.4,0
2010,7,21,21,30,0,0,22,9320,23,0.4,0
2010,7,21,22,30,0,0,22,9320,23,0.4,0
2010,7,21,23,30,0,0,22,9320,23,0.4,0
2010,7,22,0,30,0,0,22,9310,23,0.4,0
2010,7,22,1,30,0,0,22,9300,23,0.4,0
2010,7,22,2,30,0,0,22,9300,23,0.4,0
2010,7,22,3,30,0,0,22,9300,23,0.4,0
2010,7,22,4,30,0,0,22,9300,23,0.5,0
2010,7,22,5,30,0,0,22,9310,23,0.5,0
2010,7,22,6,30,15,0,22,9320,23,0.5,15
2010,7,22,7,30,84,0,22,9320,24,0.5,84
2010,7,22,8,30,207,27,22,9330,24,0.6000000000000001,221
2010,7,22,9,30,322,140,22,9330,25,0.6000000000000001,422
2010,7,22,10,30,308,37,22,9320,26,0.6000000000000001,340
2010,7,22,11,30,426,137,22,9320,26,0.6000000000000001,558
2010,7,22,12,30,409,63,22,9310,26,0.6000000000000001,472
2010,7,22,13,30,358,344,22,9310,26,0.6000000000000001,695
2010,7,22,14,30,402,92,22,9300,26,0.6000000000000001,485
2010,7,22,15,30,312,25,22,9300,25,0.6000000000000001,332
2010,7,22,16,30,251,31,22,9300,24,0.6000000000000001,270
2010,7,22,17,30,128,4,22,9310,24,0.5,130
2010,7,22,18,30,16,0,22,9320,23,0.5,16
2010,7,22,19,30,0,0,22,9330,23,0.5,0
2010,7,22,20,30,0,0,21,9330,23,0.5,0
2010,7,22,21,30,0,0,21,9330,22,0.5,0
2010,7,22,22,30,0,0,21,9330,22,0.5,0
2010,7,22,23,30,0,0,21,9330,22,0.5,0
2010,7,23,0,30,0,0,21,9320,22,0.5,0
2010,7,23,1,30,0,0,21,9320,22,0.5,0
2010,7,23,2,30,0,0,21,9310,22,0.5,0
2010,7,23,3,30,0,0,21,9310,22,0.5,0
2010,7,23,4,30,0,0,21,9310,22,0.5,0
2010,7,23,5,30,0,0,21,9310,22,0.5,0
2010,7,23,6,30,17,0,22,9320,23,0.5,17
2010,7,23,7,30,118,18,21,9330,23,0.5,124
2010,7,23,8,30,199,21,22,9330,24,0.6000000000000001,210
2010,7,23,9,30,321,199,22,9330,25,0.6000000000000001,462
2010,7,23,10,30,389,138,22,9320,25,0.6000000000000001,508
2010,7,23,11,30,348,68,22,9320,26,0.6000000000000001,414
2010,7,23,12,30,368,340,22,9310,26,0.6000000000000001,708
2010,7,23,13,30,436,122,22,9300,25,0.6000000000000001,556
2010,7,23,14,30,358,27,22,9300,25,0.6000000000000001,383
2010,7,23,15,30,334,44,22,9290,25,0.6000000000000001,368
2010,7,23,16,30,257,291,21,9300,24,0.6000000000000001,430
2010,7,23,17,30,155,79,21,9310,23,0.6000000000000001,186
2010,7,23,18,30,15,0,21,9320,23,0.5,15
2010,7,23,19,30,0,0,21,9320,22,0.5,0
2010,7,23,20,30,0,0,21,9320,22,0.5,0
2010,7,23,21,30,0,0,21,9330,22,0.5,0
2010,7,23,22,30,0,0,21,9320,22,0.5,0
2010,7,23,23,30,0,0,21,9320,22,0.5,0
2010,7,24,0,30,0,0,21,9310,22,0.5,0
2010,7,24,1,30,0,0,21,9300,22,0.5,0
2010,7,24,2,30,0,0,21,9300,22,0.5,0
2010,7,24,3,30,0,0,22,9300,23,0.5,0
2010,7,24,4,30,0,0,22,9300,23,0.5,0
2010,7,24,5,30,0,0,22,9300,23,0.5,0
2010,7,24,6,30,17,0,22,9310,23,0.5,17
2010,7,24,7,30,122,123,22,9310,24,0.6000000000000001,159
2010,7,24,8,30,76,0,23,9320,25,0.6000000000000001,76
2010,7,24,9,30,185,2,23,9320,26,0.6000000000000001,187
2010,7,24,10,30,261,12,23,9310,26,0.7000000000000001,272
2010,7,24,11,30,372,126,23,9300,26,0.7000000000000001,493
2010,7,24,12,30,250,7,23,9300,26,0.7000000000000001,257
2010,7,24,13,30,300,9,23,9290,26,0.7000000000000001,309
2010,7,24,14,30,277,14,23,9290,26,0.6000000000000001,290
2010,7,24,15,30,220,2,23,9290,25,0.6000000000000001,222
2010,7,24,16,30,207,13,22,9300,24,0.5,215
2010,7,24,17,30,66,0,22,9310,24,0.5,66
2010,7,24,18,30,14,0,22,9310,23,0.5,14
2010,7,24,19,30,0,0,22,9310,23,0.5,0
2010,7,24,20,30,0,0,22,9310,24,0.5,0
2010,7,24,21,30,0,0,22,9310,23,0.5,0
2010,7,24,22,30,0,0,22,9310,23,0.5,0
2010,7,24,23,30,0,0,22,9300,23,0.5,0
2010,7,25,0,30,0,0,22,9300,23,0.5,0
2010,7,25,1,30,0,0,22,9290,23,0.5,0
2010,7,25,2,30,0,0,22,9280,23,0.5,0
2010,7,25,3,30,0,0,22,9280,23,0.5,0
2010,7,25,4,30,0,0,22,9280,23,0.5,0
2010,7,25,5,30,0,0,22,9280,23,0.6000000000000001,0
2010,7,25,6,30,11,0,22,9290,23,0.6000000000000001,11
2010,7,25,7,30,51,0,22,9290,24,0.6000000000000001,51
2010,7,25,8,30,143,0,22,9300,24,0.6000000000000001,143
2010,7,25,9,30,225,7,22,9300,25,0.6000000000000001,230
2010,7,25,10,30,351,26,22,9300,25,0.6000000000000001,374
2010,7,25,11,30,336,22,23,9290,25,0.6000000000000001,358
2010,7,25,12,30,292,9,22,9290,25,0.6000000000000001,301
2010,7,25,13,30,269,8,22,9280,25,0.6000000000000001,277
2010,7,25,14,30,285,11,22,9270,25,0.6000000000000001,295
2010,7,25,15,30,256,10,22,9270,24,0.6000000000000001,264
2010,7,25,16,30,165,0,22,9270,24,0.6000000000000001,165
2010,7,25,17,30,62,0,22,9280,23,0.6000000000000001,62
2010,7,25,18,30,19,0,22,9290,23,0.6000000000000001,19
2010,7,25,19,30,0,0,22,9290,23,0.5,0
2010,7,25,20,30,0,0,22,9300,23,0.5,0
2010,7,25,21,30,0,0,21,9300,23,0.6000000000000001,0
2010,7,25,22,30,0,0,21,9300,23,0.5,0
2010,7,25,23,30,0,0,21,9290,22,0.5,0
2010,7,26,0,30,0,0,21,9290,22,0.5,0
2010,7,26,1,30,0,0,21,9280,22,0.5,0
2010,7,26,2,30,0,0,21,9280,22,0.5,0
2010,7,26,3,30,0,0,21,9280,22,0.5,0
2010,7,26,4,30,0,0,21,9280,22,0.5,0
2010,7,26,5,30,0,0,22,9280,23,0.5,0
2010,7,26,6,30,13,0,22,9290,23,0.6000000000000001,13
2010,7,26,7,30,116,32,22,9290,24,0.6000000000000001,126
2010,7,26,8,30,158,2,22,9290,24,0.6000000000000001,160
2010,7,26,9,30,190,2,22,9300,25,0.7000000000000001,192
2010,7,26,10,30,204,2,22,9300,25,0.7000000000000001,206
2010,7,26,11,30,205,5,22,9300,25,0.7000000000000001,210
2010,7,26,12,30,393,51,22,9300,24,0.7000000000000001,444
2010,7,26,13,30,378,30,22,9290,24,0.7000000000000001,408
2010,7,26,14,30,375,86,22,9290,24,0.7000000000000001,453
2010,7,26,15,30,140,0,22,9280,24,0.7000000000000001,140
2010,7,26,16,30,150,0,22,9280,23,0.7000000000000001,150
2010,7,26,17,30,105,0,22,9290,23,0.7000000000000001,105
2010,7,26,18,30,23,0,22,9290,23,0.7000000000000001,23
2010,7,26,19,30,0,0,22,9300,23,0.7000000000000001,0
2010,7,26,20,30,0,0,22,9310,23,0.7000000000000001,0
2010,7,26,21,30,0,0,22,9310,23,0.6000000000000001,0
2010,7,26,22,30,0,0,22,9310,23,0.6000000000000001,0
2010,7,26,23,30,0,0,22,9310,23,0.6000000000000001,0
2010,7,27,0,30,0,0,22,9300,23,0.6000000000000001,0
2010,7,27,1,30,0,0,22,9300,23,0.6000000000000001,0
2010,7,27,2,30,0,0,22,9290,23,0.6000000000000001,0
2010,7,27,3,30,0,0,22,9290,23,0.6000000000000001,0
2010,7,27,4,30,0,0,22,9290,23,0.6000000000000001,0
2010,7,27,5,30,0,0,22,9290,23,0.6000000000000001,0
2010,7,27,6,30,15,0,22,9300,23,0.6000000000000001,15
2010,7,27,7,30,118,189,22,9310,24,0.5,174
2010,7,27,8,30,193,18,22,9320,25,0.6000000000000001,203
2010,7,27,9,30,301,42,23,9320,26,0.6000000000000001,331
2010,7,27,10,30,389,172,23,9320,27,0.6000000000000001,537
2010,7,27,11,30,402,77,23,9310,27,0.6000000000000001,476
2010,7,27,12,30,398,329,23,9300,27,0.6000000000000001,727
2010,7,27,13,30,397,350,23,9290,26,0.6000000000000001,740
2010,7,27,14,30,411,123,23,9290,26,0.6000000000000001,522
2010,7,27,15,30,343,144,22,9290,25,0.6000000000000001,454
2010,7,27,16,30,243,355,22,9290,25,0.6000000000000001,453
2010,7,27,17,30,156,89,22,9300,24,0.5,190
2010,7,27,18,30,20,0,22,9310,23,0.5,20
2010,7,27,19,30,0,0,22,9320,23,0.5,0
2010,7,27,20,30,0,0,22,9320,23,0.5,0
2010,7,27,21,30,0,0,22,9320,23,0.5,0
2010,7,27,22,30,0,0,22,9320,23,0.5,0
2010,7,27,23,30,0,0,22,9310,23,0.5,0
2010,7,28,0,30,0,0,22,9310,23,0.5,0
2010,7,28,1,30,0,0,22,9300,23,0.5,0
2010,7,28,2,30,0,0,22,9300,23,0.5,0
2010,7,28,3,30,0,0,22,9300,23,0.4,0
2010,7,28,4,30,0,0,22,9300,23,0.4,0
2010,7,28,5,30,0,0,22,9310,23,0.4,0
2010,7,28,6,30,14,0,22,9310,23,0.4,14
2010,7,28,7,30,104,5,22,9320,24,0.4,106
2010,7,28,8,30,178,9,23,9330,26,0.4,183
2010,7,28,9,30,314,90,23,9320,26,0.4,378
2010,7,28,10,30,367,341,23,9320,27,0.4,660
2010,7,28,11,30,361,83,23,9320,27,0.4,441
2010,7,28,12,30,410,343,23,9310,26,0.4,753
2010,7,28,13,30,385,283,23,9300,26,0.5,663
2010,7,28,14,30,235,14,23,9300,26,0.5,248
2010,7,28,15,30,342,51,22,9300,25,0.5,382
2010,7,28,16,30,219,20,22,9300,25,0.5,231
2010,7,28,17,30,86,0,22,9310,24,0.4,86
2010,7,28,18,30,17,0,22,9320,23,0.4,17
2010,7,28,19,30,0,0,22,9330,23,0.4,0
2010,7,28,20,30,0,0,22,9330,23,0.4,0
2010,7,28,21,30,0,0,22,9330,23,0.4,0
2010,7,28,22,30,0,0,21,9330,23,0.4,0
2010,7,28,23,30,0,0,21,9320,22,0.4,0
2010,7,29,0,30,0,0,21,9310,22,0.4,0
2010,7,29,1,30,0,0,21,9300,22,0.4,0
2010,7,29,2,30,0,0,21,9300,22,0.4,0
2010,7,29,3,30,0,0,21,9300,22,0.4,0
2010,7,29,4,30,0,0,21,9300,22,0.4,0
2010,7,29,5,30,0,0,22,9310,23,0.30000000000000004,0
2010,7,29,6,30,14,0,22,9310,23,0.30000000000000004,14
2010,7,29,7,30,116,209,22,9320,24,0.30000000000000004,178
2010,7,29,8,30,219,252,22,9320,25,0.30000000000000004,349
2010,7,29,9,30,290,34,23,9320,26,0.30000000000000004,314
2010,7,29,10,30,339,22,23,9320,27,0.4,358
2010,7,29,11,30,423,111,23,9310,27,0.4,530
2010,7,29,12,30,300,39,23,9300,27,0.4,339
2010,7,29,13,30,340,491,23,9300,26,0.5,821
2010,7,29,14,30,399,123,23,9300,26,0.5,510
2010,7,29,15,30,240,10,22,9290,25,0.5,248
2010,7,29,16,30,135,0,22,9300,24,0.5,135
2010,7,29,17,30,90,0,22,9310,24,0.4,90
2010,7,29,18,30,13,0,22,9320,23,0.4,13
2010,7,29,19,30,0,0,22,9320,23,0.4,0
2010,7,29,20,30,0,0,22,9330,23,0.4,0
2010,7,29,21,30,0,0,22,9330,23,0.4,0
2010,7,29,22,30,0,0,22,9330,23,0.4,0
2010,7,29,23,30,0,0,22,9320,23,0.4,0
2010,7,30,0,30,0,0,22,9310,23,0.4,0
2010,7,30,1,30,0,0,22,9310,23,0.4,0
2010,7,30,2,30,0,0,22,9300,23,0.4,0
2010,7,30,3,30,0,0,21,9300,22,0.4,0
2010,7,30,4,30,0,0,21,9300,22,0.4,0
2010,7,30,5,30,0,0,21,9310,22,0.30000000000000004,0
2010,7,30,6,30,13,0,22,9310,23,0.30000000000000004,13
2010,7,30,7,30,123,226,22,9320,23,0.30000000000000004,189
2010,7,30,8,30,218,41,22,9320,25,0.30000000000000004,240
2010,7,30,9,30,321,47,23,9320,26,0.30000000000000004,355
2010,7,30,10,30,393,57,23,9320,26,0.30000000000000004,442
2010,7,30,11,30,456,44,23,9310,27,0.30000000000000004,499
2010,7,30,12,30,449,140,23,9300,27,0.30000000000000004,589
2010,7,30,13,30,276,577,23,9300,26,0.4,842
2010,7,30,14,30,395,297,22,9290,26,0.4,663
2010,7,30,15,30,341,116,22,9290,25,0.4,430
2010,7,30,16,30,262,99,22,9300,24,0.4,321
2010,7,30,17,30,142,35,22,9300,24,0.4,156
2010,7,30,18,30,14,0,22,9310,23,0.4,14
2010,7,30,19,30,0,0,22,9320,23,0.4,0
2010,7,30,20,30,0,0,22,9320,24,0.4,0
2010,7,30,21,30,0,0,22,9330,23,0.30000000000000004,0
2010,7,30,22,30,0,0,22,9320,23,0.30000000000000004,0
2010,7,30,23,30,0,0,22,9320,23,0.30000000000000004,0
2010,7,31,0,30,0,0,22,9310,23,0.30000000000000004,0
2010,7,31,1,30,0,0,22,9300,23,0.30000000000000004,0
2010,7,31,2,30,0,0,22,9300,23,0.30000000000000004,0
2010,7,31,3,30,0,0,22,9300,23,0.4,0
2010,7,31,4,30,0,0,22,9300,23,0.4,0
2010,7,31,5,30,0,0,22,9310,23,0.4,0
2010,7,31,6,30,12,0,22,9320,23,0.4,12
2010,7,31,7,30,119,50,22,9320,24,0.5,134
2010,7,31,8,30,219,64,22,9330,24,0.5,252
2010,7,31,9,30,315,235,22,9330,25,0.6000000000000001,481
2010,7,31,10,30,391,54,23,9330,25,0.6000000000000001,438
2010,7,31,11,30,424,54,22,9320,25,0.6000000000000001,476
2010,7,31,12,30,404,22,22,9320,25,0.6000000000000001,426
2010,7,31,13,30,398,22,22,9310,25,0.6000000000000001,420
2010,7,31,14,30,395,42,22,9300,25,0.6000000000000001,433
2010,7,31,15,30,249,12,22,9300,25,0.6000000000000001,259
2010,7,31,16,30,252,104,22,9310,24,0.6000000000000001,314
2010,7,31,17,30,111,0,22,9310,24,0.6000000000000001,111
2010,7,31,18,30,13,0,22,9320,23,0.5,13
2010,7,31,19,30,0,0,22,9330,23,0.5,0
2010,7,31,20,30,0,0,22,9340,23,0.5,0
2010,7,31,21,30,0,0,22,9340,23,0.5,0
2010,7,31,22,30,0,0,22,9340,23,0.5,0
2010,7,31,23,30,0,0,22,9330,23,0.5,0
2011,8,1,0,30,0,0,22,9320,23,0.5,0
2011,8,1,1,30,0,0,22,9320,23,0.5,0
2011,8,1,2,30,0,0,22,9310,23,0.5,0
2011,8,1,3,30,0,0,22,9310,23,0.5,0
2011,8,1,4,30,0,0,22,9310,23,0.5,0
2011,8,1,5,30,0,0,20,9310,21,0.4,0
2011,8,1,6,30,12,0,21,9320,22,0.4,12
2011,8,1,7,30,103,16,21,9320,23,0.4,108
2011,8,1,8,30,232,197,22,9320,25,0.5,333
2011,8,1,9,30,326,234,22,9320,26,0.5,491
2011,8,1,10,30,387,118,22,9320,26,0.5,489
2011,8,1,11,30,445,75,22,9320,26,0.6000000000000001,517
2011,8,1,12,30,441,91,22,9310,26,0.6000000000000001,532
2011,8,1,13,30,381,48,22,9310,26,0.6000000000000001,429
2011,8,1,14,30,399,176,22,9300,25,0.6000000000000001,558
2011,8,1,15,30,269,16,21,9300,24,0.6000000000000001,282
2011,8,1,16,30,242,26,21,9300,24,0.5,258
2011,8,1,17,30,136,8,21,9310,23,0.5,139
2011,8,1,18,30,34,0,21,9320,22,0.4,34
2011,8,1,19,30,0,0,21,9320,22,0.4,0
2011,8,1,20,30,0,0,21,9330,22,0.4,0
2011,8,1,21,30,0,0,21,9330,22,0.4,0
2011,8,1,22,30,0,0,21,9320,22,0.4,0
2011,8,1,23,30,0,0,21,9320,22,0.4,0
2011,8,2,0,30,0,0,21,9310,22,0.30000000000000004,0
2011,8,2,1,30,0,0,21,9310,22,0.30000000000000004,0
2011,8,2,2,30,0,0,21,9300,22,0.30000000000000004,0
2011,8,2,3,30,0,0,21,9300,22,0.30000000000000004,0
2011,8,2,4,30,0,0,21,9310,22,0.30000000000000004,0
2011,8,2,5,30,0,0,21,9310,22,0.30000000000000004,0
2011,8,2,6,30,15,0,21,9320,23,0.30000000000000004,15
2011,8,2,7,30,126,94,21,9320,23,0.4,154
2011,8,2,8,30,252,150,22,9320,24,0.4,329
2011,8,2,9,30,328,206,22,9320,25,0.4,474
2011,8,2,10,30,295,501,22,9320,26,0.4,725
2011,8,2,11,30,422,102,22,9320,26,0.4,520
2011,8,2,12,30,452,172,22,9310,26,0.4,624
2011,8,2,13,30,436,113,22,9300,26,0.4,547
2011,8,2,14,30,381,304,22,9290,26,0.5,655
2011,8,2,15,30,354,152,22,9300,25,0.5,471
2011,8,2,16,30,249,74,22,9300,24,0.5,293
2011,8,2,17,30,127,3,22,9310,23,0.4,129
2011,8,2,18,30,36,0,22,9320,23,0.4,36
2011,8,2,19,30,0,0,22,9320,23,0.4,0
2011,8,2,20,30,0,0,22,9320,23,0.4,0
2011,8,2,21,30,0,0,22,9320,23,0.30000000000000004,0
2011,8,2,22,30,0,0,22,9320,23,0.30000000000000004,0
2011,8,2,23,30,0,0,21,9310,22,0.30000000000000004,0
2011,8,3,0,30,0,0,21,9300,22,0.30000000000000004,0
2011,8,3,1,30,0,0,21,9300,22,0.2,0
2011,8,3,2,30,0,0,21,9290,22,0.2,0
2011,8,3,3,30,0,0,21,9290,22,0.30000000000000004,0
2011,8,3,4,30,0,0,21,9290,22,0.30000000000000004,0
2011,8,3,5,30,0,0,21,9300,22,0.30000000000000004,0
2011,8,3,6,30,11,0,22,9300,23,0.30000000000000004,11
2011,8,3,7,30,118,84,22,9310,23,0.30000000000000004,143
2011,8,3,8,30,216,272,22,9310,24,0.30000000000000004,355
2011,8,3,9,30,323,156,22,9310,26,0.4,433
2011,8,3,10,30,389,52,22,9310,27,0.4,434
2011,8,3,11,30,414,237,23,9300,27,0.4,641
2011,8,3,12,30,411,304,22,9300,27,0.4,715
2011,8,3,13,30,437,113,22,9290,26,0.4,548
2011,8,3,14,30,412,171,22,9290,26,0.4,566
2011,8,3,15,30,365,167,22,9290,25,0.4,493
2011,8,3,16,30,253,87,21,9300,25,0.4,304
2011,8,3,17,30,109,0,21,9300,24,0.30000000000000004,109
2011,8,3,18,30,35,0,22,9310,23,0.30000000000000004,35
2011,8,3,19,30,0,0,22,9320,23,0.30000000000000004,0
2011,8,3,20,30,0,0,22,9320,23,0.30000000000000004,0
2011,8,3,21,30,0,0,22,9320,23,0.30000000000000004,0
2011,8,3,22,30,0,0,22,9320,23,0.30000000000000004,0
2011,8,3,23,30,0,0,22,9320,23,0.30000000000000004,0
2011,8,4,0,30,0,0,22,9310,23,0.30000000000000004,0
2011,8,4,1,30,0,0,21,9310,23,0.30000000000000004,0
2011,8,4,2,30,0,0,21,9300,22,0.30000000000000004,0
2011,8,4,3,30,0,0,21,9300,22,0.30000000000000004,0
2011,8,4,4,30,0,0,21,9300,22,0.30000000000000004,0
2011,8,4,5,30,0,0,21,9300,22,0.30000000000000004,0
2011,8,4,6,30,11,0,21,9310,23,0.30000000000000004,11
2011,8,4,7,30,122,68,21,9320,23,0.4,142
2011,8,4,8,30,231,163,21,9320,24,0.4,315
2011,8,4,9,30,274,433,21,9320,25,0.4,579
2011,8,4,10,30,291,29,22,9320,26,0.4,316
2011,8,4,11,30,404,194,22,9310,26,0.4,590
2011,8,4,12,30,374,41,22,9300,26,0.5,415
2011,8,4,13,30,439,55,23,9300,26,0.5,493
2011,8,4,14,30,368,30,22,9290,26,0.5,395
2011,8,4,15,30,353,134,22,9290,26,0.5,456
2011,8,4,16,30,228,27,22,9300,25,0.5,244
2011,8,4,17,30,154,111,21,9300,24,0.4,195
2011,8,4,18,30,34,0,22,9310,23,0.4,34
2011,8,4,19,30,0,0,22,9320,23,0.4,0
2011,8,4,20,30,0,0,22,9320,23,0.4,0
2011,8,4,21,30,0,0,22,9320,23,0.4,0
2011,8,4,22,30,0,0,22,9320,23,0.4,0
2011,8,4,23,30,0,0,22,9320,23,0.30000000000000004,0
2011,8,5,0,30,0,0,22,9310,23,0.4,0
2011,8,5,1,30,0,0,22,9300,23,0.4,0
2011,8,5,2,30,0,0,22,9300,23,0.4,0
2011,8,5,3,30,0,0,22,9300,23,0.4,0
2011,8,5,4,30,0,0,22,9300,23,0.4,0
2011,8,5,5,30,0,0,22,9300,23,0.4,0
2011,8,5,6,30,13,0,22,9310,23,0.4,13
2011,8,5,7,30,108,10,22,9320,24,0.4,111
2011,8,5,8,30,225,31,22,9320,25,0.4,241
2011,8,5,9,30,322,176,22,9320,26,0.4,446
2011,8,5,10,30,384,103,22,9320,26,0.4,473
2011,8,5,11,30,424,196,22,9310,26,0.4,612
2011,8,5,12,30,398,372,23,9300,26,0.4,770
2011,8,5,13,30,287,562,23,9300,26,0.5,838
2011,8,5,14,30,361,378,22,9290,26,0.5,701
2011,8,5,15,30,312,385,22,9290,26,0.5,606
2011,8,5,16,30,258,152,22,9290,25,0.5,347
2011,8,5,17,30,130,9,22,9300,24,0.4,134
2011,8,5,18,30,29,0,22,9310,23,0.4,29
2011,8,5,19,30,0,0,22,9310,23,0.30000000000000004,0
2011,8,5,20,30,0,0,22,9320,23,0.30000000000000004,0
2011,8,5,21,30,0,0,22,9320,23,0.30000000000000004,0
2011,8,5,22,30,0,0,22,9320,23,0.30000000000000004,0
2011,8,5,23,30,0,0,22,9310,23,0.4,0
2011,8,6,0,30,0,0,22,9300,23,0.4,0
2011,8,6,1,30,0,0,21,9300,23,0.4,0
2011,8,6,2,30,0,0,21,9290,22,0.4,0
2011,8,6,3,30,0,0,21,9290,22,0.4,0
2011,8,6,4,30,0,0,21,9290,22,0.4,0
2011,8,6,5,30,0,0,21,9300,22,0.4,0
2011,8,6,6,30,12,0,21,9300,23,0.4,12
2011,8,6,7,30,95,3,21,9310,23,0.4,96
2011,8,6,8,30,195,426,22,9320,25,0.4,412
2011,8,6,9,30,312,250,22,9320,25,0.5,488
2011,8,6,10,30,366,326,22,9320,26,0.5,646
2011,8,6,11,30,407,112,22,9310,26,0.5,515
2011,8,6,12,30,390,352,22,9310,26,0.5,742
2011,8,6,13,30,429,221,22,9300,26,0.5,646
2011,8,6,14,30,402,47,22,9300,26,0.5,445
2011,8,6,15,30,318,25,22,9290,25,0.5,338
2011,8,6,16,30,208,11,22,9300,24,0.5,215
2011,8,6,17,30,105,0,22,9310,24,0.4,105
2011,8,6,18,30,15,0,22,9310,23,0.4,15
2011,8,6,19,30,0,0,22,9320,23,0.4,0
2011,8,6,20,30,0,0,22,9320,23,0.4,0
2011,8,6,21,30,0,0,22,9320,23,0.4,0
2011,8,6,22,30,0,0,22,9310,23,0.4,0
2011,8,6,23,30,0,0,22,9310,23,0.4,0
2011,8,7,0,30,0,0,22,9300,23,0.4,0
2011,8,7,1,30,0,0,22,9290,23,0.4,0
2011,8,7,2,30,0,0,22,9290,23,0.4,0
2011,8,7,3,30,0,0,21,9290,23,0.4,0
2011,8,7,4,30,0,0,21,9290,22,0.4,0
2011,8,7,5,30,0,0,21,9300,22,0.4,0
2011,8,7,6,30,12,0,21,9300,23,0.4,12
2011,8,7,7,30,114,19,21,9310,23,0.4,120
2011,8,7,8,30,235,82,22,9310,24,0.4,277
2011,8,7,9,30,322,149,22,9310,25,0.5,427
2011,8,7,10,30,299,33,22,9310,25,0.5,328
2011,8,7,11,30,428,136,22,9310,26,0.5,559
2011,8,7,12,30,405,358,23,9300,26,0.5,763
2011,8,7,13,30,438,170,23,9290,26,0.5,605
2011,8,7,14,30,411,108,23,9290,26,0.5,508
2011,8,7,15,30,352,122,22,9280,25,0.5,445
2011,8,7,16,30,159,0,22,9290,25,0.5,159
2011,8,7,17,30,91,0,22,9300,24,0.4,91
2011,8,7,18,30,11,0,22,9300,23,0.4,11
2011,8,7,19,30,0,0,22,9310,23,0.4,0
2011,8,7,20,30,0,0,22,9310,23,0.4,0
2011,8,7,21,30,0,0,22,9320,23,0.4,0
2011,8,7,22,30,0,0,22,9310,23,0.4,0
2011,8,7,23,30,0,0,22,9310,23,0.4,0
2011,8,8,0,30,0,0,22,9310,23,0.4,0
2011,8,8,1,30,0,0,22,9300,23,0.4,0
2011,8,8,2,30,0,0,22,9290,23,0.4,0
2011,8,8,3,30,0,0,21,9290,23,0.4,0
2011,8,8,4,30,0,0,21,9290,22,0.4,0
2011,8,8,5,30,0,0,21,9290,22,0.4,0
2011,8,8,6,30,9,0,21,9300,23,0.4,9
2011,8,8,7,30,118,60,22,9300,23,0.4,136
2011,8,8,8,30,240,102,22,9310,24,0.4,292
2011,8,8,9,30,312,249,23,9310,26,0.4,488
2011,8,8,10,30,335,55,23,9310,26,0.5,383
2011,8,8,11,30,275,18,23,9310,27,0.5,293
2011,8,8,12,30,343,588,23,9300,27,0.5,930
2011,8,8,13,30,407,290,23,9290,27,0.5,691
2011,8,8,14,30,293,522,23,9280,26,0.6000000000000001,762
2011,8,8,15,30,311,383,22,9280,26,0.6000000000000001,603
2011,8,8,16,30,244,77,22,9290,25,0.6000000000000001,289
2011,8,8,17,30,125,5,22,9290,24,0.5,127
2011,8,8,18,30,40,0,22,9300,23,0.5,40
2011,8,8,19,30,0,0,22,9310,23,0.5,0
2011,8,8,20,30,0,0,22,9310,23,0.5,0
2011,8,8,21,30,0,0,22,9310,23,0.4,0
2011,8,8,22,30,0,0,22,9310,23,0.4,0
2011,8,8,23,30,0,0,21,9300,23,0.4,0
2011,8,9,0,30,0,0,21,9300,22,0.5,0
2011,8,9,1,30,0,0,21,9290,22,0.5,0
2011,8,9,2,30,0,0,21,9290,22,0.5,0
2011,8,9,3,30,0,0,21,9280,22,0.5,0
2011,8,9,4,30,0,0,21,9280,22,0.5,0
2011,8,9,5,30,0,0,21,9290,22,0.5,0
2011,8,9,6,30,8,0,21,9290,23,0.5,8
2011,8,9,7,30,102,10,21,9300,23,0.5,105
2011,8,9,8,30,229,122,22,9300,24,0.5,291
2011,8,9,9,30,298,40,22,9310,25,0.5,327
2011,8,9,10,30,388,121,22,9310,26,0.5,492
2011,8,9,11,30,439,64,22,9300,26,0.5,501
2011,8,9,12,30,401,55,22,9300,26,0.6000000000000001,456
2011,8,9,13,30,257,7,22,9290,26,0.6000000000000001,264
2011,8,9,14,30,168,3,22,9290,26,0.6000000000000001,171
2011,8,9,15,30,241,11,22,9290,25,0.5,250
2011,8,9,16,30,244,44,21,9290,24,0.5,270
2011,8,9,17,30,149,63,21,9300,24,0.5,172
2011,8,9,18,30,27,0,21,9310,23,0.4,27
2011,8,9,19,30,0,0,22,9320,23,0.4,0
2011,8,9,20,30,0,0,22,9320,23,0.4,0
2011,8,9,21,30,0,0,22,9320,23,0.4,0
2011,8,9,22,30,0,0,22,9320,23,0.4,0
2011,8,9,23,30,0,0,21,9310,23,0.4,0
2011,8,10,0,30,0,0,21,9310,22,0.4,0
2011,8,10,1,30,0,0,21,9300,22,0.4,0
2011,8,10,2,30,0,0,21,9300,22,0.4,0
2011,8,10,3,30,0,0,21,9300,22,0.4,0
2011,8,10,4,30,0,0,21,9300,22,0.4,0
2011,8,10,5,30,0,0,21,9310,22,0.4,0
2011,8,10,6,30,8,0,21,9310,22,0.4,8
2011,8,10,7,30,113,38,21,9320,23,0.4,124
2011,8,10,8,30,232,77,22,9320,25,0.4,272
2011,8,10,9,30,323,39,22,9320,26,0.5,351
2011,8,10,10,30,397,48,22,9320,27,0.5,439
2011,8,10,11,30,416,229,22,9320,27,0.5,636
2011,8,10,12,30,449,170,22,9310,27,0.6000000000000001,619
2011,8,10,13,30,334,518,22,9310,27,0.6000000000000001,841
2011,8,10,14,30,305,30,22,9300,27,0.6000000000000001,332
2011,8,10,15,30,224,11,22,9300,26,0.6000000000000001,233
2011,8,10,16,30,249,86,22,9300,25,0.5,299
2011,8,10,17,30,153,95,21,9310,24,0.5,188
2011,8,10,18,30,26,0,21,9320,23,0.4,26
2011,8,10,19,30,0,0,21,9330,23,0.4,0
2011,8,10,20,30,0,0,21,9330,23,0.4,0
2011,8,10,21,30,0,0,21,9330,23,0.4,0
2011,8,10,22,30,0,0,21,9330,23,0.4,0
2011,8,10,23,30,0,0,21,9330,23,0.4,0
2011,8,11,0,30,0,0,21,9320,23,0.4,0
2011,8,11,1,30,0,0,21,9310,22,0.4,0
2011,8,11,2,30,0,0,21,9310,22,0.4,0
2011,8,11,3,30,0,0,21,9310,22,0.4,0
2011,8,11,4,30,0,0,21,9310,22,0.4,0
2011,8,11,5,30,0,0,21,9320,22,0.4,0
2011,8,11,6,30,10,0,21,9320,23,0.5,10
2011,8,11,7,30,101,300,21,9320,23,0.5,186
2011,8,11,8,30,173,475,22,9330,25,0.5,414
2011,8,11,9,30,304,281,23,9330,26,0.5,502
2011,8,11,10,30,361,326,23,9330,27,0.5,640
2011,8,11,11,30,233,674,23,9320,27,0.5,878
2011,8,11,12,30,363,444,23,9310,27,0.6000000000000001,806
2011,8,11,13,30,432,207,23,9310,26,0.6000000000000001,635
2011,8,11,14,30,329,40,22,9300,26,0.6000000000000001,365
2011,8,11,15,30,190,658,22,9290,25,0.6000000000000001,689
2011,8,11,16,30,250,295,21,9300,24,0.6000000000000001,420
2011,8,11,17,30,108,0,21,9310,24,0.5,108
2011,8,11,18,30,12,0,21,9320,23,0.4,12
2011,8,11,19,30,0,0,21,9320,22,0.4,0
2011,8,11,20,30,0,0,21,9320,22,0.4,0
2011,8,11,21,30,0,0,21,9330,23,0.4,0
2011,8,11,22,30,0,0,21,9320,22,0.4,0
2011,8,11,23,30,0,0,21,9320,22,0.4,0
2011,8,12,0,30,0,0,21,9310,22,0.4,0
2011,8,12,1,30,0,0,21,9300,22,0.4,0
2011,8,12,2,30,0,0,21,9300,22,0.5,0
2011,8,12,3,30,0,0,21,9290,22,0.5,0
2011,8,12,4,30,0,0,21,9290,22,0.5,0
2011,8,12,5,30,0,0,21,9290,22,0.5,0
2011,8,12,6,30,9,0,21,9300,22,0.5,9
2011,8,12,7,30,104,30,21,9310,23,0.5,113
2011,8,12,8,30,198,405,21,9310,24,0.5,404
2011,8,12,9,30,283,363,22,9320,25,0.5,538
2011,8,12,10,30,366,312,22,9310,25,0.5,633
2011,8,12,11,30,417,231,22,9310,26,0.6000000000000001,638
2011,8,12,12,30,343,544,22,9300,26,0.6000000000000001,886
2011,8,12,13,30,362,71,22,9290,26,0.6000000000000001,432
2011,8,12,14,30,409,117,22,9280,25,0.6000000000000001,514
2011,8,12,15,30,339,54,22,9280,25,0.5,380
2011,8,12,16,30,189,8,22,9280,24,0.5,194
2011,8,12,17,30,76,0,22,9290,24,0.4,76
2011,8,12,18,30,26,0,22,9300,23,0.4,26
2011,8,12,19,30,0,0,22,9300,23,0.4,0
2011,8,12,20,30,0,0,22,9300,23,0.4,0
2011,8,12,21,30,0,0,22,9300,23,0.4,0
2011,8,12,22,30,0,0,22,9300,23,0.4,0
2011,8,12,23,30,0,0,21,9290,22,0.4,0
2011,8,13,0,30,0,0,21,9290,22,0.4,0
2011,8,13,1,30,0,0,21,9280,22,0.4,0
2011,8,13,2,30,0,0,21,9280,22,0.4,0
2011,8,13,3,30,0,0,21,9280,22,0.4,0
2011,8,13,4,30,0,0,21,9280,22,0.4,0
2011,8,13,5,30,0,0,21,9280,22,0.30000000000000004,0
2011,8,13,6,30,9,0,21,9290,22,0.30000000000000004,9
2011,8,13,7,30,108,50,21,9300,23,0.30000000000000004,123
2011,8,13,8,30,214,271,21,9300,24,0.4,352
2011,8,13,9,30,201,578,22,9300,25,0.4,607
2011,8,13,10,30,238,627,22,9300,26,0.4,775
2011,8,13,11,30,405,192,22,9300,26,0.4,589
2011,8,13,12,30,323,45,22,9290,25,0.5,368
2011,8,13,13,30,384,126,22,9280,25,0.5,507
2011,8,13,14,30,193,10,21,9280,25,0.5,202
2011,8,13,15,30,268,17,21,9280,24,0.5,281
2011,8,13,16,30,165,2,21,9280,24,0.5,167
2011,8,13,17,30,92,0,21,9290,23,0.4,92
2011,8,13,18,30,18,0,21,9300,22,0.4,18
2011,8,13,19,30,0,0,21,9310,23,0.4,0
2011,8,13,20,30,0,0,22,9310,23,0.4,0
2011,8,13,21,30,0,0,22,9310,23,0.4,0
2011,8,13,22,30,0,0,22,9310,23,0.4,0
2011,8,13,23,30,0,0,22,9310,23,0.4,0
2011,8,14,0,30,0,0,22,9300,23,0.4,0
2011,8,14,1,30,0,0,22,9290,23,0.4,0
2011,8,14,2,30,0,0,22,9290,23,0.4,0
2011,8,14,3,30,0,0,21,9290,22,0.4,0
2011,8,14,4,30,0,0,21,9300,22,0.4,0
2011,8,14,5,30,0,0,21,9300,22,0.4,0
2011,8,14,6,30,9,0,21,9310,22,0.4,9
2011,8,14,7,30,125,110,21,9320,23,0.4,156
2011,8,14,8,30,211,294,22,9320,25,0.4,360
2011,8,14,9,30,312,86,22,9330,26,0.4,373
2011,8,14,10,30,343,28,22,9330,26,0.5,367
2011,8,14,11,30,424,106,23,9320,27,0.5,526
2011,8,14,12,30,313,27,23,9310,27,0.5,340
2011,8,14,13,30,367,42,23,9310,26,0.5,408
2011,8,14,14,30,408,119,23,9300,26,0.5,515
2011,8,14,15,30,339,53,22,9300,25,0.5,379
2011,8,14,16,30,196,9,22,9310,25,0.5,202
2011,8,14,17,30,73,0,22,9320,24,0.4,73
2011,8,14,18,30,10,0,22,9330,23,0.4,10
2011,8,14,19,30,0,0,22,9340,23,0.4,0
2011,8,14,20,30,0,0,22,9340,23,0.4,0
2011,8,14,21,30,0,0,22,9340,23,0.4,0
2011,8,14,22,30,0,0,22,9340,23,0.4,0
2011,8,14,23,30,0,0,22,9330,23,0.30000000000000004,0
2011,8,15,0,30,0,0,22,9330,23,0.30000000000000004,0
2011,8,15,1,30,0,0,22,9320,23,0.30000000000000004,0
2011,8,15,2,30,0,0,22,9320,23,0.30000000000000004,0
2011,8,15,3,30,0,0,21,9320,22,0.30000000000000004,0
2011,8,15,4,30,0,0,21,9320,22,0.30000000000000004,0
2011,8,15,5,30,0,0,21,9330,22,0.30000000000000004,0
2011,8,15,6,30,8,0,21,9330,23,0.30000000000000004,8
2011,8,15,7,30,99,304,21,9340,24,0.4,185
2011,8,15,8,30,151,506,22,9340,25,0.4,407
2011,8,15,9,30,254,461,23,9340,26,0.4,578
2011,8,15,10,30,381,145,23,9340,27,0.4,505
2011,8,15,11,30,318,552,23,9340,27,0.4,846
2011,8,15,12,30,362,84,23,9330,27,0.4,446
2011,8,15,13,30,214,737,23,9320,26,0.5,933
2011,8,15,14,30,358,62,22,9320,26,0.5,414
2011,8,15,15,30,346,113,22,9310,25,0.5,432
2011,8,15,16,30,278,119,22,9320,24,0.4,346
2011,8,15,17,30,145,46,22,9330,24,0.30000000000000004,162
2011,8,15,18,30,37,0,22,9340,23,0.30000000000000004,37
2011,8,15,19,30,0,0,22,9340,23,0.30000000000000004,0
2011,8,15,20,30,0,0,22,9350,23,0.30000000000000004,0
2011,8,15,21,30,0,0,22,9350,23,0.2,0
2011,8,15,22,30,0,0,22,9350,23,0.2,0
2011,8,15,23,30,0,0,22,9340,23,0.2,0
2011,8,16,0,30,0,0,21,9340,22,0.2,0
2011,8,16,1,30,0,0,21,9330,22,0.2,0
2011,8,16,2,30,0,0,21,9330,22,0.2,0
2011,8,16,3,30,0,0,21,9330,22,0.2,0
2011,8,16,4,30,0,0,21,9330,22,0.2,0
2011,8,16,5,30,0,0,21,9330,22,0.2,0
2011,8,16,6,30,8,0,21,9330,22,0.30000000000000004,8
2011,8,16,7,30,96,3,21,9340,23,0.30000000000000004,97
2011,8,16,8,30,224,58,22,9340,25,0.30000000000000004,254
2011,8,16,9,30,286,78,22,9350,26,0.30000000000000004,341
2011,8,16,10,30,202,697,23,9340,27,0.4,798
2011,8,16,11,30,407,109,23,9340,27,0.4,512
2011,8,16,12,30,450,152,23,9330,27,0.4,602
2011,8,16,13,30,401,64,23,9320,26,0.5,464
2011,8,16,14,30,274,23,22,9310,26,0.4,295
2011,8,16,15,30,343,154,22,9310,25,0.4,459
2011,8,16,16,30,227,378,22,9320,25,0.4,442
2011,8,16,17,30,149,218,22,9320,24,0.30000000000000004,225
2011,8,16,18,30,13,0,22,9330,23,0.30000000000000004,13
2011,8,16,19,30,0,0,22,9340,23,0.30000000000000004,0
2011,8,16,20,30,0,0,22,9340,23,0.30000000000000004,0
2011,8,16,21,30,0,0,22,9350,23,0.30000000000000004,0
2011,8,16,22,30,0,0,22,9350,23,0.30000000000000004,0
2011,8,16,23,30,0,0,22,9340,23,0.2,0
2011,8,17,0,30,0,0,21,9340,22,0.2,0
2011,8,17,1,30,0,0,21,9340,22,0.2,0
2011,8,17,2,30,0,0,21,9330,22,0.2,0
2011,8,17,3,30,0,0,21,9320,22,0.2,0
2011,8,17,4,30,0,0,21,9320,22,0.2,0
2011,8,17,5,30,0,0,21,9320,22,0.2,0
2011,8,17,6,30,7,0,21,9330,22,0.2,7
2011,8,17,7,30,113,127,21,9330,23,0.2,149
2011,8,17,8,30,177,15,22,9340,25,0.30000000000000004,185
2011,8,17,9,30,315,129,22,9340,26,0.30000000000000004,406
2011,8,17,10,30,284,596,22,9340,27,0.30000000000000004,794
2011,8,17,11,30,285,549,22,9330,27,0.30000000000000004,810
2011,8,17,12,30,427,357,22,9320,27,0.4,783
2011,8,17,13,30,375,45,22,9310,26,0.4,419
2011,8,17,14,30,375,34,22,9300,26,0.4,406
2011,8,17,15,30,332,302,22,9300,25,0.4,559
2011,8,17,16,30,240,354,22,9310,24,0.30000000000000004,441
2011,8,17,17,30,118,7,22,9320,24,0.30000000000000004,121
2011,8,17,18,30,29,0,22,9320,23,0.2,29
2011,8,17,19,30,0,0,22,9330,23,0.2,0
2011,8,17,20,30,0,0,22,9340,23,0.2,0
2011,8,17,21,30,0,0,22,9340,23,0.2,0
2011,8,17,22,30,0,0,22,9340,23,0.2,0
2011,8,17,23,30,0,0,22,9330,23,0.2,0
2011,8,18,0,30,0,0,22,9330,23,0.2,0
2011,8,18,1,30,0,0,21,9330,22,0.2,0
2011,8,18,2,30,0,0,21,9320,22,0.2,0
2011,8,18,3,30,0,0,21,9320,22,0.2,0
2011,8,18,4,30,0,0,21,9320,22,0.2,0
2011,8,18,5,30,0,0,21,9330,22,0.2,0
2011,8,18,6,30,9,5,21,9340,23,0.2,9
2011,8,18,7,30,101,302,21,9340,23,0.2,185
2011,8,18,8,30,152,512,22,9350,24,0.30000000000000004,410
2011,8,18,9,30,182,628,22,9350,25,0.30000000000000004,623
2011,8,18,10,30,231,625,22,9340,25,0.30000000000000004,765
2011,8,18,11,30,329,470,22,9340,26,0.30000000000000004,778
2011,8,18,12,30,216,743,22,9330,26,0.4,955
2011,8,18,13,30,260,685,22,9320,26,0.4,927
2011,8,18,14,30,355,406,22,9310,25,0.4,716
2011,8,18,15,30,189,650,22,9320,25,0.30000000000000004,676
2011,8,18,16,30,201,464,22,9320,24,0.30000000000000004,463
2011,8,18,17,30,140,76,22,9330,23,0.30000000000000004,167
2011,8,18,18,30,30,0,22,9330,23,0.30000000000000004,30
2011,8,18,19,30,0,0,22,9340,23,0.2,0
2011,8,18,20,30,0,0,22,9340,22,0.2,0
2011,8,18,21,30,0,0,21,9340,22,0.2,0
2011,8,18,22,30,0,0,21,9340,22,0.2,0
2011,8,18,23,30,0,0,21,9330,22,0.1,0
2011,8,19,0,30,0,0,21,9330,22,0.1,0
2011,8,19,1,30,0,0,21,9320,22,0.1,0
2011,8,19,2,30,0,0,21,9320,22,0.1,0
2011,8,19,3,30,0,0,21,9320,22,0.1,0
2011,8,19,4,30,0,0,21,9320,22,0.2,0
2011,8,19,5,30,0,0,21,9320,22,0.2,0
2011,8,19,6,30,9,0,21,9330,22,0.2,9
2011,8,19,7,30,100,297,21,9330,23,0.2,183
2011,8,19,8,30,190,333,21,9340,24,0.2,358
2011,8,19,9,30,263,411,22,9340,25,0.30000000000000004,551
2011,8,19,10,30,263,539,22,9340,26,0.30000000000000004,724
2011,8,19,11,30,399,331,22,9330,26,0.30000000000000004,715
2011,8,19,12,30,307,533,23,9320,26,0.30000000000000004,838
2011,8,19,13,30,252,662,23,9310,26,0.30000000000000004,896
2011,8,19,14,30,325,448,22,9310,25,0.30000000000000004,723
2011,8,19,15,30,232,525,22,9310,25,0.30000000000000004,625
2011,8,19,16,30,162,550,21,9320,24,0.30000000000000004,471
2011,8,19,17,30,140,208,21,9330,23,0.2,212
2011,8,19,18,30,12,0,21,9330,23,0.2,12
2011,8,19,19,30,0,0,21,9340,22,0.2,0
2011,8,19,20,30,0,0,22,9340,23,0.2,0
2011,8,19,21,30,0,0,22,9340,23,0.2,0
2011,8,19,22,30,0,0,22,9330,23,0.1,0
2011,8,19,23,30,0,0,22,9330,22,0.1,0
2011,8,20,0,30,0,0,22,9320,22,0.2,0
2011,8,20,1,30,0,0,21,9320,22,0.2,0
2011,8,20,2,30,0,0,21,9310,22,0.2,0
2011,8,20,3,30,0,0,21,9310,22,0.2,0
2011,8,20,4,30,0,0,21,9320,22,0.2,0
2011,8,20,5,30,0,0,21,9330,22,0.2,0
2011,8,20,6,30,8,0,21,9330,23,0.2,8
2011,8,20,7,30,112,124,22,9340,23,0.2,147
2011,8,20,8,30,152,511,22,9350,24,0.2,410
2011,8,20,9,30,191,588,22,9340,25,0.2,603
2011,8,20,10,30,208,686,22,9340,26,0.2,794
2011,8,20,11,30,245,679,23,9330,26,0.30000000000000004,893
2011,8,20,12,30,216,743,22,9320,26,0.30000000000000004,955
2011,8,20,13,30,225,721,22,9320,26,0.30000000000000004,925
2011,8,20,14,30,205,706,22,9310,25,0.30000000000000004,831
2011,8,20,15,30,207,587,22,9310,25,0.30000000000000004,645
2011,8,20,16,30,162,549,22,9320,24,0.30000000000000004,469
2011,8,20,17,30,139,115,22,9320,23,0.30000000000000004,179
2011,8,20,18,30,19,0,22,9330,23,0.2,19
2011,8,20,19,30,0,0,22,9340,23,0.2,0
2011,8,20,20,30,0,0,22,9340,23,0.2,0
2011,8,20,21,30,0,0,22,9350,23,0.2,0
2011,8,20,22,30,0,0,22,9340,23,0.2,0
2011,8,20,23,30,0,0,22,9340,23,0.2,0
2011,8,21,0,30,0,0,22,9330,23,0.2,0
2011,8,21,1,30,0,0,22,9320,23,0.2,0
2011,8,21,2,30,0,0,22,9320,23,0.2,0
2011,8,21,3,30,0,0,22,9310,23,0.2,0
2011,8,21,4,30,0,0,22,9310,23,0.2,0
2011,8,21,5,30,0,0,22,9320,22,0.2,0
2011,8,21,6,30,8,0,21,9320,23,0.2,8
2011,8,21,7,30,101,300,21,9330,23,0.2,184
2011,8,21,8,30,152,512,22,9330,24,0.1,410
2011,8,21,9,30,309,268,22,9330,26,0.1,497
2011,8,21,10,30,385,213,22,9330,26,0.2,567
2011,8,21,11,30,403,75,22,9320,26,0.2,475
2011,8,21,12,30,441,217,22,9320,26,0.2,657
2011,8,21,13,30,440,133,22,9310,26,0.2,570
2011,8,21,14,30,407,156,22,9300,25,0.30000000000000004,546
2011,8,21,15,30,299,29,21,9300,24,0.30000000000000004,321
2011,8,21,16,30,217,14,21,9310,24,0.30000000000000004,225
2011,8,21,17,30,139,22,21,9320,23,0.30000000000000004,147
2011,8,21,18,30,32,0,21,9330,22,0.2,32
2011,8,21,19,30,0,0,21,9330,22,0.2,0
2011,8,21,20,30,0,0,21,9340,22,0.2,0
2011,8,21,21,30,0,0,21,9340,22,0.2,0
2011,8,21,22,30,0,0,21,9340,22,0.1,0
2011,8,21,23,30,0,0,21,9330,22,0.1,0
2011,8,22,0,30,0,0,21,9320,22,0.1,0
2011,8,22,1,30,0,0,21,9320,22,0.1,0
2011,8,22,2,30,0,0,21,9310,22,0.1,0
2011,8,22,3,30,0,0,21,9320,22,0.1,0
2011,8,22,4,30,0,0,21,9320,22,0.1,0
2011,8,22,5,30,0,0,21,9330,22,0.1,0
2011,8,22,6,30,8,0,21,9340,22,0.1,8
2011,8,22,7,30,116,162,21,9340,23,0.1,161
2011,8,22,8,30,152,513,22,9350,25,0.1,410
2011,8,22,9,30,183,630,23,9350,27,0.1,624
2011,8,22,10,30,254,562,23,9340,28,0.2,734
2011,8,22,11,30,213,732,23,9330,28,0.2,911
2011,8,22,12,30,217,745,23,9320,28,0.2,956
2011,8,22,13,30,214,737,23,9320,27,0.2,929
2011,8,22,14,30,331,443,23,9310,27,0.2,723
2011,8,22,15,30,344,187,22,9320,26,0.2,483
2011,8,22,16,30,233,372,22,9320,25,0.2,440
2011,8,22,17,30,115,9,22,9330,24,0.2,119
2011,8,22,18,30,15,0,22,9340,24,0.2,15
2011,8,22,19,30,0,0,22,9340,23,0.2,0
2011,8,22,20,30,0,0,22,9350,23,0.2,0
2011,8,22,21,30,0,0,22,9350,23,0.2,0
2011,8,22,22,30,0,0,22,9350,23,0.2,0
2011,8,22,23,30,0,0,22,9340,23,0.2,0
2011,8,23,0,30,0,0,22,9330,23,0.2,0
2011,8,23,1,30,0,0,22,9330,23,0.2,0
2011,8,23,2,30,0,0,22,9320,23,0.2,0
2011,8,23,3,30,0,0,22,9320,23,0.2,0
2011,8,23,4,30,0,0,22,9330,23,0.1,0
2011,8,23,5,30,0,0,21,9330,23,0.1,0
2011,8,23,6,30,8,4,22,9340,23,0.1,8
2011,8,23,7,30,110,62,22,9340,23,0.1,128
2011,8,23,8,30,228,200,22,9350,25,0.1,329
2011,8,23,9,30,312,55,23,9350,26,0.1,351
2011,8,23,10,30,393,55,23,9350,27,0.1,440
2011,8,23,11,30,390,312,23,9340,26,0.2,688
2011,8,23,12,30,443,104,23,9330,26,0.2,547
2011,8,23,13,30,426,228,23,9320,26,0.2,647
2011,8,23,14,30,377,303,22,9320,26,0.30000000000000004,645
2011,8,23,15,30,330,78,22,9320,25,0.30000000000000004,388
2011,8,23,16,30,247,48,22,9330,24,0.30000000000000004,274
2011,8,23,17,30,129,23,22,9330,23,0.2,137
2011,8,23,18,30,11,0,22,9340,23,0.2,11
2011,8,23,19,30,0,0,22,9340,23,0.2,0
2011,8,23,20,30,0,0,22,9350,23,0.2,0
2011,8,23,21,30,0,0,21,9340,22,0.2,0
2011,8,23,22,30,0,0,21,9340,22,0.2,0
2011,8,23,23,30,0,0,21,9340,22,0.1,0
2011,8,24,0,30,0,0,21,9330,22,0.1,0
2011,8,24,1,30,0,0,21,9330,22,0.1,0
2011,8,24,2,30,0,0,20,9320,22,0.1,0
2011,8,24,3,30,0,0,20,9320,22,0.2,0
2011,8,24,4,30,0,0,20,9320,21,0.2,0
2011,8,24,5,30,0,0,20,9330,21,0.2,0
2011,8,24,6,30,8,4,20,9330,22,0.2,8
2011,8,24,7,30,107,16,21,9340,23,0.2,112
2011,8,24,8,30,223,91,21,9340,24,0.2,269
2011,8,24,9,30,248,506,22,9340,25,0.2,602
2011,8,24,10,30,372,312,22,9340,26,0.2,638
2011,8,24,11,30,277,658,23,9330,26,0.2,904
2011,8,24,12,30,449,298,23,9320,27,0.30000000000000004,745
2011,8,24,13,30,431,104,22,9310,26,0.30000000000000004,532
2011,8,24,14,30,405,124,22,9310,26,0.4,515
2011,8,24,15,30,317,40,22,9310,25,0.4,347
2011,8,24,16,30,174,3,21,9320,24,0.4,176
2011,8,24,17,30,113,3,21,9320,23,0.30000000000000004,114
2011,8,24,18,30,7,0,21,9330,22,0.30000000000000004,7
2011,8,24,19,30,0,0,21,9330,22,0.2,0
2011,8,24,20,30,0,0,21,9340,22,0.2,0
2011,8,24,21,30,0,0,21,9340,22,0.2,0
2011,8,24,22,30,0,0,21,9340,22,0.1,0
2011,8,24,23,30,0,0,21,9330,22,0.2,0
2011,8,25,0,30,0,0,21,9330,22,0.2,0
2011,8,25,1,30,0,0,21,9320,22,0.2,0
2011,8,25,2,30,0,0,21,9320,22,0.2,0
2011,8,25,3,30,0,0,21,9320,22,0.2,0
2011,8,25,4,30,0,0,21,9320,22,0.30000000000000004,0
2011,8,25,5,30,0,0,21,9330,22,0.30000000000000004,0
2011,8,25,6,30,7,3,21,9330,22,0.30000000000000004,7
2011,8,25,7,30,120,63,21,9340,23,0.30000000000000004,138
2011,8,25,8,30,226,111,21,9350,23,0.30000000000000004,282
2011,8,25,9,30,264,21,21,9350,24,0.30000000000000004,279
2011,8,25,10,30,373,41,21,9350,25,0.30000000000000004,408
2011,8,25,11,30,215,5,22,9340,26,0.30000000000000004,220
2011,8,25,12,30,312,5,22,9330,26,0.30000000000000004,317
2011,8,25,13,30,306,18,22,9320,26,0.30000000000000004,324
2011,8,25,14,30,210,6,22,9320,26,0.4,216
2011,8,25,15,30,297,29,22,9310,25,0.4,319
2011,8,25,16,30,158,0,21,9320,24,0.4,158
2011,8,25,17,30,130,68,21,9330,23,0.30000000000000004,153
2011,8,25,18,30,10,0,21,9340,22,0.30000000000000004,10
2011,8,25,19,30,0,0,21,9340,22,0.2,0
2011,8,25,20,30,0,0,21,9350,22,0.2,0
2011,8,25,21,30,0,0,21,9350,22,0.2,0
2011,8,25,22,30,0,0,21,9350,22,0.2,0
2011,8,25,23,30,0,0,21,9350,22,0.2,0
2011,8,26,0,30,0,0,21,9340,22,0.2,0
2011,8,26,1,30,0,0,21,9340,22,0.2,0
2011,8,26,2,30,0,0,21,9330,22,0.30000000000000004,0
2011,8,26,3,30,0,0,21,9330,22,0.30000000000000004,0
2011,8,26,4,30,0,0,21,9330,22,0.30000000000000004,0
2011,8,26,5,30,0,0,21,9340,22,0.30000000000000004,0
2011,8,26,6,30,7,3,21,9340,22,0.30000000000000004,7
2011,8,26,7,30,111,18,21,9350,23,0.30000000000000004,116
2011,8,26,8,30,221,32,21,9360,24,0.30000000000000004,238
2011,8,26,9,30,316,97,22,9360,24,0.30000000000000004,384
2011,8,26,10,30,341,27,22,9360,25,0.30000000000000004,364
2011,8,26,11,30,331,14,22,9350,25,0.4,345
2011,8,26,12,30,363,16,22,9340,25,0.4,379
2011,8,26,13,30,295,5,22,9330,25,0.4,300
2011,8,26,14,30,241,3,22,9330,25,0.5,244
2011,8,26,15,30,245,9,21,9320,24,0.4,252
2011,8,26,16,30,156,0,21,9330,23,0.4,156
2011,8,26,17,30,47,0,21,9330,23,0.4,47
2011,8,26,18,30,6,0,21,9340,22,0.30000000000000004,6
2011,8,26,19,30,0,0,21,9340,22,0.30000000000000004,0
2011,8,26,20,30,0,0,21,9350,22,0.30000000000000004,0
2011,8,26,21,30,0,0,21,9350,22,0.30000000000000004,0
2011,8,26,22,30,0,0,21,9340,22,0.30000000000000004,0
2011,8,26,23,30,0,0,21,9340,22,0.30000000000000004,0
2011,8,27,0,30,0,0,21,9330,22,0.30000000000000004,0
2011,8,27,1,30,0,0,21,9330,22,0.30000000000000004,0
2011,8,27,2,30,0,0,21,9320,22,0.4,0
2011,8,27,3,30,0,0,21,9320,22,0.4,0
2011,8,27,4,30,0,0,21,9320,22,0.4,0
2011,8,27,5,30,0,0,21,9320,22,0.4,0
2011,8,27,6,30,7,3,21,9330,22,0.30000000000000004,7
2011,8,27,7,30,95,3,21,9330,23,0.4,96
2011,8,27,8,30,181,11,21,9340,24,0.4,187
2011,8,27,9,30,315,178,21,9340,24,0.4,440
2011,8,27,10,30,307,18,22,9340,25,0.4,323
2011,8,27,11,30,346,16,22,9330,25,0.5,362
2011,8,27,12,30,299,5,22,9320,25,0.5,304
2011,8,27,13,30,316,12,22,9320,25,0.5,328
2011,8,27,14,30,275,11,21,9310,24,0.5,285
2011,8,27,15,30,160,2,21,9310,24,0.5,162
2011,8,27,16,30,198,13,21,9310,23,0.5,206
2011,8,27,17,30,88,0,21,9320,22,0.4,88
2011,8,27,18,30,9,0,21,9330,22,0.4,9
2011,8,27,19,30,0,0,20,9330,22,0.4,0
2011,8,27,20,30,0,0,20,9340,22,0.4,0
2011,8,27,21,30,0,0,20,9340,22,0.4,0
2011,8,27,22,30,0,0,21,9340,22,0.30000000000000004,0
2011,8,27,23,30,0,0,21,9330,22,0.30000000000000004,0
2011,8,28,0,30,0,0,21,9330,22,0.4,0
2011,8,28,1,30,0,0,21,9320,22,0.4,0
2011,8,28,2,30,0,0,21,9310,22,0.4,0
2011,8,28,3,30,0,0,21,9310,22,0.4,0
2011,8,28,4,30,0,0,21,9310,22,0.4,0
2011,8,28,5,30,0,0,21,9310,22,0.4,0
2011,8,28,6,30,7,3,21,9320,22,0.4,7
2011,8,28,7,30,109,20,21,9320,22,0.4,115
2011,8,28,8,30,199,16,21,9320,23,0.4,208
2011,8,28,9,30,312,84,21,9330,24,0.4,371
2011,8,28,10,30,254,20,22,9320,25,0.5,272
2011,8,28,11,30,402,75,22,9320,25,0.5,474
2011,8,28,12,30,473,43,22,9310,25,0.5,516
2011,8,28,13,30,434,32,22,9300,25,0.5,465
2011,8,28,14,30,406,45,22,9300,25,0.6000000000000001,446
2011,8,28,15,30,297,30,21,9300,24,0.6000000000000001,319
2011,8,28,16,30,127,0,21,9300,24,0.5,127
2011,8,28,17,30,85,0,21,9310,23,0.5,85
2011,8,28,18,30,10,0,21,9320,22,0.4,10
2011,8,28,19,30,0,0,21,9320,22,0.4,0
2011,8,28,20,30,0,0,21,9330,22,0.4,0
2011,8,28,21,30,0,0,21,9330,22,0.4,0
2011,8,28,22,30,0,0,21,9320,22,0.4,0
2011,8,28,23,30,0,0,21,9320,22,0.4,0
2011,8,29,0,30,0,0,21,9310,22,0.4,0
2011,8,29,1,30,0,0,21,9310,22,0.4,0
2011,8,29,2,30,0,0,21,9300,22,0.4,0
2011,8,29,3,30,0,0,21,9300,22,0.4,0
2011,8,29,4,30,0,0,21,9300,22,0.4,0
2011,8,29,5,30,0,0,20,9310,22,0.4,0
2011,8,29,6,30,6,2,21,9310,22,0.4,6
2011,8,29,7,30,101,32,21,9320,22,0.4,110
2011,8,29,8,30,112,0,21,9320,23,0.4,112
2011,8,29,9,30,102,0,22,9320,24,0.4,102
2011,8,29,10,30,142,0,23,9310,26,0.4,142
2011,8,29,11,30,237,4,23,9310,26,0.4,241
2011,8,29,12,30,231,4,23,9300,26,0.5,235
2011,8,29,13,30,219,4,23,9290,26,0.5,223
2011,8,29,14,30,186,1,22,9290,25,0.5,187
2011,8,29,15,30,154,0,22,9280,25,0.5,154
2011,8,29,16,30,222,54,22,9290,24,0.5,252
2011,8,29,17,30,134,115,21,9300,23,0.4,171
2011,8,29,18,30,8,0,22,9310,23,0.4,8
2011,8,29,19,30,0,0,22,9320,23,0.4,0
2011,8,29,20,30,0,0,22,9320,23,0.4,0
2011,8,29,21,30,0,0,22,9320,23,0.4,0
2011,8,29,22,30,0,0,22,9320,23,0.4,0
2011,8,29,23,30,0,0,22,9310,23,0.30000000000000004,0
2011,8,30,0,30,0,0,22,9310,22,0.30000000000000004,0
2011,8,30,1,30,0,0,21,9300,22,0.30000000000000004,0
2011,8,30,2,30,0,0,21,9290,22,0.30000000000000004,0
2011,8,30,3,30,0,0,21,9290,22,0.30000000000000004,0
2011,8,30,4,30,0,0,21,9290,22,0.30000000000000004,0
2011,8,30,5,30,0,0,21,9300,22,0.30000000000000004,0
2011,8,30,6,30,5,0,21,9310,22,0.30000000000000004,5
2011,8,30,7,30,94,2,21,9310,22,0.30000000000000004,95
2011,8,30,8,30,172,5,21,9320,23,0.30000000000000004,175
2011,8,30,9,30,262,14,22,9320,24,0.4,272
2011,8,30,10,30,309,15,22,9320,24,0.4,322
2011,8,30,11,30,377,52,22,9310,24,0.4,427
2011,8,30,12,30,443,197,22,9300,24,0.5,638
2011,8,30,13,30,414,85,21,9290,24,0.5,496
2011,8,30,14,30,357,30,22,9290,24,0.5,384
2011,8,30,15,30,332,101,21,9290,24,0.4,406
2011,8,30,16,30,265,166,21,9290,24,0.4,355
2011,8,30,17,30,142,156,21,9300,23,0.30000000000000004,191
2011,8,30,18,30,12,0,21,9300,22,0.30000000000000004,12
2011,8,30,19,30,0,0,21,9310,22,0.30000000000000004,0
2011,8,30,20,30,0,0,21,9310,22,0.30000000000000004,0
2011,8,30,21,30,0,0,21,9310,22,0.30000000000000004,0
2011,8,30,22,30,0,0,21,9310,22,0.30000000000000004,0
2011,8,30,23,30,0,0,21,9310,22,0.30000000000000004,0
2011,8,31,0,30,0,0,21,9300,22,0.30000000000000004,0
2011,8,31,1,30,0,0,21,9300,22,0.30000000000000004,0
2011,8,31,2,30,0,0,21,9290,22,0.2,0
2011,8,31,3,30,0,0,21,9290,22,0.2,0
2011,8,31,4,30,0,0,21,9290,22,0.2,0
2011,8,31,5,30,0,0,21,9300,22,0.2,0
2011,8,31,6,30,6,2,21,9300,22,0.2,6
2011,8,31,7,30,114,120,21,9310,23,0.2,147
2011,8,31,8,30,184,428,22,9310,24,0.2,398
2011,8,31,9,30,307,273,23,9310,26,0.2,498
2011,8,31,10,30,292,584,24,9310,27,0.2,789
2011,8,31,11,30,400,284,24,9300,27,0.2,670
2011,8,31,12,30,419,293,24,9290,27,0.30000000000000004,708
2011,8,31,13,30,303,523,24,9280,27,0.30000000000000004,805
2011,8,31,14,30,322,453,23,9280,26,0.30000000000000004,717
2011,8,31,15,30,295,30,23,9280,26,0.30000000000000004,317
2011,8,31,16,30,202,27,23,9280,25,0.30000000000000004,217
2011,8,31,17,30,110,339,22,9290,24,0.2,216
2011,8,31,18,30,10,0,22,9290,23,0.2,10
2011,8,31,19,30,0,0,22,9300,23,0.2,0
2011,8,31,20,30,0,0,22,9300,23,0.2,0
2011,8,31,21,30,0,0,22,9300,23,0.2,0
2011,8,31,22,30,0,0,22,9300,23,0.2,0
2011,8,31,23,30,0,0,22,9290,23,0.2,0
2011,9,1,0,30,0,0,22,9290,23,0.2,0
2011,9,1,1,30,0,0,22,9280,23,0.2,0
2011,9,1,2,30,0,0,22,9280,23,0.2,0
2011,9,1,3,30,0,0,22,9280,23,0.2,0
2011,9,1,4,30,0,0,22,9280,23,0.2,0
2011,9,1,5,30,0,0,22,9290,23,0.2,0
2011,9,1,6,30,5,0,22,9290,23,0.2,5
2011,9,1,7,30,108,155,22,9300,23,0.2,150
2011,9,1,8,30,174,468,22,9300,24,0.30000000000000004,408
2011,9,1,9,30,283,383,22,9300,25,0.30000000000000004,550
2011,9,1,10,30,379,88,22,9300,25,0.30000000000000004,454
2011,9,1,11,30,431,175,22,9290,25,0.30000000000000004,597
2011,9,1,12,30,445,187,22,9280,25,0.4,630
2011,9,1,13,30,371,46,22,9270,25,0.4,416
2011,9,1,14,30,398,52,22,9260,25,0.4,444
2011,9,1,15,30,323,325,22,9270,25,0.4,558
2011,9,1,16,30,226,68,22,9270,24,0.30000000000000004,263
2011,9,1,17,30,97,405,22,9280,23,0.30000000000000004,221
2011,9,1,18,30,5,0,22,9290,23,0.30000000000000004,5
2011,9,1,19,30,0,0,22,9290,23,0.30000000000000004,0
2011,9,1,20,30,0,0,22,9290,23,0.30000000000000004,0
2011,9,1,21,30,0,0,22,9300,23,0.30000000000000004,0
2011,9,1,22,30,0,0,22,9290,23,0.30000000000000004,0
2011,9,1,23,30,0,0,22,9290,23,0.30000000000000004,0
2011,9,2,0,30,0,0,22,9290,23,0.30000000000000004,0
2011,9,2,1,30,0,0,22,9280,23,0.30000000000000004,0
2011,9,2,2,30,0,0,22,9270,23,0.30000000000000004,0
2011,9,2,3,30,0,0,22,9270,23,0.30000000000000004,0
2011,9,2,4,30,0,0,22,9270,23,0.30000000000000004,0
2011,9,2,5,30,0,0,22,9280,23,0.30000000000000004,0
2011,9,2,6,30,5,0,22,9290,23,0.30000000000000004,5
2011,9,2,7,30,103,22,22,9300,24,0.30000000000000004,109
2011,9,2,8,30,144,0,22,9300,24,0.4,144
2011,9,2,9,30,301,45,22,9300,25,0.4,333
2011,9,2,10,30,358,28,23,9300,25,0.4,382
2011,9,2,11,30,425,102,23,9290,26,0.4,522
2011,9,2,12,30,445,186,23,9280,26,0.5,628
2011,9,2,13,30,348,475,23,9270,26,0.5,802
2011,9,2,14,30,246,14,23,9260,25,0.5,259
2011,9,2,15,30,259,11,22,9260,25,0.5,267
2011,9,2,16,30,181,7,22,9270,24,0.4,185
2011,9,2,17,30,96,0,22,9280,24,0.4,96
2011,9,2,18,30,4,0,22,9290,23,0.30000000000000004,4
2011,9,2,19,30,0,0,22,9290,23,0.30000000000000004,0
2011,9,2,20,30,0,0,22,9290,23,0.30000000000000004,0
2011,9,2,21,30,0,0,22,9300,23,0.30000000000000004,0
2011,9,2,22,30,0,0,22,9290,23,0.30000000000000004,0
2011,9,2,23,30,0,0,22,9290,23,0.4,0
2011,9,3,0,30,0,0,22,9280,23,0.4,0
2011,9,3,1,30,0,0,22,9280,23,0.4,0
2011,9,3,2,30,0,0,22,9270,23,0.4,0
2011,9,3,3,30,0,0,22,9270,23,0.4,0
2011,9,3,4,30,0,0,22,9270,23,0.4,0
2011,9,3,5,30,0,0,22,9280,23,0.4,0
2011,9,3,6,30,2,0,22,9280,23,0.4,2
2011,9,3,7,30,70,0,22,9290,23,0.4,70
2011,9,3,8,30,209,247,22,9300,24,0.5,332
2011,9,3,9,30,195,14,22,9300,25,0.5,205
2011,9,3,10,30,155,1,23,9300,26,0.5,156
2011,9,3,11,30,151,1,23,9290,27,0.6000000000000001,152
2011,9,3,12,30,154,1,23,9280,26,0.6000000000000001,155
2011,9,3,13,30,153,2,23,9270,26,0.6000000000000001,155
2011,9,3,14,30,187,2,23,9260,25,0.6000000000000001,189
2011,9,3,15,30,184,2,22,9260,25,0.6000000000000001,186
2011,9,3,16,30,154,0,22,9260,24,0.6000000000000001,154
2011,9,3,17,30,83,0,22,9270,24,0.5,83
2011,9,3,18,30,4,0,22,9280,23,0.5,4
2011,9,3,19,30,0,0,22,9290,23,0.5,0
2011,9,3,20,30,0,0,22,9290,23,0.5,0
2011,9,3,21,30,0,0,22,9290,23,0.5,0
2011,9,3,22,30,0,0,22,9290,23,0.5,0
2011,9,3,23,30,0,0,22,9290,23,0.5,0
2011,9,4,0,30,0,0,22,9280,23,0.5,0
2011,9,4,1,30,0,0,22,9280,23,0.4,0
2011,9,4,2,30,0,0,22,9280,23,0.4,0
2011,9,4,3,30,0,0,22,9280,23,0.4,0
2011,9,4,4,30,0,0,22,9280,23,0.4,0
2011,9,4,5,30,0,0,22,9290,23,0.30000000000000004,0
2011,9,4,6,30,2,0,22,9290,23,0.30000000000000004,2
2011,9,4,7,30,107,108,22,9300,23,0.30000000000000004,137
2011,9,4,8,30,189,400,22,9300,24,0.4,388
2011,9,4,9,30,214,566,22,9310,25,0.4,607
2011,9,4,10,30,384,295,23,9310,26,0.4,634
2011,9,4,11,30,343,61,23,9300,26,0.4,401
2011,9,4,12,30,445,123,23,9300,26,0.4,566
2011,9,4,13,30,369,315,23,9290,26,0.5,670
2011,9,4,14,30,319,40,22,9290,25,0.5,354
2011,9,4,15,30,324,95,22,9300,25,0.5,393
2011,9,4,16,30,183,14,22,9310,24,0.5,191
2011,9,4,17,30,125,200,22,9310,23,0.5,185
2011,9,4,18,30,6,0,22,9320,23,0.5,6
2011,9,4,19,30,0,0,21,9330,23,0.5,0
2011,9,4,20,30,0,0,21,9330,23,0.5,0
2011,9,4,21,30,0,0,21,9330,22,0.5,0
2011,9,4,22,30,0,0,21,9330,22,0.5,0
2011,9,4,23,30,0,0,21,9320,22,0.5,0
2011,9,5,0,30,0,0,21,9320,22,0.4,0
2011,9,5,1,30,0,0,21,9310,22,0.4,0
2011,9,5,2,30,0,0,21,9310,22,0.4,0
2011,9,5,3,30,0,0,21,9310,22,0.4,0
2011,9,5,4,30,0,0,21,9310,22,0.4,0
2011,9,5,5,30,0,0,21,9310,22,0.4,0
2011,9,5,6,30,2,0,21,9310,22,0.4,2
2011,9,5,7,30,114,79,21,9320,23,0.4,136
2011,9,5,8,30,218,77,22,9330,24,0.5,257
2011,9,5,9,30,276,426,22,9330,25,0.5,572
2011,9,5,10,30,379,138,23,9330,26,0.5,496
2011,9,5,11,30,397,391,23,9330,26,0.5,766
2011,9,5,12,30,343,54,22,9320,26,0.5,396
2011,9,5,13,30,333,27,22,9310,26,0.5,359
2011,9,5,14,30,304,17,22,9300,25,0.5,319
2011,9,5,15,30,324,101,22,9300,25,0.5,397
2011,9,5,16,30,224,24,22,9310,24,0.5,237
2011,9,5,17,30,111,10,21,9310,23,0.5,114
2011,9,5,18,30,3,0,22,9320,23,0.4,3
2011,9,5,19,30,0,0,22,9330,23,0.4,0
2011,9,5,20,30,0,0,22,9330,23,0.4,0
2011,9,5,21,30,0,0,21,9330,23,0.4,0
2011,9,5,22,30,0,0,21,9330,22,0.5,0
2011,9,5,23,30,0,0,21,9320,22,0.5,0
2011,9,6,0,30,0,0,21,9320,22,0.4,0
2011,9,6,1,30,0,0,21,9310,22,0.4,0
2011,9,6,2,30,0,0,21,9310,22,0.4,0
2011,9,6,3,30,0,0,21,9300,22,0.4,0
2011,9,6,4,30,0,0,21,9300,23,0.5,0
2011,9,6,5,30,0,0,21,9310,23,0.5,0
2011,9,6,6,30,3,0,22,9310,23,0.5,3
2011,9,6,7,30,107,108,22,9320,23,0.4,136
2011,9,6,8,30,194,416,22,9330,24,0.5,401
2011,9,6,9,30,305,86,22,9330,25,0.5,365
2011,9,6,10,30,374,261,22,9330,26,0.5,595
2011,9,6,11,30,426,169,22,9320,25,0.5,586
2011,9,6,12,30,343,33,22,9320,25,0.6000000000000001,376
2011,9,6,13,30,382,20,23,9310,25,0.6000000000000001,401
2011,9,6,14,30,332,19,22,9300,25,0.6000000000000001,349
2011,9,6,15,30,220,9,22,9300,24,0.5,227
2011,9,6,16,30,209,46,22,9310,24,0.5,233
2011,9,6,17,30,37,0,22,9310,23,0.5,37
2011,9,6,18,30,3,0,22,9320,23,0.4,3
2011,9,6,19,30,0,0,22,9330,23,0.4,0
2011,9,6,20,30,0,0,22,9330,23,0.4,0
2011,9,6,21,30,0,0,22,9340,23,0.4,0
2011,9,6,22,30,0,0,22,9340,23,0.4,0
2011,9,6,23,30,0,0,22,9330,23,0.4,0
2011,9,7,0,30,0,0,22,9330,23,0.4,0
2011,9,7,1,30,0,0,22,9320,23,0.4,0
2011,9,7,2,30,0,0,21,9310,23,0.4,0
2011,9,7,3,30,0,0,21,9310,23,0.4,0
2011,9,7,4,30,0,0,21,9320,22,0.4,0
2011,9,7,5,30,0,0,21,9320,22,0.4,0
2011,9,7,6,30,1,0,21,9330,23,0.4,1
2011,9,7,7,30,101,259,22,9330,23,0.4,171
2011,9,7,8,30,226,168,22,9340,24,0.4,310
2011,9,7,9,30,265,452,23,9340,25,0.4,579
2011,9,7,10,30,306,35,23,9330,26,0.5,336
2011,9,7,11,30,426,136,23,9320,26,0.5,555
2011,9,7,12,30,342,33,23,9320,26,0.5,375
2011,9,7,13,30,389,59,23,9310,26,0.5,445
2011,9,7,14,30,283,14,23,9300,25,0.5,295
2011,9,7,15,30,298,25,22,9300,25,0.5,316
2011,9,7,16,30,208,17,22,9310,24,0.5,217
2011,9,7,17,30,116,64,21,9320,23,0.4,135
2011,9,7,18,30,3,0,21,9320,22,0.4,3
2011,9,7,19,30,0,0,21,9330,22,0.4,0
2011,9,7,20,30,0,0,21,9340,22,0.4,0
2011,9,7,21,30,0,0,21,9340,22,0.30000000000000004,0
2011,9,7,22,30,0,0,21,9340,22,0.30000000000000004,0
2011,9,7,23,30,0,0,21,9330,22,0.4,0
2011,9,8,0,30,0,0,21,9330,22,0.4,0
2011,9,8,1,30,0,0,21,9320,22,0.4,0
2011,9,8,2,30,0,0,21,9320,22,0.4,0
2011,9,8,3,30,0,0,21,9310,22,0.4,0
2011,9,8,4,30,0,0,21,9320,22,0.30000000000000004,0
2011,9,8,5,30,0,0,21,9320,22,0.30000000000000004,0
2011,9,8,6,30,1,0,21,9320,22,0.30000000000000004,1
2011,9,8,7,30,89,367,21,9330,23,0.30000000000000004,187
2011,9,8,8,30,132,584,22,9340,24,0.30000000000000004,421
2011,9,8,9,30,157,697,22,9340,25,0.4,640
2011,9,8,10,30,173,759,22,9330,26,0.4,813
2011,9,8,11,30,181,791,23,9330,27,0.4,925
2011,9,8,12,30,184,801,23,9320,27,0.4,966
2011,9,8,13,30,182,792,23,9310,26,0.4,931
2011,9,8,14,30,210,692,23,9300,26,0.4,801
2011,9,8,15,30,158,702,22,9300,26,0.4,654
2011,9,8,16,30,134,595,22,9310,25,0.4,439
2011,9,8,17,30,93,390,22,9320,24,0.30000000000000004,205
2011,9,8,18,30,2,0,22,9320,23,0.30000000000000004,2
2011,9,8,19,30,0,0,22,9330,23,0.30000000000000004,0
2011,9,8,20,30,0,0,22,9340,23,0.30000000000000004,0
2011,9,8,21,30,0,0,22,9340,23,0.30000000000000004,0
2011,9,8,22,30,0,0,22,9340,23,0.30000000000000004,0
2011,9,8,23,30,0,0,21,9330,22,0.30000000000000004,0
2011,9,9,0,30,0,0,21,9330,22,0.30000000000000004,0
2011,9,9,1,30,0,0,21,9320,22,0.30000000000000004,0
2011,9,9,2,30,0,0,21,9320,22,0.30000000000000004,0
2011,9,9,3,30,0,0,21,9320,22,0.30000000000000004,0
2011,9,9,4,30,0,0,21,9320,22,0.30000000000000004,0
2011,9,9,5,30,0,0,21,9320,22,0.30000000000000004,0
2011,9,9,6,30,1,0,21,9330,22,0.30000000000000004,1
2011,9,9,7,30,89,364,21,9340,23,0.30000000000000004,186
2011,9,9,8,30,138,558,22,9350,25,0.30000000000000004,414
2011,9,9,9,30,266,412,22,9350,26,0.30000000000000004,551
2011,9,9,10,30,223,645,23,9350,27,0.30000000000000004,767
2011,9,9,11,30,181,788,23,9340,27,0.4,922
2011,9,9,12,30,318,52,23,9330,27,0.4,369
2011,9,9,13,30,330,507,23,9320,26,0.4,809
2011,9,9,14,30,247,593,22,9320,26,0.4,752
2011,9,9,15,30,303,331,22,9320,25,0.4,536
2011,9,9,16,30,134,590,22,9330,25,0.4,434
2011,9,9,17,30,103,309,22,9330,24,0.30000000000000004,191
2011,9,9,18,30,2,0,21,9340,23,0.2,2
2011,9,9,19,30,0,0,21,9350,22,0.2,0
2011,9,9,20,30,0,0,22,9350,22,0.2,0
2011,9,9,21,30,0,0,22,9350,22,0.2,0
2011,9,9,22,30,0,0,21,9350,22,0.2,0
2011,9,9,23,30,0,0,21,9340,22,0.2,0
2011,9,10,0,30,0,0,21,9330,22,0.2,0
2011,9,10,1,30,0,0,21,9330,22,0.2,0
2011,9,10,2,30,0,0,21,9330,22,0.2,0
2011,9,10,3,30,0,0,21,9320,22,0.2,0
2011,9,10,4,30,0,0,21,9330,22,0.2,0
2011,9,10,5,30,0,0,21,9330,22,0.2,0
2011,9,10,6,30,1,0,21,9340,22,0.2,1
2011,9,10,7,30,111,150,21,9340,23,0.2,151
2011,9,10,8,30,190,392,22,9350,24,0.30000000000000004,384
2011,9,10,9,30,176,644,22,9350,26,0.30000000000000004,621
2011,9,10,10,30,244,596,23,9340,27,0.30000000000000004,746
2011,9,10,11,30,265,593,23,9340,27,0.4,822
2011,9,10,12,30,388,127,23,9320,27,0.4,512
2011,9,10,13,30,430,128,23,9310,27,0.4,551
2011,9,10,14,30,393,154,23,9310,26,0.4,524
2011,9,10,15,30,288,79,22,9310,25,0.4,344
2011,9,10,16,30,196,431,22,9310,25,0.4,415
2011,9,10,17,30,116,160,21,9320,24,0.30000000000000004,161
2011,9,10,18,30,2,0,22,9330,23,0.30000000000000004,2
2011,9,10,19,30,0,0,22,9330,23,0.30000000000000004,0
2011,9,10,20,30,0,0,22,9340,23,0.30000000000000004,0
2011,9,10,21,30,0,0,22,9340,23,0.2,0
2011,9,10,22,30,0,0,21,9340,22,0.2,0
2011,9,10,23,30,0,0,21,9330,22,0.2,0
2011,9,11,0,30,0,0,21,9330,22,0.2,0
2011,9,11,1,30,0,0,21,9330,22,0.2,0
2011,9,11,2,30,0,0,21,9320,22,0.2,0
2011,9,11,3,30,0,0,21,9320,22,0.2,0
2011,9,11,4,30,0,0,21,9320,22,0.2,0
2011,9,11,5,30,0,0,21,9320,22,0.2,0
2011,9,11,6,30,1,0,21,9330,22,0.2,1
2011,9,11,7,30,97,306,21,9340,23,0.2,179
2011,9,11,8,30,131,578,22,9340,25,0.30000000000000004,417
2011,9,11,9,30,156,691,22,9340,26,0.30000000000000004,633
2011,9,11,10,30,262,645,23,9330,27,0.30000000000000004,805
2011,9,11,11,30,298,47,23,9330,27,0.30000000000000004,343
2011,9,11,12,30,435,325,23,9310,27,0.4,751
2011,9,11,13,30,370,104,23,9300,27,0.4,468
2011,9,11,14,30,181,4,22,9300,26,0.4,185
2011,9,11,15,30,154,0,22,9290,25,0.4,154
2011,9,11,16,30,189,25,22,9300,25,0.4,202
2011,9,11,17,30,35,0,21,9310,23,0.30000000000000004,35
2011,9,11,18,30,2,0,21,9310,23,0.30000000000000004,2
2011,9,11,19,30,0,0,22,9320,23,0.30000000000000004,0
2011,9,11,20,30,0,0,22,9320,23,0.30000000000000004,0
2011,9,11,21,30,0,0,22,9320,23,0.30000000000000004,0
2011,9,11,22,30,0,0,22,9320,22,0.30000000000000004,0
2011,9,11,23,30,0,0,21,9320,22,0.30000000000000004,0
2011,9,12,0,30,0,0,21,9310,22,0.30000000000000004,0
2011,9,12,1,30,0,0,21,9310,22,0.2,0
2011,9,12,2,30,0,0,21,9310,22,0.2,0
2011,9,12,3,30,0,0,21,9300,22,0.2,0
2011,9,12,4,30,0,0,21,9310,22,0.2,0
2011,9,12,5,30,0,0,21,9310,22,0.2,0
2011,9,12,6,30,1,0,21,9310,22,0.2,1
2011,9,12,7,30,109,40,22,9320,23,0.2,120
2011,9,12,8,30,212,81,22,9330,24,0.30000000000000004,252
2011,9,12,9,30,157,692,23,9330,26,0.30000000000000004,634
2011,9,12,10,30,309,38,23,9330,27,0.30000000000000004,341
2011,9,12,11,30,329,32,23,9320,27,0.4,359
2011,9,12,12,30,335,407,23,9310,27,0.4,730
2011,9,12,13,30,279,34,23,9300,26,0.4,311
2011,9,12,14,30,391,138,22,9300,26,0.4,508
2011,9,12,15,30,321,176,22,9300,25,0.4,444
2011,9,12,16,30,210,35,21,9300,25,0.4,228
2011,9,12,17,30,108,185,21,9310,23,0.30000000000000004,159
2011,9,12,18,30,1,0,21,9320,23,0.30000000000000004,1
2011,9,12,19,30,0,0,21,9330,22,0.2,0
2011,9,12,20,30,0,0,21,9330,22,0.2,0
2011,9,12,21,30,0,0,21,9330,22,0.2,0
2011,9,12,22,30,0,0,21,9320,22,0.2,0
2011,9,12,23,30,0,0,21,9320,22,0.2,0
2011,9,13,0,30,0,0,21,9310,22,0.2,0
2011,9,13,1,30,0,0,21,9310,22,0.2,0
2011,9,13,2,30,0,0,21,9310,22,0.2,0
2011,9,13,3,30,0,0,20,9310,21,0.2,0
2011,9,13,4,30,0,0,20,9310,21,0.1,0
2011,9,13,5,30,0,0,20,9320,21,0.1,0
2011,9,13,6,30,1,0,20,9330,21,0.1,1
2011,9,13,7,30,88,359,20,9330,22,0.1,183
2011,9,13,8,30,131,577,21,9340,24,0.1,415
2011,9,13,9,30,156,691,22,9340,26,0.2,632
2011,9,13,10,30,265,555,23,9340,27,0.2,731
2011,9,13,11,30,426,155,23,9330,28,0.2,571
2011,9,13,12,30,485,197,23,9320,28,0.2,676
2011,9,13,13,30,406,259,23,9310,27,0.30000000000000004,649
2011,9,13,14,30,172,752,22,9300,27,0.30000000000000004,806
2011,9,13,15,30,253,454,22,9300,26,0.30000000000000004,568
2011,9,13,16,30,188,359,22,9310,25,0.30000000000000004,367
2011,9,13,17,30,120,148,22,9320,24,0.2,160
2011,9,13,18,30,1,0,22,9330,23,0.2,1
2011,9,13,19,30,0,0,21,9330,23,0.2,0
2011,9,13,20,30,0,0,21,9340,22,0.2,0
2011,9,13,21,30,0,0,21,9340,22,0.2,0
2011,9,13,22,30,0,0,21,9340,22,0.2,0
2011,9,13,23,30,0,0,21,9330,22,0.1,0
2011,9,14,0,30,0,0,21,9330,22,0.1,0
2011,9,14,1,30,0,0,21,9320,22,0.1,0
2011,9,14,2,30,0,0,21,9320,22,0.1,0
2011,9,14,3,30,0,0,21,9320,22,0.1,0
2011,9,14,4,30,0,0,21,9320,22,0.1,0
2011,9,14,5,30,0,0,21,9330,22,0.1,0
2011,9,14,6,30,1,0,21,9330,22,0.1,1
2011,9,14,7,30,105,136,21,9340,23,0.1,141
2011,9,14,8,30,131,575,22,9340,24,0.1,413
2011,9,14,9,30,176,638,22,9340,25,0.1,615
2011,9,14,10,30,230,661,22,9340,26,0.1,785
2011,9,14,11,30,336,462,23,9330,26,0.1,768
2011,9,14,12,30,290,567,23,9320,26,0.2,838
2011,9,14,13,30,180,781,23,9310,26,0.2,910
2011,9,14,14,30,371,207,23,9300,26,0.2,545
2011,9,14,15,30,207,585,23,9300,25,0.2,611
2011,9,14,16,30,131,574,22,9310,25,0.2,414
2011,9,14,17,30,33,0,22,9320,24,0.2,33
2011,9,14,18,30,1,0,22,9320,23,0.2,1
2011,9,14,19,30,0,0,22,9330,23,0.2,0
2011,9,14,20,30,0,0,22,9330,23,0.2,0
2011,9,14,21,30,0,0,22,9330,23,0.1,0
2011,9,14,22,30,0,0,22,9330,23,0.1,0
2011,9,14,23,30,0,0,22,9320,23,0.1,0
2011,9,15,0,30,0,0,22,9320,23,0.1,0
2011,9,15,1,30,0,0,22,9310,23,0.1,0
2011,9,15,2,30,0,0,22,9310,23,0.1,0
2011,9,15,3,30,0,0,22,9310,23,0.1,0
2011,9,15,4,30,0,0,22,9310,23,0.1,0
2011,9,15,5,30,0,0,22,9310,23,0.1,0
2011,9,15,6,30,1,0,22,9320,23,0.1,1
2011,9,15,7,30,103,209,22,9330,23,0.2,158
2011,9,15,8,30,130,572,22,9330,24,0.2,412
2011,9,15,9,30,285,343,22,9330,24,0.2,521
2011,9,15,10,30,330,418,23,9330,25,0.2,681
2011,9,15,11,30,379,371,23,9320,26,0.2,725
2011,9,15,12,30,183,790,23,9310,26,0.2,944
2011,9,15,13,30,180,780,23,9300,26,0.2,907
2011,9,15,14,30,171,748,23,9300,26,0.30000000000000004,797
2011,9,15,15,30,286,92,23,9300,25,0.30000000000000004,350
2011,9,15,16,30,249,189,22,9310,24,0.30000000000000004,342
2011,9,15,17,30,32,0,22,9320,23,0.2,32
2011,9,15,18,30,1,0,22,9320,23,0.2,1
2011,9,15,19,30,0,0,22,9330,23,0.2,0
2011,9,15,20,30,0,0,22,9330,23,0.2,0
2011,9,15,21,30,0,0,22,9340,23,0.2,0
2011,9,15,22,30,0,0,22,9330,22,0.2,0
2011,9,15,23,30,0,0,21,9330,22,0.2,0
2011,9,16,0,30,0,0,21,9320,22,0.2,0
2011,9,16,1,30,0,0,21,9320,22,0.1,0
2011,9,16,2,30,0,0,21,9320,22,0.1,0
2011,9,16,3,30,0,0,21,9320,22,0.2,0
2011,9,16,4,30,0,0,21,9320,22,0.1,0
2011,9,16,5,30,0,0,21,9320,22,0.1,0
2011,9,16,6,30,1,0,21,9330,22,0.1,1
2011,9,16,7,30,113,100,21,9330,22,0.2,140
2011,9,16,8,30,243,144,22,9340,24,0.2,314
2011,9,16,9,30,314,211,22,9340,25,0.2,459
2011,9,16,10,30,267,550,22,9340,26,0.2,727
2011,9,16,11,30,280,652,23,9340,27,0.30000000000000004,887
2011,9,16,12,30,405,239,23,9330,27,0.30000000000000004,635
2011,9,16,13,30,261,599,23,9320,27,0.30000000000000004,818
2011,9,16,14,30,172,753,22,9310,26,0.4,800
2011,9,16,15,30,156,690,22,9310,26,0.4,628
2011,9,16,16,30,178,390,22,9320,25,0.4,368
2011,9,16,17,30,87,354,21,9320,24,0.30000000000000004,178
2011,9,16,18,30,1,0,21,9330,23,0.30000000000000004,1
2011,9,16,19,30,0,0,21,9340,22,0.2,0
2011,9,16,20,30,0,0,21,9350,22,0.2,0
2011,9,16,21,30,0,0,21,9350,22,0.2,0
2011,9,16,22,30,0,0,21,9350,22,0.2,0
2011,9,16,23,30,0,0,21,9340,22,0.2,0
2011,9,17,0,30,0,0,21,9340,22,0.2,0
2011,9,17,1,30,0,0,21,9330,22,0.2,0
2011,9,17,2,30,0,0,21,9330,22,0.2,0
2011,9,17,3,30,0,0,21,9330,22,0.2,0
2011,9,17,4,30,0,0,21,9330,22,0.2,0
2011,9,17,5,30,0,0,21,9330,22,0.2,0
2011,9,17,6,30,1,0,21,9340,22,0.2,1
2011,9,17,7,30,88,357,21,9350,22,0.2,181
2011,9,17,8,30,131,577,21,9360,24,0.2,414
2011,9,17,9,30,176,642,22,9360,25,0.2,616
2011,9,17,10,30,360,340,22,9360,27,0.2,644
2011,9,17,11,30,384,255,22,9350,27,0.30000000000000004,621
2011,9,17,12,30,257,717,23,9340,27,0.30000000000000004,946
2011,9,17,13,30,338,80,22,9330,27,0.30000000000000004,413
2011,9,17,14,30,266,581,22,9320,26,0.4,750
2011,9,17,15,30,303,285,22,9310,25,0.4,497
2011,9,17,16,30,167,434,21,9320,24,0.4,377
2011,9,17,17,30,94,314,21,9330,23,0.30000000000000004,174
2011,9,17,18,30,0,0,21,9330,23,0.30000000000000004,0
2011,9,17,19,30,0,0,21,9340,22,0.2,0
2011,9,17,20,30,0,0,21,9350,22,0.2,0
2011,9,17,21,30,0,0,21,9350,22,0.2,0
2011,9,17,22,30,0,0,21,9350,22,0.2,0
2011,9,17,23,30,0,0,21,9350,22,0.2,0
2011,9,18,0,30,0,0,21,9340,22,0.2,0
2011,9,18,1,30,0,0,21,9330,22,0.2,0
2011,9,18,2,30,0,0,21,9330,22,0.2,0
2011,9,18,3,30,0,0,21,9330,22,0.2,0
2011,9,18,4,30,0,0,21,9330,22,0.2,0
2011,9,18,5,30,0,0,21,9330,21,0.2,0
2011,9,18,6,30,1,0,21,9340,22,0.2,1
2011,9,18,7,30,109,134,21,9350,22,0.2,144
2011,9,18,8,30,219,91,22,9360,24,0.2,264
2011,9,18,9,30,294,335,22,9360,26,0.2,524
2011,9,18,10,30,363,315,22,9360,27,0.2,626
2011,9,18,11,30,390,298,22,9350,27,0.30000000000000004,667
2011,9,18,12,30,434,114,22,9340,28,0.30000000000000004,544
2011,9,18,13,30,293,25,22,9330,27,0.30000000000000004,317
2011,9,18,14,30,326,24,22,9330,27,0.4,346
2011,9,18,15,30,178,3,22,9330,26,0.4,181
2011,9,18,16,30,169,8,21,9340,25,0.4,173
2011,9,18,17,30,97,41,21,9340,23,0.30000000000000004,108
2011,9,18,18,30,0,0,21,9350,23,0.30000000000000004,0
2011,9,18,19,30,0,0,21,9360,22,0.2,0
2011,9,18,20,30,0,0,21,9370,22,0.2,0
2011,9,18,21,30,0,0,21,9370,22,0.2,0
2011,9,18,22,30,0,0,21,9370,22,0.2,0
2011,9,18,23,30,0,0,21,9360,22,0.2,0
2011,9,19,0,30,0,0,21,9360,22,0.2,0
2011,9,19,1,30,0,0,20,9350,21,0.2,0
2011,9,19,2,30,0,0,20,9350,21,0.1,0
2011,9,19,3,30,0,0,20,9350,21,0.1,0
2011,9,19,4,30,0,0,20,9350,21,0.1,0
2011,9,19,5,30,0,0,20,9350,21,0.1,0
2011,9,19,6,30,1,0,21,9360,22,0.1,1
2011,9,19,7,30,88,361,21,9370,23,0.2,182
2011,9,19,8,30,132,583,22,9380,24,0.2,416
2011,9,19,9,30,157,697,22,9380,25,0.2,634
2011,9,19,10,30,173,759,22,9380,27,0.2,805
2011,9,19,11,30,226,691,22,9370,27,0.2,866
2011,9,19,12,30,184,799,22,9360,28,0.30000000000000004,949
2011,9,19,13,30,233,676,22,9350,27,0.30000000000000004,857
2011,9,19,14,30,172,754,22,9340,27,0.30000000000000004,796
2011,9,19,15,30,168,636,21,9340,26,0.30000000000000004,597
2011,9,19,16,30,130,572,21,9340,25,0.30000000000000004,403
2011,9,19,17,30,85,343,21,9350,24,0.30000000000000004,170
2011,9,19,18,30,0,0,21,9360,23,0.2,0
2011,9,19,19,30,0,0,21,9370,23,0.2,0
2011,9,19,20,30,0,0,21,9370,22,0.2,0
2011,9,19,21,30,0,0,22,9370,23,0.2,0
2011,9,19,22,30,0,0,22,9370,23,0.1,0
2011,9,19,23,30,0,0,21,9370,22,0.1,0
2011,9,20,0,30,0,0,21,9370,22,0.1,0
2011,9,20,1,30,0,0,21,9360,22,0.1,0
2011,9,20,2,30,0,0,21,9360,22,0.1,0
2011,9,20,3,30,0,0,21,9360,22,0.1,0
2011,9,20,4,30,0,0,21,9360,22,0.1,0
2011,9,20,5,30,0,0,21,9370,22,0.1,0
2011,9,20,6,30,1,0,21,9370,22,0.1,1
2011,9,20,7,30,88,361,21,9380,23,0.1,182
2011,9,20,8,30,132,582,21,9390,24,0.1,416
2011,9,20,9,30,307,250,21,9390,26,0.1,478
2011,9,20,10,30,377,98,22,9380,27,0.1,459
2011,9,20,11,30,368,119,22,9380,28,0.2,478
2011,9,20,12,30,319,581,22,9360,28,0.2,874
2011,9,20,13,30,387,231,22,9350,28,0.30000000000000004,600
2011,9,20,14,30,172,754,22,9350,27,0.30000000000000004,793
2011,9,20,15,30,294,251,21,9350,26,0.30000000000000004,463
2011,9,20,16,30,176,22,21,9350,25,0.30000000000000004,187
2011,9,20,17,30,51,0,21,9360,24,0.30000000000000004,51
2011,9,20,18,30,0,0,21,9370,23,0.2,0
2011,9,20,19,30,0,0,21,9370,22,0.2,0
2011,9,20,20,30,0,0,21,9370,22,0.2,0
2011,9,20,21,30,0,0,21,9370,22,0.2,0
2011,9,20,22,30,0,0,21,9370,22,0.2,0
2011,9,20,23,30,0,0,21,9370,22,0.2,0
2011,9,21,0,30,0,0,21,9360,22,0.2,0
2011,9,21,1,30,0,0,20,9360,22,0.2,0
2011,9,21,2,30,0,0,20,9350,21,0.2,0
2011,9,21,3,30,0,0,20,9350,21,0.2,0
2011,9,21,4,30,0,0,20,9360,21,0.1,0
2011,9,21,5,30,0,0,20,9360,21,0.1,0
2011,9,21,6,30,1,0,20,9370,21,0.1,1
2011,9,21,7,30,89,366,20,9370,22,0.1,183
2011,9,21,8,30,158,535,20,9370,23,0.1,419
2011,9,21,9,30,301,275,21,9370,25,0.2,489
2011,9,21,10,30,281,511,21,9370,26,0.2,706
2011,9,21,11,30,386,303,21,9360,27,0.2,666
2011,9,21,12,30,368,449,21,9350,27,0.2,796
2011,9,21,13,30,364,121,21,9340,27,0.30000000000000004,476
2011,9,21,14,30,355,296,21,9330,26,0.30000000000000004,598
2011,9,21,15,30,303,230,21,9330,25,0.30000000000000004,457
2011,9,21,16,30,168,15,21,9330,24,0.30000000000000004,176
2011,9,21,17,30,96,164,21,9340,23,0.30000000000000004,136
2011,9,21,18,30,0,0,21,9350,22,0.30000000000000004,0
2011,9,21,19,30,0,0,21,9360,22,0.2,0
2011,9,21,20,30,0,0,21,9360,22,0.2,0
2011,9,21,21,30,0,0,21,9360,22,0.2,0
2011,9,21,22,30,0,0,20,9360,22,0.2,0
2011,9,21,23,30,0,0,20,9350,21,0.2,0
2011,9,22,0,30,0,0,20,9350,21,0.1,0
2011,9,22,1,30,0,0,20,9340,21,0.1,0
2011,9,22,2,30,0,0,20,9340,21,0.1,0
2011,9,22,3,30,0,0,19,9340,21,0.1,0
2011,9,22,4,30,0,0,19,9350,20,0.1,0
2011,9,22,5,30,0,0,19,9350,20,0.1,0
2011,9,22,6,30,1,0,19,9360,21,0.1,1
2011,9,22,7,30,89,372,19,9370,21,0.1,185
2011,9,22,8,30,134,598,20,9380,23,0.2,424
2011,9,22,9,30,159,713,20,9380,24,0.2,645
2011,9,22,10,30,175,776,21,9370,26,0.2,819
2011,9,22,11,30,232,705,21,9360,27,0.2,882
2011,9,22,12,30,253,653,21,9350,27,0.2,874
2011,9,22,13,30,312,534,21,9340,27,0.2,801
2011,9,22,14,30,206,23,21,9340,27,0.30000000000000004,225
2011,9,22,15,30,214,605,20,9340,26,0.30000000000000004,617
2011,9,22,16,30,130,575,20,9340,25,0.30000000000000004,398
2011,9,22,17,30,89,272,20,9350,23,0.30000000000000004,154
2011,9,22,18,30,0,0,20,9350,22,0.2,0
2011,9,22,19,30,0,0,20,9360,22,0.2,0
2011,9,22,20,30,0,0,20,9370,21,0.2,0
2011,9,22,21,30,0,0,20,9370,21,0.2,0
2011,9,22,22,30,0,0,20,9370,21,0.2,0
2011,9,22,23,30,0,0,20,9360,21,0.2,0
2011,9,23,0,30,0,0,19,9360,20,0.2,0
2011,9,23,1,30,0,0,19,9350,20,0.2,0
2011,9,23,2,30,0,0,19,9340,20,0.2,0
2011,9,23,3,30,0,0,19,9340,20,0.2,0
2011,9,23,4,30,0,0,19,9350,20,0.2,0
2011,9,23,5,30,0,0,19,9350,20,0.2,0
2011,9,23,6,30,1,0,19,9360,21,0.1,1
2011,9,23,7,30,89,367,20,9360,22,0.1,183
2011,9,23,8,30,133,592,20,9370,23,0.2,420
2011,9,23,9,30,159,708,21,9370,25,0.2,640
2011,9,23,10,30,174,770,21,9370,27,0.2,812
2011,9,23,11,30,254,624,21,9360,27,0.1,828
2011,9,23,12,30,278,589,21,9350,28,0.2,837
2011,9,23,13,30,205,767,21,9340,28,0.2,906
2011,9,23,14,30,232,600,20,9330,27,0.2,722
2011,9,23,15,30,167,674,20,9330,26,0.2,614
2011,9,23,16,30,165,455,20,9330,25,0.30000000000000004,376
2011,9,23,17,30,96,147,20,9340,24,0.30000000000000004,131
2011,9,23,18,30,0,0,20,9350,22,0.30000000000000004,0
2011,9,23,19,30,0,0,20,9360,22,0.2,0
2011,9,23,20,30,0,0,20,9360,21,0.2,0
2011,9,23,21,30,0,0,20,9360,21,0.2,0
2011,9,23,22,30,0,0,20,9360,21,0.2,0
2011,9,23,23,30,0,0,20,9350,21,0.1,0
2011,9,24,0,30,0,0,20,9350,21,0.1,0
2011,9,24,1,30,0,0,20,9340,21,0.1,0
2011,9,24,2,30,0,0,20,9340,21,0.1,0
2011,9,24,3,30,0,0,19,9340,21,0.1,0
2011,9,24,4,30,0,0,19,9350,20,0.1,0
2011,9,24,5,30,0,0,19,9350,20,0.1,0
2011,9,24,6,30,0,0,19,9360,21,0.1,0
2011,9,24,7,30,95,302,20,9370,22,0.1,173
2011,9,24,8,30,132,584,21,9370,23,0.2,415
2011,9,24,9,30,158,700,21,9370,25,0.2,632
2011,9,24,10,30,172,744,21,9370,26,0.2,787
2011,9,24,11,30,182,794,21,9360,27,0.2,910
2011,9,24,12,30,184,803,21,9350,27,0.2,944
2011,9,24,13,30,354,411,21,9340,27,0.2,729
2011,9,24,14,30,227,632,21,9340,26,0.2,741
2011,9,24,15,30,273,342,21,9340,26,0.2,499
2011,9,24,16,30,178,335,20,9340,25,0.30000000000000004,333
2011,9,24,17,30,90,209,21,9350,23,0.2,139
2011,9,24,18,30,0,0,20,9360,22,0.2,0
2011,9,24,19,30,0,0,20,9370,22,0.2,0
2011,9,24,20,30,0,0,20,9370,21,0.2,0
2011,9,24,21,30,0,0,20,9370,21,0.1,0
2011,9,24,22,30,0,0,20,9370,21,0.1,0
2011,9,24,23,30,0,0,20,9370,21,0.1,0
2011,9,25,0,30,0,0,20,9370,21,0.1,0
2011,9,25,1,30,0,0,20,9360,21,0.1,0
2011,9,25,2,30,0,0,20,9360,21,0.1,0
2011,9,25,3,30,0,0,20,9360,21,0.1,0
2011,9,25,4,30,0,0,20,9360,21,0.1,0
2011,9,25,5,30,0,0,19,9360,21,0.1,0
2011,9,25,6,30,0,0,20,9370,21,0.1,0
2011,9,25,7,30,87,357,20,9380,22,0.1,179
2011,9,25,8,30,132,582,21,9380,24,0.1,413
2011,9,25,9,30,157,698,21,9380,25,0.1,630
2011,9,25,10,30,173,762,21,9380,26,0.1,801
2011,9,25,11,30,182,793,21,9370,27,0.1,908
2011,9,25,12,30,252,661,21,9360,27,0.1,876
2011,9,25,13,30,193,775,21,9360,27,0.2,897
2011,9,25,14,30,224,637,21,9350,26,0.2,740
2011,9,25,15,30,292,221,21,9350,25,0.2,437
2011,9,25,16,30,159,7,21,9360,24,0.2,163
2011,9,25,17,30,69,0,20,9360,23,0.2,69
2011,9,25,18,30,0,0,20,9370,22,0.2,0
2011,9,25,19,30,0,0,20,9380,21,0.2,0
2011,9,25,20,30,0,0,20,9380,21,0.2,0
2011,9,25,21,30,0,0,20,9390,21,0.2,0
2011,9,25,22,30,0,0,20,9380,21,0.2,0
2011,9,25,23,30,0,0,20,9380,21,0.1,0
2011,9,26,0,30,0,0,20,9370,21,0.1,0
2011,9,26,1,30,0,0,20,9370,21,0.1,0
2011,9,26,2,30,0,0,20,9370,21,0.1,0
2011,9,26,3,30,0,0,20,9370,21,0.1,0
2011,9,26,4,30,0,0,20,9370,21,0.1,0
2011,9,26,5,30,0,0,20,9380,21,0.1,0
2011,9,26,6,30,0,0,20,9380,21,0.1,0
2011,9,26,7,30,99,236,20,9390,22,0.1,160
2011,9,26,8,30,132,585,21,9400,24,0.1,414
2011,9,26,9,30,158,702,21,9400,25,0.1,632
2011,9,26,10,30,174,766,21,9390,27,0.1,804
2011,9,26,11,30,182,798,21,9380,28,0.1,912
2011,9,26,12,30,185,807,21,9370,28,0.1,945
2011,9,26,13,30,181,795,21,9360,28,0.1,901
2011,9,26,14,30,172,759,21,9360,28,0.2,784
2011,9,26,15,30,155,690,20,9360,27,0.2,605
2011,9,26,16,30,130,542,20,9360,26,0.2,376
2011,9,26,17,30,86,242,20,9370,24,0.2,140
2011,9,26,18,30,0,0,20,9370,23,0.2,0
2011,9,26,19,30,0,0,20,9380,22,0.2,0
2011,9,26,20,30,0,0,20,9390,22,0.2,0
2011,9,26,21,30,0,0,20,9390,21,0.2,0
2011,9,26,22,30,0,0,20,9390,21,0.2,0
2011,9,26,23,30,0,0,20,9380,21,0.1,0
2011,9,27,0,30,0,0,20,9370,21,0.1,0
2011,9,27,1,30,0,0,20,9370,21,0.1,0
2011,9,27,2,30,0,0,20,9360,21,0.1,0
2011,9,27,3,30,0,0,20,9360,21,0.1,0
2011,9,27,4,30,0,0,20,9370,21,0.1,0
2011,9,27,5,30,0,0,20,9370,21,0.1,0
2011,9,27,6,30,0,0,20,9380,21,0.1,0
2011,9,27,7,30,100,201,20,9380,22,0.1,152
2011,9,27,8,30,159,509,21,9390,24,0.1,404
2011,9,27,9,30,158,702,21,9390,26,0.1,631
2011,9,27,10,30,173,765,22,9380,27,0.1,802
2011,9,27,11,30,182,796,22,9370,28,0.1,908
2011,9,27,12,30,184,804,22,9370,28,0.2,940
2011,9,27,13,30,181,791,21,9360,28,0.2,895
2011,9,27,14,30,171,754,21,9350,27,0.2,777
2011,9,27,15,30,154,684,21,9350,26,0.2,598
2011,9,27,16,30,126,556,20,9350,25,0.30000000000000004,377
2011,9,27,17,30,84,260,20,9360,24,0.2,141
2011,9,27,18,30,0,0,20,9360,23,0.2,0
2011,9,27,19,30,0,0,20,9370,22,0.2,0
2011,9,27,20,30,0,0,20,9370,22,0.2,0
2011,9,27,21,30,0,0,20,9370,21,0.2,0
2011,9,27,22,30,0,0,20,9370,21,0.1,0
2011,9,27,23,30,0,0,20,9360,21,0.1,0
2011,9,28,0,30,0,0,20,9360,21,0.1,0
2011,9,28,1,30,0,0,20,9350,21,0.1,0
2011,9,28,2,30,0,0,20,9350,21,0.1,0
2011,9,28,3,30,0,0,20,9350,21,0.1,0
2011,9,28,4,30,0,0,20,9350,21,0.1,0
2011,9,28,5,30,0,0,20,9360,21,0.1,0
2011,9,28,6,30,0,0,20,9370,21,0.1,0
2011,9,28,7,30,115,92,20,9380,22,0.1,139
2011,9,28,8,30,233,136,21,9380,23,0.1,299
2011,9,28,9,30,258,444,21,9380,25,0.1,557
2011,9,28,10,30,234,666,21,9380,26,0.1,780
2011,9,28,11,30,330,465,21,9380,27,0.2,753
2011,9,28,12,30,216,755,21,9370,28,0.2,924
2011,9,28,13,30,181,796,21,9360,28,0.2,898
2011,9,28,14,30,210,644,21,9350,27,0.2,726
2011,9,28,15,30,280,356,20,9350,26,0.2,510
2011,9,28,16,30,66,0,20,9350,25,0.2,66
2011,9,28,17,30,25,0,20,9360,24,0.2,25
2011,9,28,18,30,0,0,20,9360,23,0.2,0
2011,9,28,19,30,0,0,20,9370,22,0.2,0
2011,9,28,20,30,0,0,19,9370,22,0.1,0
2011,9,28,21,30,0,0,19,9380,21,0.1,0
2011,9,28,22,30,0,0,19,9380,21,0.1,0
2011,9,28,23,30,0,0,19,9370,20,0.1,0
2011,9,29,0,30,0,0,19,9370,20,0.1,0
2011,9,29,1,30,0,0,19,9360,20,0.1,0
2011,9,29,2,30,0,0,19,9350,20,0.1,0
2011,9,29,3,30,0,0,19,9350,20,0.1,0
2011,9,29,4,30,0,0,19,9360,20,0.1,0
2011,9,29,5,30,0,0,19,9360,20,0,0
2011,9,29,6,30,0,0,19,9370,20,0,0
2011,9,29,7,30,101,101,20,9380,21,0,127
2011,9,29,8,30,173,486,20,9380,24,0,406
2011,9,29,9,30,300,229,22,9380,27,0,454
2011,9,29,10,30,218,662,22,9370,29,0,760
2011,9,29,11,30,188,774,22,9360,29,0,891
2011,9,29,12,30,184,804,22,9360,29,0,936
2011,9,29,13,30,256,679,22,9350,29,0.1,865
2011,9,29,14,30,314,349,22,9340,29,0.1,593
2011,9,29,15,30,255,57,22,9340,28,0.2,292
2011,9,29,16,30,65,0,22,9350,26,0.2,65
2011,9,29,17,30,75,12,22,9350,25,0.2,78
2011,9,29,18,30,0,0,22,9360,24,0.2,0
2011,9,29,19,30,0,0,22,9370,23,0.2,0
2011,9,29,20,30,0,0,22,9370,23,0.2,0
2011,9,29,21,30,0,0,22,9370,23,0.2,0
2011,9,29,22,30,0,0,22,9370,23,0.1,0
2011,9,29,23,30,0,0,22,9370,22,0.1,0
2011,9,30,0,30,0,0,21,9360,22,0.1,0
2011,9,30,1,30,0,0,21,9360,22,0.1,0
2011,9,30,2,30,0,0,21,9350,22,0.1,0
2011,9,30,3,30,0,0,21,9350,22,0.1,0
2011,9,30,4,30,0,0,21,9360,22,0.1,0
2011,9,30,5,30,0,0,21,9360,22,0.1,0
2011,9,30,6,30,0,0,21,9370,22,0,0
2011,9,30,7,30,92,321,21,9380,23,0,173
2011,9,30,8,30,210,193,22,9380,24,0.1,303
2011,9,30,9,30,193,614,23,9380,25,0.1,605
2011,9,30,10,30,172,752,23,9380,26,0.1,786
2011,9,30,11,30,317,509,24,9370,28,0.1,778
2011,9,30,12,30,238,672,23,9360,28,0.1,865
2011,9,30,13,30,146,1,23,9350,28,0.1,147
2011,9,30,14,30,136,0,23,9350,28,0.1,136
2011,9,30,15,30,116,0,23,9340,27,0.1,116
2011,9,30,16,30,122,0,23,9350,26,0.1,122
2011,9,30,17,30,73,4,22,9360,25,0.1,74
2011,9,30,18,30,0,0,22,9360,24,0.2,0
2011,9,30,19,30,0,0,22,9370,23,0.2,0
2011,9,30,20,30,0,0,22,9370,23,0.2,0
2011,9,30,21,30,0,0,21,9370,22,0.1,0
2011,9,30,22,30,0,0,21,9370,22,0.1,0
2011,9,30,23,30,0,0,21,9370,22,0.1,0
2002,10,1,0,30,0,0,21,9360,22,0.1,0
2002,10,1,1,30,0,0,21,9360,22,0.1,0
2002,10,1,2,30,0,0,21,9360,22,0.1,0
2002,10,1,3,30,0,0,21,9350,22,0.1,0
2002,10,1,4,30,0,0,21,9360,22,0.1,0
2002,10,1,5,30,0,0,20,9370,22,0.1,0
2002,10,1,6,30,0,0,20,9380,22,0.1,0
2002,10,1,7,30,97,282,21,9390,24,0.1,168
2002,10,1,8,30,150,519,22,9390,26,0.1,398
2002,10,1,9,30,183,640,23,9390,28,0.1,611
2002,10,1,10,30,203,707,23,9390,29,0.1,779
2002,10,1,11,30,213,742,23,9380,29,0.1,884
2002,10,1,12,30,216,752,22,9370,29,0.1,915
2002,10,1,13,30,335,502,22,9370,29,0,783
2002,10,1,14,30,200,701,22,9360,30,0,755
2002,10,1,15,30,179,627,21,9360,29,0,577
2002,10,1,16,30,204,177,22,9360,29,0.1,281
2002,10,1,17,30,79,243,21,9370,28,0.1,129
2002,10,1,18,30,0,0,21,9370,27,0.1,0
2002,10,1,19,30,0,0,21,9380,26,0.1,0
2002,10,1,20,30,0,0,20,9380,26,0.1,0
2002,10,1,21,30,0,0,19,9390,25,0.2,0
2002,10,1,22,30,0,0,19,9380,24,0.2,0
2002,10,1,23,30,0,0,19,9380,24,0.2,0
2002,10,2,0,30,0,0,19,9370,23,0.2,0
2002,10,2,1,30,0,0,19,9370,23,0.2,0
2002,10,2,2,30,0,0,19,9370,22,0.2,0
2002,10,2,3,30,0,0,19,9370,22,0.2,0
2002,10,2,4,30,0,0,19,9370,22,0.2,0
2002,10,2,5,30,0,0,20,9380,21,0.2,0
2002,10,2,6,30,0,0,20,9390,22,0.2,0
2002,10,2,7,30,94,304,21,9400,24,0.2,170
2002,10,2,8,30,151,526,22,9410,27,0.2,401
2002,10,2,9,30,184,647,22,9410,29,0.2,616
2002,10,2,10,30,204,714,22,9400,30,0.1,784
2002,10,2,11,30,214,749,22,9400,30,0.1,889
2002,10,2,12,30,217,757,22,9390,30,0.1,919
2002,10,2,13,30,213,743,22,9380,30,0.1,873
2002,10,2,14,30,200,702,22,9370,30,0.1,754
2002,10,2,15,30,178,626,21,9370,29,0.1,574
2002,10,2,16,30,142,489,21,9370,29,0.1,353
2002,10,2,17,30,82,71,21,9380,27,0.1,97
2002,10,2,18,30,0,0,22,9380,27,0.1,0
2002,10,2,19,30,0,0,23,9390,26,0,0
2002,10,2,20,30,0,0,22,9390,26,0,0
2002,10,2,21,30,0,0,23,9390,25,0,0
2002,10,2,22,30,0,0,22,9390,25,0,0
2002,10,2,23,30,0,0,22,9390,24,0,0
2002,10,3,0,30,0,0,21,9380,24,0,0
2002,10,3,1,30,0,0,20,9380,23,0,0
2002,10,3,2,30,0,0,20,9370,23,0,0
2002,10,3,3,30,0,0,19,9370,22,0,0
2002,10,3,4,30,0,0,19,9370,22,0,0
2002,10,3,5,30,0,0,19,9380,22,0,0
2002,10,3,6,30,0,0,22,9380,23,0,0
2002,10,3,7,30,104,249,21,9390,24,0,166
2002,10,3,8,30,151,522,22,9400,26,0,398
2002,10,3,9,30,183,643,22,9400,28,0.1,611
2002,10,3,10,30,203,709,23,9400,29,0.1,778
2002,10,3,11,30,213,743,23,9390,29,0.1,881
2002,10,3,12,30,216,751,23,9380,28,0.1,910
2002,10,3,13,30,212,736,23,9370,27,0.2,863
2002,10,3,14,30,199,696,23,9360,27,0.2,745
2002,10,3,15,30,177,619,23,9360,26,0.2,566
2002,10,3,16,30,199,164,23,9370,25,0.2,270
2002,10,3,17,30,89,62,23,9370,24,0.2,102
2002,10,3,18,30,0,0,23,9380,24,0.2,0
2002,10,3,19,30,0,0,22,9390,24,0.2,0
2002,10,3,20,30,0,0,22,9390,23,0.2,0
2002,10,3,21,30,0,0,22,9400,23,0.1,0
2002,10,3,22,30,0,0,22,9390,23,0.1,0
2002,10,3,23,30,0,0,22,9390,23,0.1,0
2002,10,4,0,30,0,0,21,9380,22,0.1,0
2002,10,4,1,30,0,0,21,9380,22,0.1,0
2002,10,4,2,30,0,0,21,9370,22,0.1,0
2002,10,4,3,30,0,0,21,9370,22,0.1,0
2002,10,4,4,30,0,0,20,9370,22,0.1,0
2002,10,4,5,30,0,0,20,9380,21,0.1,0
2002,10,4,6,30,0,0,20,9380,22,0.1,0
2002,10,4,7,30,93,296,21,9390,23,0.1,166
2002,10,4,8,30,150,518,22,9390,25,0.1,395
2002,10,4,9,30,183,639,21,9390,27,0.1,607
2002,10,4,10,30,203,707,21,9390,29,0.2,774
2002,10,4,11,30,213,741,21,9380,30,0.2,877
2002,10,4,12,30,216,750,21,9360,31,0.2,907
2002,10,4,13,30,211,736,21,9350,32,0.2,860
2002,10,4,14,30,199,695,21,9350,31,0.1,742
2002,10,4,15,30,177,617,21,9350,30,0.1,562
2002,10,4,16,30,140,478,21,9350,30,0.1,343
2002,10,4,17,30,74,224,21,9360,28,0.1,118
2002,10,4,18,30,0,0,21,9370,27,0,0
2002,10,4,19,30,0,0,23,9380,26,0,0
2002,10,4,20,30,0,0,23,9380,26,0,0
2002,10,4,21,30,0,0,24,9380,25,0,0
2002,10,4,22,30,0,0,23,9380,25,0,0
2002,10,4,23,30,0,0,22,9370,24,0.1,0
2002,10,5,0,30,0,0,20,9360,24,0.1,0
2002,10,5,1,30,0,0,20,9360,23,0.1,0
2002,10,5,2,30,0,0,19,9350,23,0.1,0
2002,10,5,3,30,0,0,19,9350,22,0.1,0
2002,10,5,4,30,0,0,19,9360,22,0.1,0
2002,10,5,5,30,0,0,19,9370,22,0.1,0
2002,10,5,6,30,0,0,20,9370,23,0.1,0
2002,10,5,7,30,95,289,21,9380,24,0.1,167
2002,10,5,8,30,150,520,23,9380,26,0.1,395
2002,10,5,9,30,183,642,23,9380,29,0.1,608
2002,10,5,10,30,203,709,23,9380,30,0.1,775
2002,10,5,11,30,213,742,23,9370,30,0.1,877
2002,10,5,12,30,216,751,22,9360,30,0.1,906
2002,10,5,13,30,211,736,22,9360,30,0.1,858
2002,10,5,14,30,199,695,22,9350,29,0.1,739
2002,10,5,15,30,176,617,22,9350,29,0,560
2002,10,5,16,30,139,477,22,9360,28,0,341
2002,10,5,17,30,82,166,21,9360,26,0,114
2002,10,5,18,30,0,0,24,9370,26,0,0
2002,10,5,19,30,0,0,23,9380,26,0,0
2002,10,5,20,30,0,0,23,9380,25,0,0
2002,10,5,21,30,0,0,23,9380,25,0,0
2002,10,5,22,30,0,0,23,9370,24,0,0
2002,10,5,23,30,0,0,21,9370,24,0,0
2002,10,6,0,30,0,0,20,9360,24,0.1,0
2002,10,6,1,30,0,0,20,9360,23,0.1,0
2002,10,6,2,30,0,0,20,9350,23,0.1,0
2002,10,6,3,30,0,0,20,9350,23,0.1,0
2002,10,6,4,30,0,0,19,9360,23,0.1,0
2002,10,6,5,30,0,0,19,9360,23,0.1,0
2002,10,6,6,30,0,0,20,9370,23,0.1,0
2002,10,6,7,30,92,293,21,9380,24,0.1,164
2002,10,6,8,30,149,516,22,9380,26,0.1,392
2002,10,6,9,30,182,638,22,9390,28,0.1,604
2002,10,6,10,30,202,706,23,9380,29,0.1,771
2002,10,6,11,30,213,741,23,9380,30,0.1,874
2002,10,6,12,30,216,751,23,9370,30,0.1,904
2002,10,6,13,30,211,737,23,9360,29,0.1,857
2002,10,6,14,30,199,696,22,9360,29,0.1,738
2002,10,6,15,30,176,618,23,9360,29,0.1,558
2002,10,6,16,30,139,477,22,9360,28,0.1,338
2002,10,6,17,30,77,74,22,9370,27,0.1,91
2002,10,6,18,30,0,0,21,9370,26,0.1,0
2002,10,6,19,30,0,0,21,9380,25,0.2,0
2002,10,6,20,30,0,0,21,9380,25,0.2,0
2002,10,6,21,30,0,0,21,9380,24,0.2,0
2002,10,6,22,30,0,0,21,9380,24,0.2,0
2002,10,6,23,30,0,0,21,9370,23,0.2,0
2002,10,7,0,30,0,0,21,9370,23,0.2,0
2002,10,7,1,30,0,0,21,9360,22,0.2,0
2002,10,7,2,30,0,0,21,9360,22,0.2,0
2002,10,7,3,30,0,0,21,9360,22,0.2,0
2002,10,7,4,30,0,0,21,9370,21,0.2,0
2002,10,7,5,30,0,0,21,9370,21,0.2,0
2002,10,7,6,30,0,0,21,9380,22,0.2,0
2002,10,7,7,30,95,284,21,9390,23,0.1,165
2002,10,7,8,30,151,526,22,9390,24,0.1,397
2002,10,7,9,30,184,649,23,9400,27,0.1,612
2002,10,7,10,30,204,717,22,9390,29,0.1,779
2002,10,7,11,30,214,751,22,9380,30,0.1,882
2002,10,7,12,30,217,759,21,9370,31,0.1,910
2002,10,7,13,30,212,744,21,9360,31,0.1,862
2002,10,7,14,30,199,702,20,9350,31,0.1,741
2002,10,7,15,30,177,621,20,9350,30,0.1,558
2002,10,7,16,30,139,477,21,9350,29,0.1,337
2002,10,7,17,30,77,104,20,9360,28,0.1,97
2002,10,7,18,30,0,0,20,9370,27,0.1,0
2002,10,7,19,30,0,0,20,9380,26,0.1,0
2002,10,7,20,30,0,0,19,9380,25,0.1,0
2002,10,7,21,30,0,0,19,9380,25,0.1,0
2002,10,7,22,30,0,0,19,9380,24,0.1,0
2002,10,7,23,30,0,0,19,9380,23,0.2,0
2002,10,8,0,30,0,0,19,9370,23,0.2,0
2002,10,8,1,30,0,0,19,9370,22,0.2,0
2002,10,8,2,30,0,0,19,9370,22,0.2,0
2002,10,8,3,30,0,0,19,9370,21,0.2,0
2002,10,8,4,30,0,0,19,9370,21,0.2,0
2002,10,8,5,30,0,0,19,9380,20,0.2,0
2002,10,8,6,30,0,0,20,9380,21,0.2,0
2002,10,8,7,30,94,299,21,9390,23,0.2,167
2002,10,8,8,30,151,530,22,9390,26,0.2,399
2002,10,8,9,30,219,548,22,9390,29,0.2,579
2002,10,8,10,30,208,712,21,9390,30,0.2,778
2002,10,8,11,30,212,752,21,9380,31,0.2,879
2002,10,8,12,30,291,642,21,9360,32,0.1,876
2002,10,8,13,30,254,676,20,9360,32,0.1,842
2002,10,8,14,30,237,606,20,9350,31,0.1,703
2002,10,8,15,30,209,509,20,9350,31,0.1,521
2002,10,8,16,30,170,398,20,9350,30,0.1,334
2002,10,8,17,30,61,2,20,9360,28,0.2,62
2002,10,8,18,30,0,0,20,9370,27,0.2,0
2002,10,8,19,30,0,0,20,9370,26,0.2,0
2002,10,8,20,30,0,0,20,9380,25,0.30000000000000004,0
2002,10,8,21,30,0,0,20,9390,24,0.30000000000000004,0
2002,10,8,22,30,0,0,20,9380,23,0.30000000000000004,0
2002,10,8,23,30,0,0,20,9380,22,0.30000000000000004,0
2002,10,9,0,30,0,0,20,9370,22,0.30000000000000004,0
2002,10,9,1,30,0,0,20,9370,21,0.30000000000000004,0
2002,10,9,2,30,0,0,20,9370,21,0.30000000000000004,0
2002,10,9,3,30,0,0,20,9370,21,0.30000000000000004,0
2002,10,9,4,30,0,0,20,9370,20,0.30000000000000004,0
2002,10,9,5,30,0,0,20,9380,21,0.30000000000000004,0
2002,10,9,6,30,0,0,20,9380,21,0.2,0
2002,10,9,7,30,94,278,20,9390,22,0.2,162
2002,10,9,8,30,151,531,21,9390,24,0.2,399
2002,10,9,9,30,184,653,22,9390,27,0.2,613
2002,10,9,10,30,204,720,22,9390,29,0.2,779
2002,10,9,11,30,214,752,22,9380,31,0.2,880
2002,10,9,12,30,217,759,22,9370,31,0.1,906
2002,10,9,13,30,212,742,22,9360,31,0.1,855
2002,10,9,14,30,276,569,21,9350,31,0.1,711
2002,10,9,15,30,274,286,21,9350,30,0.1,448
2002,10,9,16,30,173,244,21,9360,29,0.1,273
2002,10,9,17,30,69,34,21,9360,28,0.1,76
2002,10,9,18,30,0,0,20,9370,26,0.2,0
2002,10,9,19,30,0,0,20,9380,26,0.2,0
2002,10,9,20,30,0,0,20,9380,25,0.2,0
2002,10,9,21,30,0,0,20,9380,24,0.30000000000000004,0
2002,10,9,22,30,0,0,20,9380,23,0.30000000000000004,0
2002,10,9,23,30,0,0,21,9380,23,0.30000000000000004,0
2002,10,10,0,30,0,0,21,9370,22,0.30000000000000004,0
2002,10,10,1,30,0,0,21,9370,22,0.30000000000000004,0
2002,10,10,2,30,0,0,21,9370,22,0.2,0
2002,10,10,3,30,0,0,22,9370,22,0.2,0
2002,10,10,4,30,0,0,21,9370,22,0.2,0
2002,10,10,5,30,0,0,21,9380,22,0.2,0
2002,10,10,6,30,0,0,21,9390,22,0.2,0
2002,10,10,7,30,94,275,22,9400,23,0.2,161
2002,10,10,8,30,149,514,22,9400,25,0.2,387
2002,10,10,9,30,182,635,22,9410,26,0.2,597
2002,10,10,10,30,201,702,22,9400,28,0.2,761
2002,10,10,11,30,325,580,22,9390,29,0.2,837
2002,10,10,12,30,437,223,22,9380,29,0.1,639
2002,10,10,13,30,405,262,22,9370,29,0.1,632
2002,10,10,14,30,354,332,21,9370,29,0.1,607
2002,10,10,15,30,280,160,21,9370,28,0.1,377
2002,10,10,16,30,139,5,21,9370,28,0.1,142
2002,10,10,17,30,18,0,21,9380,27,0.1,18
2002,10,10,18,30,0,0,21,9390,26,0.1,0
2002,10,10,19,30,0,0,21,9390,25,0.1,0
2002,10,10,20,30,0,0,21,9400,25,0.1,0
2002,10,10,21,30,0,0,21,9400,25,0.1,0
2002,10,10,22,30,0,0,21,9400,24,0.1,0
2002,10,10,23,30,0,0,21,9390,24,0.1,0
2002,10,11,0,30,0,0,20,9390,23,0.1,0
2002,10,11,1,30,0,0,20,9380,23,0.1,0
2002,10,11,2,30,0,0,20,9380,23,0.1,0
2002,10,11,3,30,0,0,20,9380,22,0.1,0
2002,10,11,4,30,0,0,20,9380,22,0.1,0
2002,10,11,5,30,0,0,20,9390,22,0.1,0
2002,10,11,6,30,0,0,21,9390,22,0.1,0
2002,10,11,7,30,94,43,21,9390,23,0.1,105
2002,10,11,8,30,200,382,22,9400,24,0.1,377
2002,10,11,9,30,297,320,23,9400,26,0.2,506
2002,10,11,10,30,377,53,23,9390,27,0.2,420
2002,10,11,11,30,427,138,22,9380,27,0.1,549
2002,10,11,12,30,383,509,22,9370,28,0.1,842
2002,10,11,13,30,332,38,22,9360,28,0.1,365
2002,10,11,14,30,337,40,21,9350,28,0,368
2002,10,11,15,30,281,306,21,9350,27,0,465
2002,10,11,16,30,178,180,23,9350,25,0,251
2002,10,11,17,30,49,0,20,9360,24,0,49
2002,10,11,18,30,0,0,22,9360,24,0,0
2002,10,11,19,30,0,0,22,9370,24,0,0
2002,10,11,20,30,0,0,22,9370,23,0,0
2002,10,11,21,30,0,0,22,9370,23,0,0
2002,10,11,22,30,0,0,22,9370,23,0,0
2002,10,11,23,30,0,0,21,9360,22,0,0
2002,10,12,0,30,0,0,21,9360,22,0,0
2002,10,12,1,30,0,0,21,9350,22,0,0
2002,10,12,2,30,0,0,21,9340,22,0,0
2002,10,12,3,30,0,0,21,9340,22,0,0
2002,10,12,4,30,0,0,21,9340,22,0,0
2002,10,12,5,30,0,0,21,9350,22,0,0
2002,10,12,6,30,0,0,21,9350,22,0,0
2002,10,12,7,30,105,131,22,9360,23,0.1,137
2002,10,12,8,30,211,84,22,9360,24,0.1,250
2002,10,12,9,30,308,221,23,9370,25,0.1,452
2002,10,12,10,30,341,32,23,9360,26,0.1,367
2002,10,12,11,30,280,12,23,9350,26,0.1,291
2002,10,12,12,30,351,21,23,9340,27,0.1,370
2002,10,12,13,30,185,4,22,9330,27,0.1,189
2002,10,12,14,30,127,0,22,9320,27,0,127
2002,10,12,15,30,266,381,21,9320,27,0,494
2002,10,12,16,30,135,460,21,9320,27,0.1,317
2002,10,12,17,30,56,31,21,9330,26,0.1,62
2002,10,12,18,30,0,0,21,9330,25,0,0
2002,10,12,19,30,0,0,21,9340,25,0.1,0
2002,10,12,20,30,0,0,20,9350,24,0.1,0
2002,10,12,21,30,0,0,20,9350,24,0.1,0
2002,10,12,22,30,0,0,20,9340,23,0.1,0
2002,10,12,23,30,0,0,20,9340,23,0.1,0
2002,10,13,0,30,0,0,20,9330,23,0.2,0
2002,10,13,1,30,0,0,20,9330,22,0.2,0
2002,10,13,2,30,0,0,20,9320,22,0.2,0
2002,10,13,3,30,0,0,20,9320,22,0.2,0
2002,10,13,4,30,0,0,20,9330,21,0.2,0
2002,10,13,5,30,0,0,20,9330,21,0.2,0
2002,10,13,6,30,0,0,20,9340,21,0.2,0
2002,10,13,7,30,101,126,21,9350,22,0.2,131
2002,10,13,8,30,148,508,22,9350,24,0.2,381
2002,10,13,9,30,181,631,22,9360,26,0.2,590
2002,10,13,10,30,201,700,22,9350,28,0.2,754
2002,10,13,11,30,211,735,22,9340,29,0.2,854
2002,10,13,12,30,414,244,22,9340,29,0.2,633
2002,10,13,13,30,261,19,22,9330,29,0.2,278
2002,10,13,14,30,124,0,22,9320,29,0.2,124
2002,10,13,15,30,163,0,21,9320,28,0.2,163
2002,10,13,16,30,117,0,21,9330,27,0.1,117
2002,10,13,17,30,68,76,21,9330,26,0.1,81
2002,10,13,18,30,0,0,20,9340,25,0.1,0
2002,10,13,19,30,0,0,20,9340,25,0.1,0
2002,10,13,20,30,0,0,19,9350,24,0.2,0
2002,10,13,21,30,0,0,19,9350,24,0.2,0
2002,10,13,22,30,0,0,19,9350,23,0.2,0
2002,10,13,23,30,0,0,19,9340,23,0.2,0
2002,10,14,0,30,0,0,19,9340,22,0.2,0
2002,10,14,1,30,0,0,19,9330,22,0.2,0
2002,10,14,2,30,0,0,19,9330,21,0.2,0
2002,10,14,3,30,0,0,20,9330,21,0.2,0
2002,10,14,4,30,0,0,20,9330,21,0.30000000000000004,0
2002,10,14,5,30,0,0,20,9340,21,0.30000000000000004,0
2002,10,14,6,30,0,0,20,9350,21,0.30000000000000004,0
2002,10,14,7,30,92,282,21,9350,22,0.2,159
2002,10,14,8,30,149,521,22,9360,25,0.30000000000000004,388
2002,10,14,9,30,183,645,21,9360,27,0.30000000000000004,600
2002,10,14,10,30,203,714,21,9360,28,0.30000000000000004,764
2002,10,14,11,30,213,747,21,9350,29,0.30000000000000004,864
2002,10,14,12,30,215,754,21,9340,30,0.30000000000000004,889
2002,10,14,13,30,210,737,21,9330,30,0.30000000000000004,838
2002,10,14,14,30,197,692,20,9320,30,0.30000000000000004,715
2002,10,14,15,30,173,609,20,9320,29,0.30000000000000004,533
2002,10,14,16,30,172,247,20,9330,28,0.30000000000000004,269
2002,10,14,17,30,72,57,20,9330,26,0.30000000000000004,82
2002,10,14,18,30,0,0,20,9340,25,0.30000000000000004,0
2002,10,14,19,30,0,0,20,9350,24,0.30000000000000004,0
2002,10,14,20,30,0,0,20,9350,23,0.30000000000000004,0
2002,10,14,21,30,0,0,20,9360,23,0.30000000000000004,0
2002,10,14,22,30,0,0,19,9350,22,0.30000000000000004,0
2002,10,14,23,30,0,0,19,9350,22,0.30000000000000004,0
2002,10,15,0,30,0,0,19,9350,22,0.30000000000000004,0
2002,10,15,1,30,0,0,19,9340,21,0.30000000000000004,0
2002,10,15,2,30,0,0,19,9340,21,0.30000000000000004,0
2002,10,15,3,30,0,0,19,9340,21,0.30000000000000004,0
2002,10,15,4,30,0,0,19,9340,21,0.30000000000000004,0
2002,10,15,5,30,0,0,19,9340,20,0.30000000000000004,0
2002,10,15,6,30,0,0,19,9350,21,0.30000000000000004,0
2002,10,15,7,30,94,239,20,9360,23,0.30000000000000004,150
2002,10,15,8,30,217,197,21,9360,26,0.30000000000000004,307
2002,10,15,9,30,182,638,21,9360,28,0.30000000000000004,593
2002,10,15,10,30,201,706,21,9350,29,0.30000000000000004,756
2002,10,15,11,30,212,740,21,9350,30,0.30000000000000004,854
2002,10,15,12,30,290,631,20,9340,30,0.30000000000000004,852
2002,10,15,13,30,209,729,20,9330,30,0.30000000000000004,827
2002,10,15,14,30,358,187,20,9330,30,0.30000000000000004,498
2002,10,15,15,30,172,599,19,9330,29,0.30000000000000004,524
2002,10,15,16,30,132,448,20,9330,28,0.2,306
2002,10,15,17,30,67,132,20,9340,26,0.2,88
2002,10,15,18,30,0,0,20,9350,25,0.2,0
2002,10,15,19,30,0,0,20,9360,24,0.2,0
2002,10,15,20,30,0,0,20,9360,24,0.2,0
2002,10,15,21,30,0,0,20,9360,23,0.2,0
2002,10,15,22,30,0,0,20,9360,23,0.2,0
2002,10,15,23,30,0,0,20,9360,22,0.2,0
2002,10,16,0,30,0,0,20,9350,22,0.2,0
2002,10,16,1,30,0,0,20,9350,22,0.2,0
2002,10,16,2,30,0,0,20,9340,22,0.2,0
2002,10,16,3,30,0,0,20,9340,22,0.2,0
2002,10,16,4,30,0,0,20,9340,21,0.2,0
2002,10,16,5,30,0,0,20,9350,21,0.1,0
2002,10,16,6,30,0,0,20,9360,21,0.1,0
2002,10,16,7,30,77,0,21,9360,22,0.1,77
2002,10,16,8,30,108,0,22,9360,24,0.1,108
2002,10,16,9,30,149,0,22,9360,25,0.1,149
2002,10,16,10,30,147,0,22,9360,26,0,147
2002,10,16,11,30,167,1,22,9360,27,0,168
2002,10,16,12,30,214,2,22,9350,26,0,216
2002,10,16,13,30,207,1,22,9340,26,0.1,208
2002,10,16,14,30,130,0,22,9340,26,0.1,130
2002,10,16,15,30,173,2,21,9330,26,0.1,175
2002,10,16,16,30,153,38,22,9340,25,0.1,168
2002,10,16,17,30,16,0,21,9340,24,0.1,16
2002,10,16,18,30,0,0,21,9350,24,0.1,0
2002,10,16,19,30,0,0,21,9350,24,0.1,0
2002,10,16,20,30,0,0,21,9360,23,0.1,0
2002,10,16,21,30,0,0,21,9370,23,0.1,0
2002,10,16,22,30,0,0,21,9360,23,0.1,0
2002,10,16,23,30,0,0,21,9360,22,0.1,0
2002,10,17,0,30,0,0,21,9360,22,0.1,0
2002,10,17,1,30,0,0,21,9360,22,0.2,0
2002,10,17,2,30,0,0,21,9360,22,0.2,0
2002,10,17,3,30,0,0,21,9350,22,0.2,0
2002,10,17,4,30,0,0,21,9350,22,0.2,0
2002,10,17,5,30,0,0,21,9360,22,0.2,0
2002,10,17,6,30,0,0,21,9360,22,0.1,0
2002,10,17,7,30,88,273,22,9370,23,0.1,151
2002,10,17,8,30,214,166,22,9370,24,0.1,290
2002,10,17,9,30,291,289,23,9380,25,0.1,476
2002,10,17,10,30,278,527,23,9370,27,0.1,689
2002,10,17,11,30,401,283,23,9360,27,0.2,646
2002,10,17,12,30,422,99,23,9360,27,0.2,510
2002,10,17,13,30,411,44,23,9350,27,0.2,449
2002,10,17,14,30,344,52,23,9340,27,0.2,383
2002,10,17,15,30,167,0,22,9340,26,0.2,167
2002,10,17,16,30,133,4,22,9340,26,0.2,135
2002,10,17,17,30,21,0,22,9350,25,0.2,21
2002,10,17,18,30,0,0,22,9350,24,0.2,0
2002,10,17,19,30,0,0,22,9360,23,0.1,0
2002,10,17,20,30,0,0,22,9360,23,0.1,0
2002,10,17,21,30,0,0,22,9370,22,0.1,0
2002,10,17,22,30,0,0,22,9360,23,0.1,0
2002,10,17,23,30,0,0,22,9360,22,0.1,0
2002,10,18,0,30,0,0,22,9360,22,0.1,0
2002,10,18,1,30,0,0,21,9350,22,0.1,0
2002,10,18,2,30,0,0,21,9350,22,0.1,0
2002,10,18,3,30,0,0,21,9350,22,0,0
2002,10,18,4,30,0,0,21,9360,22,0,0
2002,10,18,5,30,0,0,21,9360,22,0,0
2002,10,18,6,30,0,0,21,9370,22,0,0
2002,10,18,7,30,88,278,22,9380,23,0,152
2002,10,18,8,30,147,508,22,9380,25,0,376
2002,10,18,9,30,181,632,22,9380,27,0,584
2002,10,18,10,30,200,700,22,9380,28,0,744
2002,10,18,11,30,210,732,22,9380,29,0,841
2002,10,18,12,30,213,739,22,9370,29,0.1,864
2002,10,18,13,30,394,172,22,9360,29,0.1,539
2002,10,18,14,30,194,676,22,9350,28,0.1,691
2002,10,18,15,30,130,0,21,9350,27,0.1,130
2002,10,18,16,30,195,247,22,9350,26,0.1,289
2002,10,18,17,30,15,0,22,9360,25,0.1,15
2002,10,18,18,30,0,0,22,9360,24,0.1,0
2002,10,18,19,30,0,0,22,9370,23,0.1,0
2002,10,18,20,30,0,0,22,9370,22,0.1,0
2002,10,18,21,30,0,0,22,9370,23,0.1,0
2002,10,18,22,30,0,0,22,9370,23,0.1,0
2002,10,18,23,30,0,0,22,9370,23,0.1,0
2002,10,19,0,30,0,0,22,9360,22,0,0
2002,10,19,1,30,0,0,21,9360,22,0,0
2002,10,19,2,30,0,0,21,9350,22,0,0
2002,10,19,3,30,0,0,21,9350,22,0,0
2002,10,19,4,30,0,0,21,9360,22,0.1,0
2002,10,19,5,30,0,0,21,9360,22,0.1,0
2002,10,19,6,30,0,0,21,9370,22,0.1,0
2002,10,19,7,30,91,265,21,9380,23,0.1,152
2002,10,19,8,30,152,504,22,9380,24,0.1,378
2002,10,19,9,30,182,645,22,9380,26,0.1,592
2002,10,19,10,30,202,713,23,9370,28,0.1,755
2002,10,19,11,30,212,746,22,9370,29,0.1,853
2002,10,19,12,30,215,752,22,9360,29,0.1,875
2002,10,19,13,30,188,16,22,9350,29,0.1,202
2002,10,19,14,30,331,286,21,9350,28,0.2,541
2002,10,19,15,30,151,0,21,9350,27,0.2,151
2002,10,19,16,30,164,66,21,9360,26,0.2,189
2002,10,19,17,30,62,34,21,9360,24,0.2,67
2002,10,19,18,30,0,0,21,9370,23,0.2,0
2002,10,19,19,30,0,0,21,9380,23,0.2,0
2002,10,19,20,30,0,0,21,9380,22,0.1,0
2002,10,19,21,30,0,0,21,9380,22,0.1,0
2002,10,19,22,30,0,0,21,9380,22,0.1,0
2002,10,19,23,30,0,0,21,9380,22,0.1,0
2002,10,20,0,30,0,0,21,9370,22,0.1,0
2002,10,20,1,30,0,0,21,9370,22,0,0
2002,10,20,2,30,0,0,20,9360,22,0,0
2002,10,20,3,30,0,0,20,9360,21,0,0
2002,10,20,4,30,0,0,20,9370,21,0,0
2002,10,20,5,30,0,0,20,9370,21,0,0
2002,10,20,6,30,0,0,20,9380,21,0,0
2002,10,20,7,30,93,221,20,9390,22,0,143
2002,10,20,8,30,160,463,21,9390,24,0,367
2002,10,20,9,30,181,635,21,9390,27,0,583
2002,10,20,10,30,201,704,20,9390,30,0,745
2002,10,20,11,30,234,707,20,9380,31,0,839
2002,10,20,12,30,281,626,20,9370,31,0,829
2002,10,20,13,30,337,465,20,9360,31,0,724
2002,10,20,14,30,238,32,20,9360,30,0,262
2002,10,20,15,30,285,182,20,9360,29,0,389
2002,10,20,16,30,166,158,21,9360,28,0.1,225
2002,10,20,17,30,14,0,21,9370,26,0.2,14
2002,10,20,18,30,0,0,22,9380,25,0.2,0
2002,10,20,19,30,0,0,22,9390,24,0.2,0
2002,10,20,20,30,0,0,22,9400,23,0.2,0
2002,10,20,21,30,0,0,22,9400,23,0.2,0
2002,10,20,22,30,0,0,22,9390,23,0.2,0
2002,10,20,23,30,0,0,22,9390,23,0.1,0
2002,10,21,0,30,0,0,22,9390,23,0.1,0
2002,10,21,1,30,0,0,22,9380,23,0.1,0
2002,10,21,2,30,0,0,22,9380,22,0.1,0
2002,10,21,3,30,0,0,22,9380,22,0.1,0
2002,10,21,4,30,0,0,22,9380,22,0.1,0
2002,10,21,5,30,0,0,21,9390,22,0.1,0
2002,10,21,6,30,0,0,21,9390,22,0.1,0
2002,10,21,7,30,92,235,22,9400,23,0.1,145
2002,10,21,8,30,186,304,22,9400,24,0.1,322
2002,10,21,9,30,296,156,23,9400,26,0.1,395
2002,10,21,10,30,279,576,23,9400,27,0.1,722
2002,10,21,11,30,209,725,23,9390,27,0.1,827
2002,10,21,12,30,322,536,23,9380,27,0.1,790
2002,10,21,13,30,206,715,23,9380,26,0.1,800
2002,10,21,14,30,232,15,22,9370,26,0.1,243
2002,10,21,15,30,206,14,22,9370,26,0.1,214
2002,10,21,16,30,190,232,23,9380,25,0.1,276
2002,10,21,17,30,34,0,22,9380,24,0.1,34
2002,10,21,18,30,0,0,22,9380,24,0.1,0
2002,10,21,19,30,0,0,22,9390,23,0.1,0
2002,10,21,20,30,0,0,21,9400,23,0.1,0
2002,10,21,21,30,0,0,21,9400,22,0.1,0
2002,10,21,22,30,0,0,21,9390,22,0.1,0
2002,10,21,23,30,0,0,21,9390,22,0.1,0
2002,10,22,0,30,0,0,21,9390,22,0.1,0
2002,10,22,1,30,0,0,21,9380,22,0.1,0
2002,10,22,2,30,0,0,21,9380,22,0.1,0
2002,10,22,3,30,0,0,20,9380,21,0.1,0
2002,10,22,4,30,0,0,20,9380,21,0.1,0
2002,10,22,5,30,0,0,20,9380,21,0.1,0
2002,10,22,6,30,0,0,20,9390,21,0.1,0
2002,10,22,7,30,95,212,21,9400,22,0.1,143
2002,10,22,8,30,146,502,21,9400,23,0.1,368
2002,10,22,9,30,180,629,23,9400,26,0.1,575
2002,10,22,10,30,200,699,23,9400,28,0.1,736
2002,10,22,11,30,210,734,22,9380,28,0.1,834
2002,10,22,12,30,213,742,22,9380,28,0.1,858
2002,10,22,13,30,313,494,21,9370,28,0.1,721
2002,10,22,14,30,194,677,21,9370,27,0.1,683
2002,10,22,15,30,169,590,21,9370,27,0.1,503
2002,10,22,16,30,163,163,21,9370,26,0.1,223
2002,10,22,17,30,25,0,21,9380,25,0.1,25
2002,10,22,18,30,0,0,21,9380,24,0.1,0
2002,10,22,19,30,0,0,21,9390,24,0.2,0
2002,10,22,20,30,0,0,21,9390,23,0.2,0
2002,10,22,21,30,0,0,21,9400,23,0.2,0
2002,10,22,22,30,0,0,21,9390,22,0.2,0
2002,10,22,23,30,0,0,20,9390,22,0.2,0
2002,10,23,0,30,0,0,20,9380,22,0.2,0
2002,10,23,1,30,0,0,20,9370,21,0.2,0
2002,10,23,2,30,0,0,20,9370,21,0.2,0
2002,10,23,3,30,0,0,20,9370,21,0.2,0
2002,10,23,4,30,0,0,19,9370,20,0.2,0
2002,10,23,5,30,0,0,19,9370,20,0.2,0
2002,10,23,6,30,0,0,19,9380,21,0.2,0
2002,10,23,7,30,95,189,20,9390,22,0.2,137
2002,10,23,8,30,146,506,22,9390,25,0.2,369
2002,10,23,9,30,180,634,22,9390,28,0.2,577
2002,10,23,10,30,201,704,21,9390,29,0.2,739
2002,10,23,11,30,211,739,21,9380,29,0.2,836
2002,10,23,12,30,213,746,21,9370,30,0.2,860
2002,10,23,13,30,295,84,21,9360,30,0.2,365
2002,10,23,14,30,351,295,20,9360,29,0.1,564
2002,10,23,15,30,209,472,20,9360,29,0.2,475
2002,10,23,16,30,156,291,20,9360,28,0.1,262
2002,10,23,17,30,53,46,20,9360,26,0.1,60
2002,10,23,18,30,0,0,19,9370,25,0.1,0
2002,10,23,19,30,0,0,19,9370,24,0.2,0
2002,10,23,20,30,0,0,19,9380,24,0.2,0
2002,10,23,21,30,0,0,19,9380,23,0.2,0
2002,10,23,22,30,0,0,18,9380,23,0.2,0
2002,10,23,23,30,0,0,18,9370,22,0.2,0
2002,10,24,0,30,0,0,18,9370,22,0.2,0
2002,10,24,1,30,0,0,17,9370,21,0.2,0
2002,10,24,2,30,0,0,17,9360,20,0.2,0
2002,10,24,3,30,0,0,17,9370,20,0.2,0
2002,10,24,4,30,0,0,16,9370,20,0.2,0
2002,10,24,5,30,0,0,16,9380,19,0.2,0
2002,10,24,6,30,0,0,16,9380,20,0.2,0
2002,10,24,7,30,95,204,17,9390,22,0.2,140
2002,10,24,8,30,148,506,19,9390,24,0.2,370
2002,10,24,9,30,183,628,19,9390,27,0.2,575
2002,10,24,10,30,203,720,19,9390,29,0.2,751
2002,10,24,11,30,213,753,19,9380,30,0.2,848
2002,10,24,12,30,215,760,19,9370,31,0.2,871
2002,10,24,13,30,210,741,19,9360,31,0.2,817
2002,10,24,14,30,196,693,19,9360,30,0.2,692
2002,10,24,15,30,171,603,19,9350,30,0.2,508
2002,10,24,16,30,129,441,19,9350,29,0.2,287
2002,10,24,17,30,51,40,19,9360,26,0.2,57
2002,10,24,18,30,0,0,19,9370,25,0.2,0
2002,10,24,19,30,0,0,19,9380,24,0.2,0
2002,10,24,20,30,0,0,19,9390,24,0.2,0
2002,10,24,21,30,0,0,18,9390,23,0.2,0
2002,10,24,22,30,0,0,18,9390,22,0.2,0
2002,10,24,23,30,0,0,19,9380,22,0.2,0
2002,10,25,0,30,0,0,19,9380,21,0.2,0
2002,10,25,1,30,0,0,19,9380,21,0.2,0
2002,10,25,2,30,0,0,19,9380,20,0.2,0
2002,10,25,3,30,0,0,19,9380,20,0.2,0
2002,10,25,4,30,0,0,19,9380,20,0.30000000000000004,0
2002,10,25,5,30,0,0,19,9380,20,0.30000000000000004,0
2002,10,25,6,30,0,0,19,9390,20,0.30000000000000004,0
2002,10,25,7,30,97,127,20,9400,22,0.2,125
2002,10,25,8,30,162,478,20,9400,25,0.30000000000000004,371
2002,10,25,9,30,182,645,20,9400,27,0.30000000000000004,583
2002,10,25,10,30,197,705,20,9400,29,0.30000000000000004,732
2002,10,25,11,30,212,750,20,9390,30,0.30000000000000004,843
2002,10,25,12,30,215,757,19,9380,30,0.2,866
2002,10,25,13,30,208,725,19,9370,30,0.2,800
2002,10,25,14,30,195,688,19,9370,30,0.2,685
2002,10,25,15,30,206,514,19,9370,29,0.2,492
2002,10,25,16,30,158,199,20,9370,28,0.2,229
2002,10,25,17,30,36,0,20,9380,26,0.2,36
2002,10,25,18,30,0,0,19,9390,25,0.2,0
2002,10,25,19,30,0,0,19,9400,24,0.2,0
2002,10,25,20,30,0,0,19,9400,23,0.2,0
2002,10,25,21,30,0,0,19,9400,23,0.2,0
2002,10,25,22,30,0,0,19,9400,22,0.2,0
2002,10,25,23,30,0,0,19,9400,22,0.2,0
2002,10,26,0,30,0,0,19,9390,21,0.2,0
2002,10,26,1,30,0,0,18,9380,21,0.2,0
2002,10,26,2,30,0,0,18,9380,21,0.2,0
2002,10,26,3,30,0,0,18,9380,20,0.30000000000000004,0
2002,10,26,4,30,0,0,19,9380,20,0.30000000000000004,0
2002,10,26,5,30,0,0,19,9390,20,0.30000000000000004,0
2002,10,26,6,30,0,0,19,9400,20,0.30000000000000004,0
2002,10,26,7,30,94,157,20,9400,22,0.30000000000000004,128
2002,10,26,8,30,162,425,20,9410,25,0.30000000000000004,347
2002,10,26,9,30,185,597,19,9410,27,0.30000000000000004,555
2002,10,26,10,30,211,671,19,9410,28,0.30000000000000004,719
2002,10,26,11,30,230,698,19,9400,29,0.2,815
2002,10,26,12,30,242,690,18,9390,30,0.2,833
2002,10,26,13,30,210,719,18,9380,30,0.2,795
2002,10,26,14,30,238,595,18,9370,29,0.2,661
2002,10,26,15,30,224,407,17,9370,29,0.2,449
2002,10,26,16,30,141,391,18,9370,27,0.2,280
2002,10,26,17,30,49,30,17,9380,25,0.2,53
2002,10,26,18,30,0,0,16,9380,23,0.30000000000000004,0
2002,10,26,19,30,0,0,16,9390,22,0.30000000000000004,0
2002,10,26,20,30,0,0,16,9400,21,0.30000000000000004,0
2002,10,26,21,30,0,0,15,9400,21,0.30000000000000004,0
2002,10,26,22,30,0,0,15,9400,20,0.30000000000000004,0
2002,10,26,23,30,0,0,15,9400,19,0.30000000000000004,0
2002,10,27,0,30,0,0,15,9390,19,0.30000000000000004,0
2002,10,27,1,30,0,0,14,9390,18,0.30000000000000004,0
2002,10,27,2,30,0,0,14,9380,18,0.30000000000000004,0
2002,10,27,3,30,0,0,14,9380,18,0.30000000000000004,0
2002,10,27,4,30,0,0,14,9380,17,0.30000000000000004,0
2002,10,27,5,30,0,0,14,9390,17,0.30000000000000004,0
2002,10,27,6,30,0,0,14,9390,17,0.30000000000000004,0
2002,10,27,7,30,86,253,15,9400,19,0.30000000000000004,141
2002,10,27,8,30,135,534,16,9400,22,0.2,366
2002,10,27,9,30,184,619,17,9400,26,0.2,566
2002,10,27,10,30,186,727,17,9390,27,0.2,734
2002,10,27,11,30,194,763,17,9380,29,0.2,831
2002,10,27,12,30,217,776,17,9370,29,0.2,880
2002,10,27,13,30,211,757,17,9370,29,0.2,825
2002,10,27,14,30,197,708,17,9360,29,0.2,697
2002,10,27,15,30,162,610,16,9360,28,0.2,498
2002,10,27,16,30,139,403,18,9360,27,0.2,281
2002,10,27,17,30,50,40,16,9360,24,0.2,55
2002,10,27,18,30,0,0,15,9370,23,0.2,0
2002,10,27,19,30,0,0,15,9370,22,0.30000000000000004,0
2002,10,27,20,30,0,0,14,9380,21,0.30000000000000004,0
2002,10,27,21,30,0,0,14,9380,20,0.30000000000000004,0
2002,10,27,22,30,0,0,14,9380,19,0.30000000000000004,0
2002,10,27,23,30,0,0,14,9370,19,0.30000000000000004,0
2002,10,28,0,30,0,0,13,9370,18,0.30000000000000004,0
2002,10,28,1,30,0,0,13,9370,18,0.30000000000000004,0
2002,10,28,2,30,0,0,13,9360,17,0.30000000000000004,0
2002,10,28,3,30,0,0,13,9360,17,0.30000000000000004,0
2002,10,28,4,30,0,0,13,9370,16,0.30000000000000004,0
2002,10,28,5,30,0,0,12,9370,16,0.30000000000000004,0
2002,10,28,6,30,0,0,12,9380,16,0.30000000000000004,0
2002,10,28,7,30,92,207,14,9390,19,0.2,136
2002,10,28,8,30,142,517,15,9390,22,0.2,365
2002,10,28,9,30,167,656,16,9390,25,0.2,570
2002,10,28,10,30,194,709,15,9380,27,0.2,726
2002,10,28,11,30,196,759,14,9370,28,0.2,827
2002,10,28,12,30,191,779,14,9360,29,0.2,854
2002,10,28,13,30,187,762,14,9350,29,0.2,802
2002,10,28,14,30,176,712,14,9350,29,0.1,677
2002,10,28,15,30,161,609,14,9340,28,0.1,495
2002,10,28,16,30,138,401,14,9350,27,0.1,278
2002,10,28,17,30,45,21,13,9350,24,0.1,48
2002,10,28,18,30,0,0,13,9360,23,0.2,0
2002,10,28,19,30,0,0,13,9360,22,0.2,0
2002,10,28,20,30,0,0,13,9370,21,0.2,0
2002,10,28,21,30,0,0,13,9370,20,0.2,0
2002,10,28,22,30,0,0,12,9370,19,0.2,0
2002,10,28,23,30,0,0,13,9370,19,0.30000000000000004,0
2002,10,29,0,30,0,0,13,9360,18,0.30000000000000004,0
2002,10,29,1,30,0,0,13,9360,18,0.30000000000000004,0
2002,10,29,2,30,0,0,13,9360,17,0.2,0
2002,10,29,3,30,0,0,13,9360,17,0.2,0
2002,10,29,4,30,0,0,12,9370,17,0.2,0
2002,10,29,5,30,0,0,12,9380,17,0.2,0
2002,10,29,6,30,0,0,13,9380,17,0.2,0
2002,10,29,7,30,85,260,14,9390,20,0.2,140
2002,10,29,8,30,135,527,16,9390,22,0.2,361
2002,10,29,9,30,172,640,16,9390,26,0.1,563
2002,10,29,10,30,194,706,16,9390,28,0.1,722
2002,10,29,11,30,197,755,17,9380,29,0.1,823
2002,10,29,12,30,216,772,17,9370,30,0,871
2002,10,29,13,30,211,753,16,9360,30,0,816
2002,10,29,14,30,196,705,16,9350,29,0,690
2002,10,29,15,30,161,607,16,9350,28,0.1,492
2002,10,29,16,30,125,432,15,9350,27,0.1,275
2002,10,29,17,30,48,135,14,9360,25,0.1,64
2002,10,29,18,30,0,0,14,9360,23,0.1,0
2002,10,29,19,30,0,0,14,9370,22,0.1,0
2002,10,29,20,30,0,0,13,9380,22,0.2,0
2002,10,29,21,30,0,0,13,9380,21,0.2,0
2002,10,29,22,30,0,0,13,9380,20,0.2,0
2002,10,29,23,30,0,0,13,9380,19,0.2,0
2002,10,30,0,30,0,0,13,9370,19,0.30000000000000004,0
2002,10,30,1,30,0,0,13,9370,18,0.30000000000000004,0
2002,10,30,2,30,0,0,14,9370,18,0.30000000000000004,0
2002,10,30,3,30,0,0,14,9370,18,0.30000000000000004,0
2002,10,30,4,30,0,0,14,9370,17,0.30000000000000004,0
2002,10,30,5,30,0,0,14,9380,17,0.30000000000000004,0
2002,10,30,6,30,0,0,14,9390,17,0.30000000000000004,0
2002,10,30,7,30,86,240,15,9400,19,0.30000000000000004,136
2002,10,30,8,30,144,503,17,9400,22,0.2,358
2002,10,30,9,30,184,610,17,9400,26,0.30000000000000004,556
2002,10,30,10,30,224,668,17,9400,28,0.30000000000000004,722
2002,10,30,11,30,285,554,17,9390,29,0.2,743
2002,10,30,12,30,328,471,17,9380,29,0.2,726
2002,10,30,13,30,264,647,17,9370,30,0.1,782
2002,10,30,14,30,263,485,17,9360,29,0.1,602
2002,10,30,15,30,178,574,17,9360,28,0.1,489
2002,10,30,16,30,151,317,16,9360,27,0.1,260
2002,10,30,17,30,29,0,16,9370,24,0.1,29
2002,10,30,18,30,0,0,18,9380,24,0,0
2002,10,30,19,30,0,0,17,9390,23,0,0
2002,10,30,20,30,0,0,17,9390,22,0.1,0
2002,10,30,21,30,0,0,16,9400,22,0.1,0
2002,10,30,22,30,0,0,15,9400,21,0.1,0
2002,10,30,23,30,0,0,15,9390,21,0.1,0
2002,10,31,0,30,0,0,15,9390,20,0.1,0
2002,10,31,1,30,0,0,16,9390,20,0.1,0
2002,10,31,2,30,0,0,17,9380,19,0.1,0
2002,10,31,3,30,0,0,18,9380,19,0.1,0
2002,10,31,4,30,0,0,18,9380,19,0.2,0
2002,10,31,5,30,0,0,18,9390,19,0.2,0
2002,10,31,6,30,0,0,19,9400,19,0.2,0
2002,10,31,7,30,86,83,20,9400,21,0.2,104
2002,10,31,8,30,170,408,20,9410,24,0.2,343
2002,10,31,9,30,183,596,21,9410,26,0.2,544
2002,10,31,10,30,196,699,20,9410,28,0.2,715
2002,10,31,11,30,217,713,20,9400,28,0.2,804
2002,10,31,12,30,214,755,20,9390,29,0.2,849
2002,10,31,13,30,208,737,19,9380,29,0.2,796
2002,10,31,14,30,194,688,19,9380,29,0.1,672
2002,10,31,15,30,168,596,19,9370,28,0.1,490
2002,10,31,16,30,130,407,18,9380,27,0,269
2002,10,31,17,30,47,56,19,9380,24,0,54
2002,10,31,18,30,0,0,19,9390,24,0,0
2002,10,31,19,30,0,0,20,9400,24,0,0
2002,10,31,20,30,0,0,18,9400,23,0.1,0
2002,10,31,21,30,0,0,17,9400,22,0.1,0
2002,10,31,22,30,0,0,16,9400,22,0.1,0
2002,10,31,23,30,0,0,16,9400,21,0.1,0
2013,11,1,0,30,0,0,16,9390,20,0.1,0
2013,11,1,1,30,0,0,16,9390,20,0.1,0
2013,11,1,2,30,0,0,15,9390,19,0.1,0
2013,11,1,3,30,0,0,15,9390,19,0.1,0
2013,11,1,4,30,0,0,15,9390,19,0.2,0
2013,11,1,5,30,0,0,14,9400,18,0.2,0
2013,11,1,6,30,0,0,14,9400,18,0.30000000000000004,0
2013,11,1,7,30,95,146,16,9410,20,0.2,125
2013,11,1,8,30,163,456,17,9410,22,0.2,355
2013,11,1,9,30,203,597,17,9410,26,0.2,563
2013,11,1,10,30,227,675,17,9410,28,0.2,725
2013,11,1,11,30,239,711,17,9400,29,0.2,821
2013,11,1,12,30,242,718,18,9390,29,0.1,843
2013,11,1,13,30,235,697,18,9380,29,0.1,788
2013,11,1,14,30,217,644,18,9370,29,0.1,663
2013,11,1,15,30,187,548,17,9370,28,0,480
2013,11,1,16,30,135,380,18,9380,27,0.1,263
2013,11,1,17,30,40,8,17,9380,25,0.1,41
2013,11,1,18,30,0,0,16,9390,24,0.1,0
2013,11,1,19,30,0,0,16,9400,23,0.2,0
2013,11,1,20,30,0,0,15,9400,22,0.2,0
2013,11,1,21,30,0,0,15,9400,21,0.2,0
2013,11,1,22,30,0,0,15,9390,21,0.2,0
2013,11,1,23,30,0,0,14,9390,20,0.2,0
2013,11,2,0,30,0,0,14,9390,20,0.2,0
2013,11,2,1,30,0,0,14,9380,19,0.2,0
2013,11,2,2,30,0,0,14,9380,19,0.2,0
2013,11,2,3,30,0,0,14,9380,19,0.2,0
2013,11,2,4,30,0,0,14,9380,19,0.30000000000000004,0
2013,11,2,5,30,0,0,15,9390,19,0.30000000000000004,0
2013,11,2,6,30,0,0,15,9390,19,0.30000000000000004,0
2013,11,2,7,30,93,95,16,9400,20,0.2,113
2013,11,2,8,30,155,437,18,9410,22,0.2,338
2013,11,2,9,30,197,568,20,9410,25,0.2,537
2013,11,2,10,30,221,641,22,9400,27,0.2,693
2013,11,2,11,30,233,678,22,9390,28,0.2,786
2013,11,2,12,30,307,579,22,9380,28,0.1,790
2013,11,2,13,30,229,666,22,9370,28,0.1,756
2013,11,2,14,30,212,614,22,9370,27,0.1,635
2013,11,2,15,30,182,520,22,9370,27,0.1,459
2013,11,2,16,30,130,355,22,9380,26,0.1,249
2013,11,2,17,30,39,5,21,9380,25,0.1,40
2013,11,2,18,30,0,0,21,9390,24,0.1,0
2013,11,2,19,30,0,0,21,9390,24,0.1,0
2013,11,2,20,30,0,0,21,9400,24,0.2,0
2013,11,2,21,30,0,0,21,9400,23,0.2,0
2013,11,2,22,30,0,0,21,9390,23,0.2,0
2013,11,2,23,30,0,0,21,9390,22,0.2,0
2013,11,3,0,30,0,0,21,9390,22,0.2,0
2013,11,3,1,30,0,0,21,9380,22,0.2,0
2013,11,3,2,30,0,0,21,9380,22,0.2,0
2013,11,3,3,30,0,0,21,9380,21,0.2,0
2013,11,3,4,30,0,0,21,9380,22,0.2,0
2013,11,3,5,30,0,0,21,9390,22,0.2,0
2013,11,3,6,30,0,0,21,9400,22,0.2,0
2013,11,3,7,30,82,208,21,9400,22,0.1,124
2013,11,3,8,30,155,440,22,9410,24,0.1,338
2013,11,3,9,30,197,574,22,9420,26,0.1,541
2013,11,3,10,30,222,650,22,9410,28,0.1,699
2013,11,3,11,30,235,688,22,9400,28,0,794
2013,11,3,12,30,238,697,22,9390,28,0,817
2013,11,3,13,30,259,642,21,9380,28,0,765
2013,11,3,14,30,214,627,21,9380,28,0,644
2013,11,3,15,30,184,532,21,9380,27,0,465
2013,11,3,16,30,131,364,21,9380,27,0,253
2013,11,3,17,30,37,3,21,9380,26,0.1,38
2013,11,3,18,30,0,0,21,9390,25,0.1,0
2013,11,3,19,30,0,0,21,9400,25,0.1,0
2013,11,3,20,30,0,0,21,9400,25,0.1,0
2013,11,3,21,30,0,0,21,9410,24,0.1,0
2013,11,3,22,30,0,0,21,9410,24,0.1,0
2013,11,3,23,30,0,0,21,9400,23,0.1,0
2013,11,4,0,30,0,0,20,9400,23,0.1,0
2013,11,4,1,30,0,0,20,9400,23,0.1,0
2013,11,4,2,30,0,0,20,9400,22,0.2,0
2013,11,4,3,30,0,0,20,9390,22,0.2,0
2013,11,4,4,30,0,0,20,9400,22,0.2,0
2013,11,4,5,30,0,0,20,9400,21,0.2,0
2013,11,4,6,30,0,0,20,9410,21,0.2,0
2013,11,4,7,30,92,134,21,9420,23,0.2,119
2013,11,4,8,30,155,439,22,9420,24,0.2,336
2013,11,4,9,30,197,573,22,9430,26,0.2,538
2013,11,4,10,30,222,648,22,9430,28,0.2,695
2013,11,4,11,30,235,686,21,9420,28,0.2,790
2013,11,4,12,30,414,209,21,9410,28,0.2,588
2013,11,4,13,30,386,227,20,9400,28,0.2,565
2013,11,4,14,30,214,624,20,9390,28,0.1,639
2013,11,4,15,30,183,529,20,9390,27,0.1,462
2013,11,4,16,30,131,361,21,9400,27,0.1,250
2013,11,4,17,30,9,0,19,9400,26,0.1,9
2013,11,4,18,30,0,0,20,9410,25,0.1,0
2013,11,4,19,30,0,0,20,9410,25,0,0
2013,11,4,20,30,0,0,20,9420,25,0.1,0
2013,11,4,21,30,0,0,19,9420,24,0.1,0
2013,11,4,22,30,0,0,19,9420,23,0.1,0
2013,11,4,23,30,0,0,19,9420,23,0.2,0
2013,11,5,0,30,0,0,19,9420,22,0.2,0
2013,11,5,1,30,0,0,19,9410,21,0.2,0
2013,11,5,2,30,0,0,19,9400,21,0.2,0
2013,11,5,3,30,0,0,19,9400,21,0.2,0
2013,11,5,4,30,0,0,19,9400,20,0.2,0
2013,11,5,5,30,0,0,19,9410,20,0.2,0
2013,11,5,6,30,0,0,19,9420,20,0.2,0
2013,11,5,7,30,91,131,20,9420,22,0.2,117
2013,11,5,8,30,154,434,20,9420,24,0.2,332
2013,11,5,9,30,196,568,20,9430,26,0.2,533
2013,11,5,10,30,221,644,20,9420,28,0.2,689
2013,11,5,11,30,234,681,20,9410,29,0.2,783
2013,11,5,12,30,236,689,20,9400,29,0.1,805
2013,11,5,13,30,230,669,20,9390,29,0.1,753
2013,11,5,14,30,212,618,19,9380,29,0.1,632
2013,11,5,15,30,182,522,19,9390,28,0.1,456
2013,11,5,16,30,151,160,20,9390,27,0,204
2013,11,5,17,30,31,0,22,9390,25,0,31
2013,11,5,18,30,0,0,21,9400,25,0,0
2013,11,5,19,30,0,0,22,9410,25,0,0
2013,11,5,20,30,0,0,21,9410,24,0,0
2013,11,5,21,30,0,0,20,9410,24,0.1,0
2013,11,5,22,30,0,0,18,9410,23,0.1,0
2013,11,5,23,30,0,0,18,9410,23,0.1,0
2013,11,6,0,30,0,0,18,9400,22,0.1,0
2013,11,6,1,30,0,0,17,9400,21,0.1,0
2013,11,6,2,30,0,0,17,9390,21,0.2,0
2013,11,6,3,30,0,0,17,9390,20,0.2,0
2013,11,6,4,30,0,0,17,9390,20,0.2,0
2013,11,6,5,30,0,0,17,9400,20,0.2,0
2013,11,6,6,30,0,0,17,9400,20,0.2,0
2013,11,6,7,30,79,200,19,9410,21,0.2,118
2013,11,6,8,30,153,433,20,9420,24,0.2,330
2013,11,6,9,30,196,566,20,9420,26,0.2,529
2013,11,6,10,30,274,546,20,9410,27,0.2,670
2013,11,6,11,30,233,678,20,9400,28,0.2,778
2013,11,6,12,30,236,686,20,9390,28,0.2,800
2013,11,6,13,30,289,575,20,9380,28,0.1,737
2013,11,6,14,30,212,614,20,9380,28,0.1,627
2013,11,6,15,30,181,518,19,9370,27,0.1,451
2013,11,6,16,30,128,350,19,9380,26,0.1,243
2013,11,6,17,30,33,0,19,9380,25,0.1,33
2013,11,6,18,30,0,0,20,9390,25,0.1,0
2013,11,6,19,30,0,0,19,9390,24,0.1,0
2013,11,6,20,30,0,0,20,9390,24,0.1,0
2013,11,6,21,30,0,0,20,9390,23,0.1,0
2013,11,6,22,30,0,0,20,9390,23,0,0
2013,11,6,23,30,0,0,19,9390,22,0.1,0
2013,11,7,0,30,0,0,19,9380,22,0.1,0
2013,11,7,1,30,0,0,19,9380,22,0.1,0
2013,11,7,2,30,0,0,19,9370,22,0.1,0
2013,11,7,3,30,0,0,19,9370,21,0.1,0
2013,11,7,4,30,0,0,19,9370,21,0.1,0
2013,11,7,5,30,0,0,19,9380,21,0.1,0
2013,11,7,6,30,0,0,19,9390,21,0.2,0
2013,11,7,7,30,76,29,20,9400,22,0.2,82
2013,11,7,8,30,153,431,21,9400,23,0.2,328
2013,11,7,9,30,195,566,21,9400,25,0.2,527
2013,11,7,10,30,220,642,21,9400,26,0.2,683
2013,11,7,11,30,233,680,22,9390,27,0.1,777
2013,11,7,12,30,236,688,21,9370,28,0.1,799
2013,11,7,13,30,229,668,21,9360,28,0.1,747
2013,11,7,14,30,331,132,20,9360,27,0.1,420
2013,11,7,15,30,260,298,20,9360,26,0.2,415
2013,11,7,16,30,130,34,21,9360,25,0.2,142
2013,11,7,17,30,28,0,20,9370,24,0.2,28
2013,11,7,18,30,0,0,20,9380,23,0.2,0
2013,11,7,19,30,0,0,20,9390,22,0.2,0
2013,11,7,20,30,0,0,19,9400,21,0.2,0
2013,11,7,21,30,0,0,19,9400,21,0.2,0
2013,11,7,22,30,0,0,19,9390,20,0.1,0
2013,11,7,23,30,0,0,19,9390,20,0.1,0
2013,11,8,0,30,0,0,18,9380,19,0.1,0
2013,11,8,1,30,0,0,18,9380,19,0.1,0
2013,11,8,2,30,0,0,17,9370,19,0,0
2013,11,8,3,30,0,0,18,9370,19,0,0
2013,11,8,4,30,0,0,18,9380,19,0,0
2013,11,8,5,30,0,0,18,9380,19,0,0
2013,11,8,6,30,0,0,18,9390,19,0.1,0
2013,11,8,7,30,87,118,18,9390,20,0.1,110
2013,11,8,8,30,163,422,19,9390,21,0.1,333
2013,11,8,9,30,198,581,20,9390,23,0.1,537
2013,11,8,10,30,223,657,21,9390,26,0.1,695
2013,11,8,11,30,235,695,20,9380,28,0.1,790
2013,11,8,12,30,238,703,20,9360,29,0.1,813
2013,11,8,13,30,316,481,20,9360,29,0.1,688
2013,11,8,14,30,337,257,19,9350,29,0.1,510
2013,11,8,15,30,230,408,19,9350,28,0.1,442
2013,11,8,16,30,145,112,19,9350,27,0.1,182
2013,11,8,17,30,20,0,19,9350,25,0.1,20
2013,11,8,18,30,0,0,19,9360,24,0.1,0
2013,11,8,19,30,0,0,19,9370,23,0.2,0
2013,11,8,20,30,0,0,19,9380,22,0.2,0
2013,11,8,21,30,0,0,19,9380,22,0.1,0
2013,11,8,22,30,0,0,18,9380,21,0.1,0
2013,11,8,23,30,0,0,18,9370,21,0.1,0
2013,11,9,0,30,0,0,18,9370,20,0.1,0
2013,11,9,1,30,0,0,17,9370,20,0,0
2013,11,9,2,30,0,0,17,9360,19,0,0
2013,11,9,3,30,0,0,16,9360,19,0,0
2013,11,9,4,30,0,0,17,9360,19,0,0
2013,11,9,5,30,0,0,16,9370,19,0,0
2013,11,9,6,30,0,0,17,9380,19,0,0
2013,11,9,7,30,87,131,19,9390,21,0,112
2013,11,9,8,30,153,436,19,9390,24,0,328
2013,11,9,9,30,196,573,20,9390,26,0,529
2013,11,9,10,30,221,650,20,9390,27,0.1,687
2013,11,9,11,30,234,689,20,9380,28,0.1,782
2013,11,9,12,30,298,595,20,9370,28,0.1,782
2013,11,9,13,30,272,597,20,9360,28,0.1,732
2013,11,9,14,30,213,625,19,9350,28,0.1,631
2013,11,9,15,30,182,527,19,9350,27,0.1,454
2013,11,9,16,30,128,356,19,9350,26,0.1,243
2013,11,9,17,30,33,1,20,9360,25,0.1,34
2013,11,9,18,30,0,0,20,9370,24,0.1,0
2013,11,9,19,30,0,0,19,9370,24,0.1,0
2013,11,9,20,30,0,0,19,9380,23,0.1,0
2013,11,9,21,30,0,0,19,9380,22,0.1,0
2013,11,9,22,30,0,0,18,9390,22,0.1,0
2013,11,9,23,30,0,0,18,9380,21,0.1,0
2013,11,10,0,30,0,0,18,9380,21,0.1,0
2013,11,10,1,30,0,0,18,9370,20,0.1,0
2013,11,10,2,30,0,0,18,9370,20,0.2,0
2013,11,10,3,30,0,0,18,9370,19,0.2,0
2013,11,10,4,30,0,0,18,9370,19,0.2,0
2013,11,10,5,30,0,0,18,9380,19,0.2,0
2013,11,10,6,30,0,0,18,9390,19,0.2,0
2013,11,10,7,30,85,109,19,9400,20,0.2,106
2013,11,10,8,30,151,428,20,9400,22,0.2,322
2013,11,10,9,30,195,565,21,9400,24,0.2,522
2013,11,10,10,30,220,643,21,9400,26,0.2,678
2013,11,10,11,30,233,682,21,9390,27,0.1,773
2013,11,10,12,30,236,689,21,9380,27,0.1,795
2013,11,10,13,30,229,668,20,9370,28,0.1,742
2013,11,10,14,30,211,615,20,9370,27,0,621
2013,11,10,15,30,180,517,20,9370,27,0,446
2013,11,10,16,30,127,346,20,9370,26,0,237
2013,11,10,17,30,28,0,19,9380,24,0.1,28
2013,11,10,18,30,0,0,19,9380,24,0.1,0
2013,11,10,19,30,0,0,19,9390,23,0.1,0
2013,11,10,20,30,0,0,19,9390,23,0.2,0
2013,11,10,21,30,0,0,19,9390,22,0.2,0
2013,11,10,22,30,0,0,19,9390,22,0.2,0
2013,11,10,23,30,0,0,19,9390,21,0.2,0
2013,11,11,0,30,0,0,19,9380,21,0.2,0
2013,11,11,1,30,0,0,19,9380,21,0.2,0
2013,11,11,2,30,0,0,19,9380,20,0.2,0
2013,11,11,3,30,0,0,19,9380,20,0.2,0
2013,11,11,4,30,0,0,19,9380,20,0.2,0
2013,11,11,5,30,0,0,18,9390,19,0.2,0
2013,11,11,6,30,0,0,18,9390,19,0.2,0
2013,11,11,7,30,85,122,19,9400,20,0.2,108
2013,11,11,8,30,151,425,20,9400,22,0.30000000000000004,319
2013,11,11,9,30,194,563,20,9400,24,0.30000000000000004,518
2013,11,11,10,30,219,641,19,9390,25,0.30000000000000004,674
2013,11,11,11,30,232,679,19,9380,26,0.2,768
2013,11,11,12,30,235,688,19,9370,27,0.2,791
2013,11,11,13,30,229,668,18,9360,27,0.2,740
2013,11,11,14,30,211,616,18,9350,27,0.2,621
2013,11,11,15,30,180,519,18,9350,26,0.1,446
2013,11,11,16,30,154,259,18,9350,25,0.1,237
2013,11,11,17,30,27,0,18,9360,24,0.1,27
2013,11,11,18,30,0,0,18,9360,24,0.1,0
2013,11,11,19,30,0,0,18,9370,23,0.1,0
2013,11,11,20,30,0,0,18,9370,23,0.1,0
2013,11,11,21,30,0,0,18,9380,22,0.1,0
2013,11,11,22,30,0,0,18,9380,22,0.1,0
2013,11,11,23,30,0,0,18,9380,21,0.2,0
2013,11,12,0,30,0,0,18,9370,21,0.2,0
2013,11,12,1,30,0,0,18,9370,20,0.2,0
2013,11,12,2,30,0,0,18,9370,20,0.2,0
2013,11,12,3,30,0,0,18,9370,20,0.2,0
2013,11,12,4,30,0,0,18,9370,20,0.2,0
2013,11,12,5,30,0,0,18,9370,20,0.2,0
2013,11,12,6,30,0,0,18,9380,19,0.2,0
2013,11,12,7,30,83,118,19,9390,21,0.2,105
2013,11,12,8,30,151,430,19,9390,23,0.2,320
2013,11,12,9,30,195,569,20,9390,25,0.2,521
2013,11,12,10,30,220,647,20,9390,26,0.1,678
2013,11,12,11,30,233,686,19,9380,27,0.1,772
2013,11,12,12,30,236,694,19,9370,28,0.1,795
2013,11,12,13,30,229,673,19,9360,28,0.1,743
2013,11,12,14,30,212,620,19,9350,28,0.1,622
2013,11,12,15,30,180,521,18,9350,27,0,446
2013,11,12,16,30,127,349,19,9350,25,0,237
2013,11,12,17,30,26,0,19,9360,25,0,26
2013,11,12,18,30,0,0,19,9360,24,0,0
2013,11,12,19,30,0,0,19,9370,23,0,0
2013,11,12,20,30,0,0,20,9370,23,0,0
2013,11,12,21,30,0,0,21,9380,22,0,0
2013,11,12,22,30,0,0,20,9380,22,0,0
2013,11,12,23,30,0,0,21,9380,22,0,0
2013,11,13,0,30,0,0,19,9370,21,0,0
2013,11,13,1,30,0,0,18,9370,21,0,0
2013,11,13,2,30,0,0,18,9360,20,0.1,0
2013,11,13,3,30,0,0,18,9370,20,0.1,0
2013,11,13,4,30,0,0,18,9370,20,0.1,0
2013,11,13,5,30,0,0,18,9370,19,0.1,0
2013,11,13,6,30,0,0,18,9380,19,0.1,0
2013,11,13,7,30,73,183,18,9380,20,0.1,106
2013,11,13,8,30,150,423,19,9390,22,0.1,315
2013,11,13,9,30,194,563,20,9390,24,0.1,514
2013,11,13,10,30,219,640,20,9390,26,0.1,669
2013,11,13,11,30,232,678,20,9380,27,0.1,763
2013,11,13,12,30,235,686,20,9370,27,0.1,786
2013,11,13,13,30,228,666,20,9360,27,0.1,735
2013,11,13,14,30,210,613,20,9360,27,0.1,615
2013,11,13,15,30,179,514,20,9350,27,0,440
2013,11,13,16,30,125,343,20,9360,26,0,233
2013,11,13,17,30,29,0,20,9360,25,0,29
2013,11,13,18,30,0,0,21,9360,24,0,0
2013,11,13,19,30,0,0,21,9370,23,0,0
2013,11,13,20,30,0,0,20,9380,22,0,0
2013,11,13,21,30,0,0,20,9380,22,0,0
2013,11,13,22,30,0,0,20,9380,22,0.1,0
2013,11,13,23,30,0,0,20,9380,21,0.1,0
2013,11,14,0,30,0,0,19,9380,21,0.1,0
2013,11,14,1,30,0,0,19,9380,21,0.1,0
2013,11,14,2,30,0,0,19,9370,20,0.1,0
2013,11,14,3,30,0,0,18,9370,20,0.2,0
2013,11,14,4,30,0,0,18,9370,19,0.2,0
2013,11,14,5,30,0,0,18,9380,19,0.2,0
2013,11,14,6,30,0,0,18,9380,19,0.2,0
2013,11,14,7,30,81,109,18,9390,20,0.2,101
2013,11,14,8,30,149,422,19,9390,21,0.2,313
2013,11,14,9,30,193,561,20,9400,23,0.2,512
2013,11,14,10,30,219,640,20,9400,25,0.2,667
2013,11,14,11,30,232,679,20,9390,27,0.2,761
2013,11,14,12,30,235,687,20,9380,27,0.1,784
2013,11,14,13,30,228,667,19,9370,27,0.1,733
2013,11,14,14,30,210,614,19,9360,27,0.1,614
2013,11,14,15,30,179,516,19,9360,26,0.1,440
2013,11,14,16,30,126,344,19,9360,26,0,233
2013,11,14,17,30,25,0,18,9370,25,0.1,25
2013,11,14,18,30,0,0,18,9370,24,0.1,0
2013,11,14,19,30,0,0,18,9380,24,0.1,0
2013,11,14,20,30,0,0,17,9380,23,0.1,0
2013,11,14,21,30,0,0,17,9390,22,0.2,0
2013,11,14,22,30,0,0,17,9380,21,0.2,0
2013,11,14,23,30,0,0,16,9380,20,0.30000000000000004,0
2013,11,15,0,30,0,0,16,9380,19,0.30000000000000004,0
2013,11,15,1,30,0,0,16,9380,18,0.30000000000000004,0
2013,11,15,2,30,0,0,16,9380,17,0.30000000000000004,0
2013,11,15,3,30,0,0,16,9380,17,0.30000000000000004,0
2013,11,15,4,30,0,0,15,9380,17,0.30000000000000004,0
2013,11,15,5,30,0,0,15,9390,17,0.30000000000000004,0
2013,11,15,6,30,0,0,15,9400,16,0.30000000000000004,0
2013,11,15,7,30,80,105,16,9400,18,0.2,99
2013,11,15,8,30,157,410,17,9400,21,0.2,315
2013,11,15,9,30,199,566,17,9400,24,0.30000000000000004,519
2013,11,15,10,30,221,657,17,9400,25,0.30000000000000004,680
2013,11,15,11,30,235,696,17,9390,26,0.30000000000000004,776
2013,11,15,12,30,238,705,17,9380,27,0.2,800
2013,11,15,13,30,231,685,17,9380,27,0.2,748
2013,11,15,14,30,213,632,16,9370,27,0.2,627
2013,11,15,15,30,182,533,16,9370,26,0.2,450
2013,11,15,16,30,151,269,17,9370,25,0.2,235
2013,11,15,17,30,28,0,16,9370,23,0.2,28
2013,11,15,18,30,0,0,15,9380,22,0.2,0
2013,11,15,19,30,0,0,15,9390,21,0.2,0
2013,11,15,20,30,0,0,15,9390,20,0.2,0
2013,11,15,21,30,0,0,15,9390,20,0.2,0
2013,11,15,22,30,0,0,15,9400,19,0.30000000000000004,0
2013,11,15,23,30,0,0,16,9400,19,0.30000000000000004,0
2013,11,16,0,30,0,0,16,9400,19,0.30000000000000004,0
2013,11,16,1,30,0,0,16,9400,18,0.30000000000000004,0
2013,11,16,2,30,0,0,16,9390,17,0.30000000000000004,0
2013,11,16,3,30,0,0,16,9390,17,0.2,0
2013,11,16,4,30,0,0,16,9390,16,0.2,0
2013,11,16,5,30,0,0,15,9400,16,0.2,0
2013,11,16,6,30,0,0,15,9410,16,0.30000000000000004,0
2013,11,16,7,30,77,108,16,9410,18,0.2,96
2013,11,16,8,30,168,386,17,9420,21,0.2,316
2013,11,16,9,30,195,574,16,9420,24,0.30000000000000004,518
2013,11,16,10,30,222,660,16,9410,25,0.2,681
2013,11,16,11,30,235,699,16,9410,26,0.2,777
2013,11,16,12,30,238,708,16,9400,27,0.2,801
2013,11,16,13,30,231,688,16,9390,27,0.2,749
2013,11,16,14,30,214,634,16,9380,27,0.1,628
2013,11,16,15,30,181,532,16,9380,26,0.1,449
2013,11,16,16,30,151,266,16,9380,25,0.1,234
2013,11,16,17,30,23,0,15,9380,23,0.1,23
2013,11,16,18,30,0,0,15,9390,21,0.2,0
2013,11,16,19,30,0,0,14,9390,21,0.2,0
2013,11,16,20,30,0,0,14,9400,20,0.2,0
2013,11,16,21,30,0,0,14,9400,19,0.2,0
2013,11,16,22,30,0,0,14,9400,19,0.2,0
2013,11,16,23,30,0,0,14,9400,18,0.2,0
2013,11,17,0,30,0,0,14,9400,17,0.2,0
2013,11,17,1,30,0,0,14,9400,17,0.2,0
2013,11,17,2,30,0,0,13,9400,16,0.2,0
2013,11,17,3,30,0,0,13,9390,16,0.2,0
2013,11,17,4,30,0,0,13,9400,16,0.2,0
2013,11,17,5,30,0,0,13,9400,15,0.2,0
2013,11,17,6,30,0,0,13,9410,15,0.30000000000000004,0
2013,11,17,7,30,76,103,14,9410,17,0.2,94
2013,11,17,8,30,167,383,15,9410,20,0.2,313
2013,11,17,9,30,195,573,15,9420,24,0.2,515
2013,11,17,10,30,222,663,15,9410,26,0.2,681
2013,11,17,11,30,235,701,15,9400,27,0.2,777
2013,11,17,12,30,238,709,16,9390,27,0.1,799
2013,11,17,13,30,231,688,16,9380,27,0.1,748
2013,11,17,14,30,216,629,16,9380,27,0.1,626
2013,11,17,15,30,182,531,16,9370,26,0.1,448
2013,11,17,16,30,150,263,16,9380,25,0.1,232
2013,11,17,17,30,23,0,15,9380,23,0.1,23
2013,11,17,18,30,0,0,15,9390,22,0.1,0
2013,11,17,19,30,0,0,14,9400,21,0.2,0
2013,11,17,20,30,0,0,14,9400,20,0.2,0
2013,11,17,21,30,0,0,14,9400,20,0.30000000000000004,0
2013,11,17,22,30,0,0,15,9400,19,0.30000000000000004,0
2013,11,17,23,30,0,0,15,9400,19,0.30000000000000004,0
2013,11,18,0,30,0,0,15,9390,18,0.30000000000000004,0
2013,11,18,1,30,0,0,15,9390,17,0.30000000000000004,0
2013,11,18,2,30,0,0,15,9390,17,0.30000000000000004,0
2013,11,18,3,30,0,0,15,9390,17,0.30000000000000004,0
2013,11,18,4,30,0,0,15,9390,17,0.30000000000000004,0
2013,11,18,5,30,0,0,15,9400,16,0.30000000000000004,0
2013,11,18,6,30,0,0,15,9410,17,0.30000000000000004,0
2013,11,18,7,30,69,43,16,9420,18,0.30000000000000004,77
2013,11,18,8,30,146,410,16,9420,21,0.30000000000000004,301
2013,11,18,9,30,191,552,17,9420,24,0.30000000000000004,498
2013,11,18,10,30,217,632,17,9420,26,0.2,653
2013,11,18,11,30,230,671,18,9410,27,0.2,746
2013,11,18,12,30,233,679,18,9400,28,0.2,769
2013,11,18,13,30,226,659,19,9390,28,0.1,719
2013,11,18,14,30,209,606,19,9380,28,0.1,602
2013,11,18,15,30,177,507,19,9380,27,0,430
2013,11,18,16,30,123,334,19,9380,27,0,226
2013,11,18,17,30,30,0,19,9390,25,0.1,30
2013,11,18,18,30,0,0,19,9400,25,0.1,0
2013,11,18,19,30,0,0,19,9400,24,0.1,0
2013,11,18,20,30,0,0,19,9410,24,0.1,0
2013,11,18,21,30,0,0,19,9410,23,0.1,0
2013,11,18,22,30,0,0,19,9410,23,0.2,0
2013,11,18,23,30,0,0,19,9400,22,0.2,0
2013,11,19,0,30,0,0,19,9400,22,0.2,0
2013,11,19,1,30,0,0,19,9390,21,0.30000000000000004,0
2013,11,19,2,30,0,0,19,9390,21,0.30000000000000004,0
2013,11,19,3,30,0,0,18,9390,20,0.30000000000000004,0
2013,11,19,4,30,0,0,18,9390,19,0.30000000000000004,0
2013,11,19,5,30,0,0,18,9400,19,0.30000000000000004,0
2013,11,19,6,30,0,0,17,9400,19,0.30000000000000004,0
2013,11,19,7,30,75,110,18,9410,20,0.2,93
2013,11,19,8,30,146,409,19,9420,23,0.2,299
2013,11,19,9,30,191,553,19,9420,25,0.2,497
2013,11,19,10,30,217,635,19,9410,27,0.2,653
2013,11,19,11,30,231,675,19,9400,28,0.2,748
2013,11,19,12,30,234,685,20,9390,29,0.1,773
2013,11,19,13,30,227,667,20,9380,29,0.1,725
2013,11,19,14,30,210,615,20,9370,29,0.1,608
2013,11,19,15,30,179,518,19,9370,28,0.1,436
2013,11,19,16,30,125,345,19,9370,27,0,230
2013,11,19,17,30,25,0,18,9380,25,0.1,25
2013,11,19,18,30,0,0,18,9390,24,0.1,0
2013,11,19,19,30,0,0,19,9400,23,0.1,0
2013,11,19,20,30,0,0,17,9400,23,0.1,0
2013,11,19,21,30,0,0,17,9400,22,0.1,0
2013,11,19,22,30,0,0,16,9400,21,0.2,0
2013,11,19,23,30,0,0,16,9400,20,0.2,0
2013,11,20,0,30,0,0,16,9400,19,0.2,0
2013,11,20,1,30,0,0,16,9390,18,0.2,0
2013,11,20,2,30,0,0,16,9390,18,0.2,0
2013,11,20,3,30,0,0,15,9390,17,0.2,0
2013,11,20,4,30,0,0,15,9380,17,0.2,0
2013,11,20,5,30,0,0,14,9390,16,0.2,0
2013,11,20,6,30,0,0,14,9400,16,0.2,0
2013,11,20,7,30,74,105,15,9400,18,0.2,91
2013,11,20,8,30,152,411,16,9410,21,0.2,305
2013,11,20,9,30,193,568,17,9410,24,0.1,506
2013,11,20,10,30,221,657,17,9400,27,0.1,670
2013,11,20,11,30,234,698,18,9390,28,0,768
2013,11,20,12,30,237,707,17,9370,29,0,792
2013,11,20,13,30,231,687,17,9360,29,0.1,742
2013,11,20,14,30,215,627,17,9350,28,0.1,620
2013,11,20,15,30,195,500,17,9350,27,0.1,443
2013,11,20,16,30,149,253,18,9350,26,0.1,227
2013,11,20,17,30,25,0,17,9360,24,0.1,25
2013,11,20,18,30,0,0,16,9360,22,0.2,0
2013,11,20,19,30,0,0,16,9370,22,0.1,0
2013,11,20,20,30,0,0,15,9370,21,0.1,0
2013,11,20,21,30,0,0,14,9370,20,0.1,0
2013,11,20,22,30,0,0,13,9370,19,0.1,0
2013,11,20,23,30,0,0,13,9370,18,0.1,0
2013,11,21,0,30,0,0,12,9370,18,0.1,0
2013,11,21,1,30,0,0,12,9360,17,0.2,0
2013,11,21,2,30,0,0,12,9350,16,0.2,0
2013,11,21,3,30,0,0,11,9350,16,0.2,0
2013,11,21,4,30,0,0,11,9350,15,0.2,0
2013,11,21,5,30,0,0,11,9360,15,0.2,0
2013,11,21,6,30,0,0,11,9370,15,0.2,0
2013,11,21,7,30,72,100,12,9370,17,0.2,88
2013,11,21,8,30,151,408,13,9380,20,0.2,302
2013,11,21,9,30,193,566,15,9380,23,0.2,503
2013,11,21,10,30,221,661,15,9380,26,0.1,672
2013,11,21,11,30,234,701,15,9370,28,0.1,768
2013,11,21,12,30,237,708,16,9360,28,0.1,792
2013,11,21,13,30,230,687,16,9350,28,0.1,741
2013,11,21,14,30,213,633,16,9340,28,0.1,620
2013,11,21,15,30,181,527,16,9340,27,0,442
2013,11,21,16,30,148,274,16,9340,26,0.1,232
2013,11,21,17,30,24,0,15,9350,24,0.1,24
2013,11,21,18,30,0,0,16,9360,22,0.1,0
2013,11,21,19,30,0,0,16,9370,22,0.1,0
2013,11,21,20,30,0,0,16,9370,21,0.1,0
2013,11,21,21,30,0,0,15,9370,20,0,0
2013,11,21,22,30,0,0,15,9370,20,0,0
2013,11,21,23,30,0,0,13,9370,19,0.1,0
2013,11,22,0,30,0,0,13,9370,18,0.1,0
2013,11,22,1,30,0,0,12,9360,18,0.1,0
2013,11,22,2,30,0,0,12,9360,17,0.1,0
2013,11,22,3,30,0,0,12,9360,17,0.2,0
2013,11,22,4,30,0,0,11,9360,17,0.2,0
2013,11,22,5,30,0,0,11,9370,16,0.2,0
2013,11,22,6,30,0,0,12,9370,16,0.30000000000000004,0
2013,11,22,7,30,71,94,13,9380,18,0.2,86
2013,11,22,8,30,164,371,15,9390,20,0.2,300
2013,11,22,9,30,192,564,17,9390,24,0.2,500
2013,11,22,10,30,219,651,17,9390,26,0.2,661
2013,11,22,11,30,233,691,17,9380,28,0.2,758
2013,11,22,12,30,236,700,17,9370,29,0.1,782
2013,11,22,13,30,229,680,17,9360,29,0.1,732
2013,11,22,14,30,212,626,17,9360,28,0.1,614
2013,11,22,15,30,180,526,17,9360,28,0,440
2013,11,22,16,30,149,248,18,9360,24,0,225
2013,11,22,17,30,24,0,18,9360,23,0,24
2013,11,22,18,30,0,0,17,9370,22,0.1,0
2013,11,22,19,30,0,0,15,9380,22,0.1,0
2013,11,22,20,30,0,0,15,9390,21,0.2,0
2013,11,22,21,30,0,0,15,9390,20,0.2,0
2013,11,22,22,30,0,0,15,9390,19,0.30000000000000004,0
2013,11,22,23,30,0,0,15,9380,19,0.30000000000000004,0
2013,11,23,0,30,0,0,16,9370,18,0.30000000000000004,0
2013,11,23,1,30,0,0,17,9370,18,0.30000000000000004,0
2013,11,23,2,30,0,0,17,9360,17,0.30000000000000004,0
2013,11,23,3,30,0,0,16,9360,17,0.30000000000000004,0
2013,11,23,4,30,0,0,16,9370,17,0.30000000000000004,0
2013,11,23,5,30,0,0,16,9370,16,0.30000000000000004,0
2013,11,23,6,30,0,0,16,9380,16,0.30000000000000004,0
2013,11,23,7,30,71,106,16,9390,18,0.30000000000000004,88
2013,11,23,8,30,150,403,17,9390,21,0.2,297
2013,11,23,9,30,191,563,16,9400,24,0.30000000000000004,497
2013,11,23,10,30,219,652,17,9390,26,0.2,660
2013,11,23,11,30,233,692,17,9390,27,0.2,756
2013,11,23,12,30,236,701,17,9380,28,0.1,781
2013,11,23,13,30,229,680,18,9370,28,0,732
2013,11,23,14,30,211,626,17,9370,28,0,613
2013,11,23,15,30,180,526,16,9370,27,0,439
2013,11,23,16,30,149,247,16,9370,26,0.1,224
2013,11,23,17,30,20,0,16,9370,23,0.1,20
2013,11,23,18,30,0,0,15,9380,22,0.2,0
2013,11,23,19,30,0,0,15,9390,21,0.2,0
2013,11,23,20,30,0,0,14,9390,21,0.1,0
2013,11,23,21,30,0,0,14,9400,20,0.1,0
2013,11,23,22,30,0,0,14,9400,19,0.1,0
2013,11,23,23,30,0,0,13,9390,19,0.1,0
2013,11,24,0,30,0,0,13,9390,18,0.2,0
2013,11,24,1,30,0,0,14,9380,18,0.2,0
2013,11,24,2,30,0,0,14,9380,18,0.2,0
2013,11,24,3,30,0,0,15,9370,17,0.2,0
2013,11,24,4,30,0,0,16,9380,17,0.2,0
2013,11,24,5,30,0,0,16,9390,17,0.2,0
2013,11,24,6,30,0,0,17,9390,17,0.2,0
2013,11,24,7,30,68,85,18,9400,19,0.2,81
2013,11,24,8,30,143,401,19,9400,21,0.2,287
2013,11,24,9,30,188,546,20,9410,25,0.2,483
2013,11,24,10,30,215,627,20,9400,27,0.2,637
2013,11,24,11,30,228,667,20,9390,28,0.1,732
2013,11,24,12,30,290,575,20,9380,28,0.1,736
2013,11,24,13,30,374,244,20,9370,28,0,554
2013,11,24,14,30,328,168,20,9370,28,0.1,436
2013,11,24,15,30,264,140,20,9370,27,0.1,333
2013,11,24,16,30,136,68,20,9370,26,0.1,157
2013,11,24,17,30,20,0,20,9380,25,0.1,20
2013,11,24,18,30,0,0,20,9380,24,0.1,0
2013,11,24,19,30,0,0,19,9390,23,0.1,0
2013,11,24,20,30,0,0,19,9390,23,0.1,0
2013,11,24,21,30,0,0,19,9390,22,0,0
2013,11,24,22,30,0,0,19,9390,22,0,0
2013,11,24,23,30,0,0,19,9390,21,0,0
2013,11,25,0,30,0,0,18,9380,21,0.1,0
2013,11,25,1,30,0,0,18,9380,20,0.1,0
2013,11,25,2,30,0,0,17,9380,20,0,0
2013,11,25,3,30,0,0,17,9380,20,0,0
2013,11,25,4,30,0,0,17,9380,19,0,0
2013,11,25,5,30,0,0,16,9380,19,0,0
2013,11,25,6,30,0,0,16,9390,19,0,0
2013,11,25,7,30,65,59,20,9400,21,0,74
2013,11,25,8,30,139,384,21,9400,22,0,277
2013,11,25,9,30,185,530,20,9400,26,0,470
2013,11,25,10,30,212,612,20,9390,27,0,623
2013,11,25,11,30,226,654,20,9380,28,0.1,717
2013,11,25,12,30,230,664,20,9370,28,0.1,743
2013,11,25,13,30,223,645,20,9360,27,0.1,697
2013,11,25,14,30,206,593,20,9360,27,0.2,584
2013,11,25,15,30,174,495,20,9360,26,0.2,417
2013,11,25,16,30,121,323,20,9370,24,0.2,218
2013,11,25,17,30,7,0,20,9370,23,0.2,7
2013,11,25,18,30,0,0,20,9380,23,0.2,0
2013,11,25,19,30,0,0,20,9390,22,0.2,0
2013,11,25,20,30,0,0,20,9390,22,0.2,0
2013,11,25,21,30,0,0,20,9400,21,0.2,0
2013,11,25,22,30,0,0,20,9390,21,0.2,0
2013,11,25,23,30,0,0,20,9380,21,0.1,0
2013,11,26,0,30,0,0,20,9380,21,0.1,0
2013,11,26,1,30,0,0,20,9370,21,0.1,0
2013,11,26,2,30,0,0,19,9370,21,0,0
2013,11,26,3,30,0,0,19,9360,20,0,0
2013,11,26,4,30,0,0,19,9360,20,0,0
2013,11,26,5,30,0,0,19,9370,20,0,0
2013,11,26,6,30,0,0,20,9370,21,0,0
2013,11,26,7,30,63,28,20,9380,21,0,68
2013,11,26,8,30,170,110,21,9380,23,0,210
2013,11,26,9,30,215,15,22,9390,25,0,224
2013,11,26,10,30,228,14,23,9380,27,0.1,238
2013,11,26,11,30,338,471,23,9370,27,0,691
2013,11,26,12,30,228,658,23,9360,27,0,736
2013,11,26,13,30,222,639,23,9350,26,0,691
2013,11,26,14,30,320,152,23,9360,26,0,417
2013,11,26,15,30,253,83,23,9360,26,0,294
2013,11,26,16,30,136,104,23,9360,25,0,168
2013,11,26,17,30,7,0,22,9370,24,0.1,7
2013,11,26,18,30,0,0,22,9370,23,0.1,0
2013,11,26,19,30,0,0,22,9380,23,0,0
2013,11,26,20,30,0,0,22,9380,22,0,0
2013,11,26,21,30,0,0,22,9390,23,0,0
2013,11,26,22,30,0,0,22,9380,22,0.1,0
2013,11,26,23,30,0,0,22,9380,22,0.1,0
2013,11,27,0,30,0,0,21,9380,22,0.1,0
2013,11,27,1,30,0,0,21,9380,22,0.1,0
2013,11,27,2,30,0,0,20,9370,21,0.1,0
2013,11,27,3,30,0,0,20,9370,21,0.1,0
2013,11,27,4,30,0,0,20,9370,21,0.1,0
2013,11,27,5,30,0,0,19,9370,20,0.1,0
2013,11,27,6,30,0,0,19,9380,20,0.1,0
2013,11,27,7,30,59,36,20,9390,21,0.1,65
2013,11,27,8,30,167,218,21,9400,22,0.1,245
2013,11,27,9,30,221,443,21,9400,24,0.1,457
2013,11,27,10,30,245,539,21,9400,25,0.1,604
2013,11,27,11,30,225,647,21,9390,26,0.1,708
2013,11,27,12,30,279,582,21,9380,27,0.1,727
2013,11,27,13,30,277,535,21,9370,27,0.1,668
2013,11,27,14,30,205,588,21,9370,26,0.1,579
2013,11,27,15,30,206,423,21,9370,26,0.1,413
2013,11,27,16,30,137,253,21,9370,25,0.1,214
2013,11,27,17,30,27,0,20,9380,24,0.1,27
2013,11,27,18,30,0,0,20,9380,24,0.1,0
2013,11,27,19,30,0,0,19,9390,24,0.1,0
2013,11,27,20,30,0,0,19,9390,23,0.1,0
2013,11,27,21,30,0,0,18,9400,23,0.2,0
2013,11,27,22,30,0,0,18,9400,22,0.2,0
2013,11,27,23,30,0,0,18,9400,21,0.2,0
2013,11,28,0,30,0,0,17,9390,21,0.2,0
2013,11,28,1,30,0,0,16,9390,20,0.2,0
2013,11,28,2,30,0,0,16,9390,19,0.2,0
2013,11,28,3,30,0,0,15,9380,18,0.2,0
2013,11,28,4,30,0,0,15,9390,17,0.30000000000000004,0
2013,11,28,5,30,0,0,14,9390,17,0.30000000000000004,0
2013,11,28,6,30,0,0,14,9400,16,0.30000000000000004,0
2013,11,28,7,30,64,82,14,9410,17,0.30000000000000004,76
2013,11,28,8,30,147,390,16,9410,19,0.30000000000000004,284
2013,11,28,9,30,190,554,16,9420,22,0.30000000000000004,483
2013,11,28,10,30,218,648,15,9410,24,0.30000000000000004,648
2013,11,28,11,30,232,691,14,9400,26,0.30000000000000004,747
2013,11,28,12,30,236,702,13,9390,27,0.30000000000000004,775
2013,11,28,13,30,229,683,13,9380,27,0.2,728
2013,11,28,14,30,212,631,13,9370,27,0.2,612
2013,11,28,15,30,179,523,13,9370,26,0.2,435
2013,11,28,16,30,147,264,14,9370,24,0.2,227
2013,11,28,17,30,24,0,13,9380,21,0.2,24
2013,11,28,18,30,0,0,12,9380,20,0.30000000000000004,0
2013,11,28,19,30,0,0,12,9390,19,0.30000000000000004,0
2013,11,28,20,30,0,0,12,9400,18,0.30000000000000004,0
2013,11,28,21,30,0,0,12,9400,17,0.30000000000000004,0
2013,11,28,22,30,0,0,12,9410,17,0.30000000000000004,0
2013,11,28,23,30,0,0,12,9400,16,0.30000000000000004,0
2013,11,29,0,30,0,0,12,9400,15,0.30000000000000004,0
2013,11,29,1,30,0,0,12,9400,15,0.30000000000000004,0
2013,11,29,2,30,0,0,12,9400,14,0.30000000000000004,0
2013,11,29,3,30,0,0,11,9390,14,0.30000000000000004,0
2013,11,29,4,30,0,0,11,9390,14,0.30000000000000004,0
2013,11,29,5,30,0,0,11,9400,14,0.30000000000000004,0
2013,11,29,6,30,0,0,11,9400,14,0.30000000000000004,0
2013,11,29,7,30,63,77,12,9410,15,0.30000000000000004,74
2013,11,29,8,30,157,354,13,9410,18,0.30000000000000004,281
2013,11,29,9,30,188,553,14,9410,22,0.30000000000000004,480
2013,11,29,10,30,217,645,14,9400,24,0.30000000000000004,643
2013,11,29,11,30,231,686,15,9390,26,0.30000000000000004,740
2013,11,29,12,30,234,694,15,9380,27,0.2,765
2013,11,29,13,30,227,673,16,9370,27,0.2,717
2013,11,29,14,30,282,403,16,9370,27,0.2,538
2013,11,29,15,30,236,358,16,9370,26,0.1,411
2013,11,29,16,30,111,9,17,9370,25,0.1,114
2013,11,29,17,30,8,0,16,9380,23,0.1,8
2013,11,29,18,30,0,0,15,9390,22,0.1,0
2013,11,29,19,30,0,0,15,9390,21,0.1,0
2013,11,29,20,30,0,0,15,9400,20,0.1,0
2013,11,29,21,30,0,0,14,9400,20,0.1,0
2013,11,29,22,30,0,0,15,9400,19,0.2,0
2013,11,29,23,30,0,0,15,9390,19,0.2,0
2013,11,30,0,30,0,0,15,9390,19,0.2,0
2013,11,30,1,30,0,0,16,9390,19,0.30000000000000004,0
2013,11,30,2,30,0,0,17,9380,18,0.30000000000000004,0
2013,11,30,3,30,0,0,17,9380,18,0.2,0
2013,11,30,4,30,0,0,17,9390,18,0.2,0
2013,11,30,5,30,0,0,17,9390,18,0.2,0
2013,11,30,6,30,0,0,18,9400,18,0.2,0
2013,11,30,7,30,52,14,18,9410,20,0.2,54
2013,11,30,8,30,174,104,19,9410,22,0.2,210
2013,11,30,9,30,279,95,20,9410,25,0.2,329
2013,11,30,10,30,327,116,20,9410,27,0.1,404
2013,11,30,11,30,274,14,20,9400,27,0.1,285
2013,11,30,12,30,356,40,20,9390,28,0.1,387
2013,11,30,13,30,220,8,21,9380,28,0.1,226
2013,11,30,14,30,237,10,21,9370,28,0,244
2013,11,30,15,30,185,7,20,9370,27,0,189
2013,11,30,16,30,131,35,22,9380,24,0,142
2013,11,30,17,30,28,0,20,9380,24,0,28
2013,11,30,18,30,0,0,20,9390,24,0,0
2013,11,30,19,30,0,0,20,9400,23,0,0
2013,11,30,20,30,0,0,20,9400,23,0,0
2013,11,30,21,30,0,0,20,9400,23,0,0
2013,11,30,22,30,0,0,20,9400,22,0,0
2013,11,30,23,30,0,0,20,9400,22,0.1,0
2013,12,1,0,30,0,0,20,9390,22,0.1,0
2013,12,1,1,30,0,0,20,9390,22,0.1,0
2013,12,1,2,30,0,0,20,9390,21,0.1,0
2013,12,1,3,30,0,0,20,9390,21,0.1,0
2013,12,1,4,30,0,0,20,9390,21,0.1,0
2013,12,1,5,30,0,0,20,9390,21,0.1,0
2013,12,1,6,30,0,0,20,9400,21,0.1,0
2013,12,1,7,30,52,153,20,9410,21,0.1,72
2013,12,1,8,30,123,424,21,9410,22,0.1,268
2013,12,1,9,30,163,575,21,9410,24,0.2,463
2013,12,1,10,30,186,659,22,9410,26,0.2,619
2013,12,1,11,30,198,701,21,9400,26,0.2,716
2013,12,1,12,30,201,712,21,9390,27,0.2,744
2013,12,1,13,30,196,694,21,9380,27,0.1,700
2013,12,1,14,30,249,501,20,9380,26,0.1,566
2013,12,1,15,30,156,550,20,9380,26,0.1,423
2013,12,1,16,30,136,124,20,9380,25,0,174
2013,12,1,17,30,24,0,20,9390,24,0,24
2013,12,1,18,30,0,0,21,9390,24,0,0
2013,12,1,19,30,0,0,22,9400,23,0,0
2013,12,1,20,30,0,0,22,9400,23,0,0
2013,12,1,21,30,0,0,22,9400,23,0,0
2013,12,1,22,30,0,0,22,9400,22,0,0
2013,12,1,23,30,0,0,20,9390,22,0,0
2013,12,2,0,30,0,0,19,9390,21,0.1,0
2013,12,2,1,30,0,0,19,9390,21,0.1,0
2013,12,2,2,30,0,0,19,9380,21,0.1,0
2013,12,2,3,30,0,0,19,9380,21,0.2,0
2013,12,2,4,30,0,0,19,9380,21,0.2,0
2013,12,2,5,30,0,0,19,9390,21,0.2,0
2013,12,2,6,30,0,0,19,9390,21,0.2,0
2013,12,2,7,30,54,37,20,9400,21,0.2,59
2013,12,2,8,30,96,0,21,9410,23,0.1,96
2013,12,2,9,30,253,112,21,9410,25,0.1,312
2013,12,2,10,30,282,454,22,9410,27,0.1,579
2013,12,2,11,30,363,344,21,9400,27,0.1,617
2013,12,2,12,30,202,716,21,9390,27,0.1,746
2013,12,2,13,30,206,24,20,9380,26,0.1,224
2013,12,2,14,30,111,0,20,9370,26,0.1,111
2013,12,2,15,30,83,0,20,9370,25,0.1,83
2013,12,2,16,30,45,0,21,9380,24,0.1,45
2013,12,2,17,30,8,0,20,9380,23,0.1,8
2013,12,2,18,30,0,0,20,9390,22,0.1,0
2013,12,2,19,30,0,0,20,9390,21,0.1,0
2013,12,2,20,30,0,0,19,9400,21,0.1,0
2013,12,2,21,30,0,0,19,9400,20,0.1,0
2013,12,2,22,30,0,0,19,9390,20,0,0
2013,12,2,23,30,0,0,18,9390,20,0,0
2013,12,3,0,30,0,0,18,9380,20,0,0
2013,12,3,1,30,0,0,19,9380,20,0,0
2013,12,3,2,30,0,0,19,9380,20,0,0
2013,12,3,3,30,0,0,19,9370,20,0,0
2013,12,3,4,30,0,0,19,9380,19,0,0
2013,12,3,5,30,0,0,18,9380,19,0,0
2013,12,3,6,30,0,0,18,9390,19,0,0
2013,12,3,7,30,55,50,19,9390,20,0.1,62
2013,12,3,8,30,123,433,20,9400,22,0.1,270
2013,12,3,9,30,164,587,21,9400,25,0.1,467
2013,12,3,10,30,187,671,21,9390,27,0.1,625
2013,12,3,11,30,200,713,21,9380,27,0,723
2013,12,3,12,30,203,724,21,9370,28,0,752
2013,12,3,13,30,265,587,20,9360,28,0,690
2013,12,3,14,30,227,574,20,9360,27,0,589
2013,12,3,15,30,157,559,20,9360,26,0.1,429
2013,12,3,16,30,112,386,20,9360,25,0.1,228
2013,12,3,17,30,29,0,19,9370,24,0.1,29
2013,12,3,18,30,0,0,19,9380,23,0.1,0
2013,12,3,19,30,0,0,19,9390,22,0.2,0
2013,12,3,20,30,0,0,19,9390,22,0.2,0
2013,12,3,21,30,0,0,19,9390,21,0.2,0
2013,12,3,22,30,0,0,19,9390,21,0.2,0
2013,12,3,23,30,0,0,19,9390,20,0.2,0
2013,12,4,0,30,0,0,19,9380,20,0.2,0
2013,12,4,1,30,0,0,19,9380,20,0.2,0
2013,12,4,2,30,0,0,19,9380,20,0.2,0
2013,12,4,3,30,0,0,18,9380,19,0.2,0
2013,12,4,4,30,0,0,18,9380,19,0.2,0
2013,12,4,5,30,0,0,18,9380,19,0.2,0
2013,12,4,6,30,0,0,18,9390,19,0.2,0
2013,12,4,7,30,55,65,19,9390,20,0.2,64
2013,12,4,8,30,122,425,20,9400,23,0.2,265
2013,12,4,9,30,163,580,21,9400,25,0.2,461
2013,12,4,10,30,186,664,21,9400,26,0.2,618
2013,12,4,11,30,199,706,21,9390,27,0.2,716
2013,12,4,12,30,202,717,20,9380,27,0.1,745
2013,12,4,13,30,342,384,20,9370,27,0.1,620
2013,12,4,14,30,183,650,20,9370,26,0.1,592
2013,12,4,15,30,157,555,20,9370,26,0.1,426
2013,12,4,16,30,112,383,20,9380,25,0.1,227
2013,12,4,17,30,29,0,19,9380,23,0.1,29
2013,12,4,18,30,0,0,19,9390,23,0.1,0
2013,12,4,19,30,0,0,18,9390,22,0.1,0
2013,12,4,20,30,0,0,18,9390,22,0.1,0
2013,12,4,21,30,0,0,18,9400,21,0.2,0
2013,12,4,22,30,0,0,18,9400,21,0.2,0
2013,12,4,23,30,0,0,18,9400,20,0.2,0
2013,12,5,0,30,0,0,18,9390,20,0.2,0
2013,12,5,1,30,0,0,18,9390,20,0.2,0
2013,12,5,2,30,0,0,17,9380,19,0.30000000000000004,0
2013,12,5,3,30,0,0,17,9380,19,0.30000000000000004,0
2013,12,5,4,30,0,0,17,9380,18,0.30000000000000004,0
2013,12,5,5,30,0,0,16,9390,18,0.30000000000000004,0
2013,12,5,6,30,0,0,16,9390,17,0.30000000000000004,0
2013,12,5,7,30,55,85,16,9400,18,0.2,66
2013,12,5,8,30,123,435,18,9400,21,0.2,268
2013,12,5,9,30,164,591,18,9410,24,0.2,467
2013,12,5,10,30,188,677,18,9400,26,0.2,626
2013,12,5,11,30,200,719,18,9400,27,0.1,725
2013,12,5,12,30,204,730,18,9380,28,0.1,755
2013,12,5,13,30,199,713,18,9370,28,0,713
2013,12,5,14,30,184,663,18,9360,28,0.1,602
2013,12,5,15,30,158,569,17,9360,27,0.1,435
2013,12,5,16,30,114,397,17,9360,26,0.1,234
2013,12,5,17,30,30,0,17,9360,24,0.1,30
2013,12,5,18,30,0,0,16,9370,23,0.2,0
2013,12,5,19,30,0,0,16,9380,22,0.2,0
2013,12,5,20,30,0,0,16,9380,21,0.2,0
2013,12,5,21,30,0,0,16,9390,20,0.2,0
2013,12,5,22,30,0,0,16,9390,20,0.2,0
2013,12,5,23,30,0,0,16,9380,19,0.2,0
2013,12,6,0,30,0,0,16,9380,18,0.2,0
2013,12,6,1,30,0,0,15,9370,18,0.2,0
2013,12,6,2,30,0,0,15,9370,17,0.2,0
2013,12,6,3,30,0,0,15,9370,17,0.2,0
2013,12,6,4,30,0,0,15,9370,17,0.2,0
2013,12,6,5,30,0,0,15,9370,16,0.2,0
2013,12,6,6,30,0,0,15,9380,16,0.2,0
2013,12,6,7,30,54,80,15,9390,18,0.2,64
2013,12,6,8,30,124,443,17,9400,21,0.1,270
2013,12,6,9,30,165,601,17,9400,24,0.1,472
2013,12,6,10,30,189,687,17,9400,26,0.1,632
2013,12,6,11,30,201,728,18,9380,28,0,732
2013,12,6,12,30,205,739,18,9370,28,0,762
2013,12,6,13,30,200,721,18,9360,28,0,719
2013,12,6,14,30,185,671,17,9360,28,0,607
2013,12,6,15,30,159,576,17,9350,27,0,439
2013,12,6,16,30,115,404,17,9360,26,0,237
2013,12,6,17,30,31,0,17,9360,24,0.1,31
2013,12,6,18,30,0,0,17,9370,23,0.1,0
2013,12,6,19,30,0,0,16,9380,22,0.1,0
2013,12,6,20,30,0,0,15,9380,21,0.2,0
2013,12,6,21,30,0,0,15,9380,20,0.2,0
2013,12,6,22,30,0,0,15,9380,19,0.2,0
2013,12,6,23,30,0,0,15,9380,18,0.2,0
2013,12,7,0,30,0,0,15,9370,18,0.2,0
2013,12,7,1,30,0,0,14,9370,17,0.2,0
2013,12,7,2,30,0,0,14,9370,16,0.2,0
2013,12,7,3,30,0,0,14,9370,16,0.2,0
2013,12,7,4,30,0,0,14,9370,15,0.2,0
2013,12,7,5,30,0,0,14,9380,15,0.2,0
2013,12,7,6,30,0,0,14,9390,15,0.30000000000000004,0
2013,12,7,7,30,53,74,14,9390,16,0.30000000000000004,62
2013,12,7,8,30,124,447,15,9400,19,0.2,271
2013,12,7,9,30,166,608,15,9400,22,0.30000000000000004,474
2013,12,7,10,30,190,696,15,9390,24,0.30000000000000004,638
2013,12,7,11,30,203,740,16,9380,26,0.2,741
2013,12,7,12,30,207,754,16,9370,27,0.2,774
2013,12,7,13,30,202,738,16,9360,27,0.1,733
2013,12,7,14,30,188,690,15,9360,26,0.1,621
2013,12,7,15,30,162,595,15,9350,26,0.1,451
2013,12,7,16,30,145,320,15,9360,24,0.1,242
2013,12,7,17,30,31,0,14,9360,22,0.1,31
2013,12,7,18,30,0,0,13,9370,21,0.1,0
2013,12,7,19,30,0,0,13,9380,20,0.2,0
2013,12,7,20,30,0,0,12,9380,19,0.2,0
2013,12,7,21,30,0,0,12,9380,18,0.2,0
2013,12,7,22,30,0,0,11,9380,17,0.2,0
2013,12,7,23,30,0,0,11,9380,16,0.30000000000000004,0
2013,12,8,0,30,0,0,11,9380,16,0.30000000000000004,0
2013,12,8,1,30,0,0,11,9380,15,0.30000000000000004,0
2013,12,8,2,30,0,0,11,9380,14,0.30000000000000004,0
2013,12,8,3,30,0,0,11,9380,14,0.30000000000000004,0
2013,12,8,4,30,0,0,10,9380,14,0.30000000000000004,0
2013,12,8,5,30,0,0,10,9380,13,0.30000000000000004,0
2013,12,8,6,30,0,0,10,9390,13,0.30000000000000004,0
2013,12,8,7,30,53,89,11,9400,15,0.2,64
2013,12,8,8,30,130,440,12,9400,18,0.2,274
2013,12,8,9,30,167,613,14,9400,22,0.1,477
2013,12,8,10,30,183,713,13,9390,24,0.1,641
2013,12,8,11,30,205,759,13,9390,25,0.1,756
2013,12,8,12,30,209,770,14,9370,26,0.1,787
2013,12,8,13,30,204,752,14,9360,26,0.1,744
2013,12,8,14,30,191,690,14,9360,26,0,624
2013,12,8,15,30,170,566,14,9360,26,0,445
2013,12,8,16,30,144,321,15,9360,22,0,242
2013,12,8,17,30,31,1,15,9370,20,0,32
2013,12,8,18,30,0,0,13,9370,20,0.1,0
2013,12,8,19,30,0,0,12,9380,19,0.1,0
2013,12,8,20,30,0,0,11,9380,18,0.1,0
2013,12,8,21,30,0,0,11,9380,18,0.1,0
2013,12,8,22,30,0,0,11,9380,17,0.2,0
2013,12,8,23,30,0,0,11,9380,16,0.2,0
2013,12,9,0,30,0,0,11,9370,16,0.2,0
2013,12,9,1,30,0,0,12,9370,15,0.2,0
2013,12,9,2,30,0,0,12,9370,15,0.30000000000000004,0
2013,12,9,3,30,0,0,12,9370,14,0.30000000000000004,0
2013,12,9,4,30,0,0,12,9370,14,0.30000000000000004,0
2013,12,9,5,30,0,0,12,9370,13,0.30000000000000004,0
2013,12,9,6,30,0,0,11,9380,13,0.30000000000000004,0
2013,12,9,7,30,52,48,12,9380,15,0.30000000000000004,58
2013,12,9,8,30,150,374,13,9390,18,0.2,272
2013,12,9,9,30,167,612,14,9390,22,0.2,475
2013,12,9,10,30,192,710,13,9380,24,0.2,645
2013,12,9,11,30,204,754,14,9380,25,0.1,750
2013,12,9,12,30,208,766,14,9370,26,0.1,783
2013,12,9,13,30,203,749,14,9360,26,0.1,741
2013,12,9,14,30,189,698,14,9350,26,0,627
2013,12,9,15,30,163,599,14,9350,25,0,455
2013,12,9,16,30,145,322,13,9350,23,0,243
2013,12,9,17,30,29,0,13,9360,21,0.1,29
2013,12,9,18,30,0,0,12,9360,20,0.1,0
2013,12,9,19,30,0,0,12,9370,19,0.2,0
2013,12,9,20,30,0,0,11,9370,18,0.2,0
2013,12,9,21,30,0,0,11,9370,17,0.2,0
2013,12,9,22,30,0,0,11,9370,17,0.2,0
2013,12,9,23,30,0,0,11,9370,16,0.30000000000000004,0
2013,12,10,0,30,0,0,11,9360,15,0.30000000000000004,0
2013,12,10,1,30,0,0,10,9360,15,0.30000000000000004,0
2013,12,10,2,30,0,0,10,9360,14,0.30000000000000004,0
2013,12,10,3,30,0,0,10,9360,14,0.30000000000000004,0
2013,12,10,4,30,0,0,10,9360,13,0.30000000000000004,0
2013,12,10,5,30,0,0,10,9360,13,0.30000000000000004,0
2013,12,10,6,30,0,0,9,9370,13,0.30000000000000004,0
2013,12,10,7,30,48,54,11,9380,16,0.30000000000000004,55
2013,12,10,8,30,150,372,12,9380,18,0.2,270
2013,12,10,9,30,166,610,13,9390,22,0.1,472
2013,12,10,10,30,182,711,12,9380,25,0.1,636
2013,12,10,11,30,205,756,13,9380,26,0.1,751
2013,12,10,12,30,208,768,13,9370,26,0.1,784
2013,12,10,13,30,204,751,13,9360,27,0,742
2013,12,10,14,30,189,701,13,9350,26,0,630
2013,12,10,15,30,163,600,13,9350,25,0,455
2013,12,10,16,30,145,324,13,9350,23,0,244
2013,12,10,17,30,29,0,14,9360,20,0,29
2013,12,10,18,30,0,0,12,9360,20,0.1,0
2013,12,10,19,30,0,0,11,9370,19,0.1,0
2013,12,10,20,30,0,0,10,9380,18,0.1,0
2013,12,10,21,30,0,0,9,9380,18,0.1,0
2013,12,10,22,30,0,0,9,9380,17,0.2,0
2013,12,10,23,30,0,0,9,9380,16,0.2,0
2013,12,11,0,30,0,0,9,9380,16,0.2,0
2013,12,11,1,30,0,0,9,9370,15,0.2,0
2013,12,11,2,30,0,0,9,9370,14,0.2,0
2013,12,11,3,30,0,0,9,9370,14,0.2,0
2013,12,11,4,30,0,0,9,9370,13,0.30000000000000004,0
2013,12,11,5,30,0,0,9,9380,13,0.30000000000000004,0
2013,12,11,6,30,0,0,9,9380,13,0.30000000000000004,0
2013,12,11,7,30,47,49,10,9400,15,0.30000000000000004,53
2013,12,11,8,30,148,370,12,9400,18,0.2,267
2013,12,11,9,30,166,609,14,9400,21,0.2,470
2013,12,11,10,30,191,706,13,9400,24,0.2,640
2013,12,11,11,30,204,749,13,9390,26,0.1,744
2013,12,11,12,30,207,760,14,9380,26,0.1,776
2013,12,11,13,30,202,742,14,9370,26,0.1,735
2013,12,11,14,30,188,692,14,9370,26,0,623
2013,12,11,15,30,162,598,13,9370,25,0,454
2013,12,11,16,30,154,297,13,9370,23,0,245
2013,12,11,17,30,30,0,14,9380,21,0.1,30
2013,12,11,18,30,0,0,11,9380,20,0.1,0
2013,12,11,19,30,0,0,11,9390,19,0.1,0
2013,12,11,20,30,0,0,11,9390,19,0.1,0
2013,12,11,21,30,0,0,10,9390,18,0.2,0
2013,12,11,22,30,0,0,10,9390,17,0.2,0
2013,12,11,23,30,0,0,10,9380,16,0.2,0
2013,12,12,0,30,0,0,10,9380,15,0.2,0
2013,12,12,1,30,0,0,10,9380,15,0.30000000000000004,0
2013,12,12,2,30,0,0,10,9380,14,0.30000000000000004,0
2013,12,12,3,30,0,0,9,9380,14,0.30000000000000004,0
2013,12,12,4,30,0,0,9,9380,13,0.30000000000000004,0
2013,12,12,5,30,0,0,9,9390,13,0.30000000000000004,0
2013,12,12,6,30,0,0,9,9390,13,0.30000000000000004,0
2013,12,12,7,30,48,68,9,9400,14,0.30000000000000004,56
2013,12,12,8,30,148,367,11,9410,17,0.2,265
2013,12,12,9,30,166,606,12,9400,21,0.2,467
2013,12,12,10,30,182,709,11,9400,24,0.2,632
2013,12,12,11,30,192,758,12,9390,25,0.1,738
2013,12,12,12,30,198,768,12,9380,26,0.1,772
2013,12,12,13,30,192,756,12,9370,26,0.1,734
2013,12,12,14,30,181,705,12,9370,26,0.1,624
2013,12,12,15,30,164,601,12,9370,25,0.1,457
2013,12,12,16,30,155,320,13,9370,23,0.2,253
2013,12,12,17,30,31,0,11,9380,20,0.2,31
2013,12,12,18,30,0,0,11,9380,19,0.30000000000000004,0
2013,12,12,19,30,0,0,10,9390,18,0.30000000000000004,0
2013,12,12,20,30,0,0,10,9390,17,0.30000000000000004,0
2013,12,12,21,30,0,0,10,9390,16,0.30000000000000004,0
2013,12,12,22,30,0,0,10,9390,15,0.30000000000000004,0
2013,12,12,23,30,0,0,9,9390,14,0.30000000000000004,0
2013,12,13,0,30,0,0,9,9390,14,0.30000000000000004,0
2013,12,13,1,30,0,0,9,9380,13,0.30000000000000004,0
2013,12,13,2,30,0,0,8,9380,13,0.30000000000000004,0
2013,12,13,3,30,0,0,8,9380,12,0.30000000000000004,0
2013,12,13,4,30,0,0,8,9380,12,0.30000000000000004,0
2013,12,13,5,30,0,0,7,9390,12,0.30000000000000004,0
2013,12,13,6,30,0,0,7,9390,11,0.30000000000000004,0
2013,12,13,7,30,44,41,7,9400,13,0.30000000000000004,49
2013,12,13,8,30,148,365,9,9410,16,0.2,263
2013,12,13,9,30,165,606,10,9410,20,0.2,465
2013,12,13,10,30,183,708,9,9410,23,0.30000000000000004,631
2013,12,13,11,30,193,757,9,9400,24,0.30000000000000004,737
2013,12,13,12,30,195,773,10,9390,25,0.2,773
2013,12,13,13,30,193,756,10,9380,25,0.2,734
2013,12,13,14,30,182,705,10,9380,25,0.1,625
2013,12,13,15,30,163,601,11,9370,24,0.1,457
2013,12,13,16,30,155,321,11,9380,23,0.1,254
2013,12,13,17,30,33,0,10,9380,20,0.1,33
2013,12,13,18,30,0,0,8,9390,19,0.1,0
2013,12,13,19,30,0,0,9,9390,18,0.2,0
2013,12,13,20,30,0,0,8,9400,17,0.2,0
2013,12,13,21,30,0,0,8,9400,16,0.2,0
2013,12,13,22,30,0,0,8,9400,15,0.2,0
2013,12,13,23,30,0,0,8,9400,15,0.2,0
2013,12,14,0,30,0,0,8,9390,14,0.2,0
2013,12,14,1,30,0,0,7,9390,13,0.30000000000000004,0
2013,12,14,2,30,0,0,7,9390,13,0.30000000000000004,0
2013,12,14,3,30,0,0,7,9380,12,0.30000000000000004,0
2013,12,14,4,30,0,0,7,9380,12,0.30000000000000004,0
2013,12,14,5,30,0,0,7,9390,12,0.30000000000000004,0
2013,12,14,6,30,0,0,7,9390,12,0.30000000000000004,0
2013,12,14,7,30,45,59,9,9400,14,0.30000000000000004,52
2013,12,14,8,30,146,362,10,9400,17,0.2,260
2013,12,14,9,30,164,605,12,9410,21,0.2,463
2013,12,14,10,30,183,707,11,9400,24,0.1,629
2013,12,14,11,30,193,757,12,9390,25,0.1,736
2013,12,14,12,30,199,764,13,9390,26,0,769
2013,12,14,13,30,204,753,13,9380,27,0,743
2013,12,14,14,30,190,703,13,9370,26,0,632
2013,12,14,15,30,163,602,13,9380,25,0,458
2013,12,14,16,30,156,303,14,9380,24,0.1,250
2013,12,14,17,30,34,0,12,9390,21,0.1,34
2013,12,14,18,30,0,0,11,9390,19,0.1,0
2013,12,14,19,30,0,0,11,9390,19,0.1,0
2013,12,14,20,30,0,0,10,9400,18,0.1,0
2013,12,14,21,30,0,0,10,9400,17,0.1,0
2013,12,14,22,30,0,0,10,9400,17,0.1,0
2013,12,14,23,30,0,0,9,9400,16,0.1,0
2013,12,15,0,30,0,0,9,9390,15,0.1,0
2013,12,15,1,30,0,0,9,9390,15,0.1,0
2013,12,15,2,30,0,0,8,9390,15,0.1,0
2013,12,15,3,30,0,0,8,9390,14,0.1,0
2013,12,15,4,30,0,0,8,9390,14,0.1,0
2013,12,15,5,30,0,0,8,9390,13,0.1,0
2013,12,15,6,30,0,0,8,9400,13,0.1,0
2013,12,15,7,30,41,33,11,9410,16,0.1,45
2013,12,15,8,30,146,358,11,9410,19,0.1,258
2013,12,15,9,30,164,604,14,9410,22,0.1,461
2013,12,15,10,30,182,707,13,9410,25,0,627
2013,12,15,11,30,193,755,13,9400,26,0,734
2013,12,15,12,30,199,763,13,9390,27,0,768
2013,12,15,13,30,192,755,13,9380,27,0,733
2013,12,15,14,30,182,706,13,9380,27,0,626
2013,12,15,15,30,164,602,13,9380,26,0,459
2013,12,15,16,30,155,324,14,9380,25,0.1,256
2013,12,15,17,30,34,2,12,9390,21,0.1,35
2013,12,15,18,30,0,0,11,9390,20,0.2,0
2013,12,15,19,30,0,0,11,9400,19,0.2,0
2013,12,15,20,30,0,0,11,9400,19,0.2,0
2013,12,15,21,30,0,0,10,9400,18,0.2,0
2013,12,15,22,30,0,0,10,9400,17,0.2,0
2013,12,15,23,30,0,0,10,9400,16,0.2,0
2013,12,16,0,30,0,0,9,9400,16,0.2,0
2013,12,16,1,30,0,0,9,9390,15,0.2,0
2013,12,16,2,30,0,0,9,9390,15,0.2,0
2013,12,16,3,30,0,0,9,9390,14,0.2,0
2013,12,16,4,30,0,0,8,9390,14,0.1,0
2013,12,16,5,30,0,0,8,9400,13,0.1,0
2013,12,16,6,30,0,0,8,9410,13,0.1,0
2013,12,16,7,30,43,46,11,9410,16,0.1,48
2013,12,16,8,30,145,355,11,9420,19,0.1,255
2013,12,16,9,30,164,602,14,9420,22,0,459
2013,12,16,10,30,181,706,13,9420,26,0,625
2013,12,16,11,30,193,753,13,9410,27,0,732
2013,12,16,12,30,209,770,13,9400,27,0,782
2013,12,16,13,30,204,754,13,9390,27,0,743
2013,12,16,14,30,190,705,13,9390,26,0,634
2013,12,16,15,30,164,603,13,9380,25,0.1,460
2013,12,16,16,30,157,307,14,9390,24,0.1,253
2013,12,16,17,30,35,4,13,9390,21,0.1,36
2013,12,16,18,30,0,0,12,9400,20,0.2,0
2013,12,16,19,30,0,0,12,9410,19,0.2,0
2013,12,16,20,30,0,0,11,9410,18,0.2,0
2013,12,16,21,30,0,0,11,9410,17,0.1,0
2013,12,16,22,30,0,0,10,9410,17,0.1,0
2013,12,16,23,30,0,0,10,9400,16,0.1,0
2013,12,17,0,30,0,0,10,9400,16,0.1,0
2013,12,17,1,30,0,0,9,9390,15,0.1,0
2013,12,17,2,30,0,0,9,9390,15,0.2,0
2013,12,17,3,30,0,0,9,9390,14,0.2,0
2013,12,17,4,30,0,0,9,9390,14,0.2,0
2013,12,17,5,30,0,0,9,9390,13,0.30000000000000004,0
2013,12,17,6,30,0,0,9,9390,13,0.30000000000000004,0
2013,12,17,7,30,39,25,10,9400,15,0.30000000000000004,42
2013,12,17,8,30,145,351,11,9400,18,0.2,253
2013,12,17,9,30,163,601,14,9400,21,0.2,457
2013,12,17,10,30,182,704,12,9400,25,0.2,623
2013,12,17,11,30,194,751,12,9390,26,0.1,731
2013,12,17,12,30,208,765,13,9380,27,0.1,777
2013,12,17,13,30,204,750,13,9370,27,0.1,740
2013,12,17,14,30,189,683,13,9370,26,0,619
2013,12,17,15,30,164,604,13,9370,26,0,461
2013,12,17,16,30,157,310,12,9370,24,0,254
2013,12,17,17,30,37,6,13,9370,21,0.1,38
2013,12,17,18,30,0,0,10,9380,20,0.1,0
2013,12,17,19,30,0,0,10,9380,19,0.2,0
2013,12,17,20,30,0,0,9,9390,18,0.2,0
2013,12,17,21,30,0,0,9,9390,17,0.2,0
2013,12,17,22,30,0,0,9,9390,16,0.2,0
2013,12,17,23,30,0,0,8,9390,15,0.2,0
2013,12,18,0,30,0,0,8,9390,15,0.2,0
2013,12,18,1,30,0,0,8,9380,14,0.2,0
2013,12,18,2,30,0,0,8,9380,13,0.2,0
2013,12,18,3,30,0,0,8,9370,13,0.30000000000000004,0
2013,12,18,4,30,0,0,7,9380,13,0.30000000000000004,0
2013,12,18,5,30,0,0,7,9380,12,0.30000000000000004,0
2013,12,18,6,30,0,0,7,9390,12,0.30000000000000004,0
2013,12,18,7,30,40,38,9,9390,15,0.30000000000000004,44
2013,12,18,8,30,145,347,10,9400,17,0.2,251
2013,12,18,9,30,163,600,12,9400,21,0.2,455
2013,12,18,10,30,183,702,10,9400,24,0.2,622
2013,12,18,11,30,192,755,11,9390,25,0.1,731
2013,12,18,12,30,195,772,11,9380,26,0.1,770
2013,12,18,13,30,204,755,11,9370,26,0,745
2013,12,18,14,30,182,707,11,9360,25,0,628
2013,12,18,15,30,165,605,11,9360,24,0,463
2013,12,18,16,30,158,313,13,9360,21,0,256
2013,12,18,17,30,38,9,12,9370,19,0,39
2013,12,18,18,30,0,0,12,9370,19,0,0
2013,12,18,19,30,0,0,10,9380,18,0,0
2013,12,18,20,30,0,0,10,9380,17,0,0
2013,12,18,21,30,0,0,9,9380,17,0,0
2013,12,18,22,30,0,0,8,9380,16,0,0
2013,12,18,23,30,0,0,7,9380,15,0.1,0
2013,12,19,0,30,0,0,7,9380,15,0.1,0
2013,12,19,1,30,0,0,7,9370,14,0.1,0
2013,12,19,2,30,0,0,7,9370,14,0.1,0
2013,12,19,3,30,0,0,7,9370,14,0.1,0
2013,12,19,4,30,0,0,7,9370,13,0.1,0
2013,12,19,5,30,0,0,7,9370,13,0.1,0
2013,12,19,6,30,0,0,7,9380,13,0.1,0
2013,12,19,7,30,39,34,10,9390,16,0.1,43
2013,12,19,8,30,143,344,11,9390,18,0.1,248
2013,12,19,9,30,163,599,13,9400,21,0.1,454
2013,12,19,10,30,189,695,13,9390,25,0.1,623
2013,12,19,11,30,202,742,13,9380,26,0,731
2013,12,19,12,30,207,755,13,9370,27,0,769
2013,12,19,13,30,202,740,13,9360,27,0.1,732
2013,12,19,14,30,189,693,13,9360,26,0.1,626
2013,12,19,15,30,164,601,13,9360,25,0.1,461
2013,12,19,16,30,121,434,14,9360,23,0.2,257
2013,12,19,17,30,39,11,13,9360,20,0.2,41
2013,12,19,18,30,0,0,13,9370,19,0.2,0
2013,12,19,19,30,0,0,13,9380,18,0.2,0
2013,12,19,20,30,0,0,12,9380,17,0.2,0
2013,12,19,21,30,0,0,12,9390,16,0.2,0
2013,12,19,22,30,0,0,12,9380,16,0.2,0
2013,12,19,23,30,0,0,11,9380,15,0.1,0
2013,12,20,0,30,0,0,11,9380,15,0.1,0
2013,12,20,1,30,0,0,11,9370,14,0.1,0
2013,12,20,2,30,0,0,11,9370,14,0.1,0
2013,12,20,3,30,0,0,10,9370,14,0.1,0
2013,12,20,4,30,0,0,10,9380,13,0.1,0
2013,12,20,5,30,0,0,10,9380,13,0,0
2013,12,20,6,30,0,0,10,9390,13,0,0
2013,12,20,7,30,38,31,13,9390,16,0,41
2013,12,20,8,30,143,341,12,9400,18,0,246
2013,12,20,9,30,163,598,12,9400,23,0,452
2013,12,20,10,30,189,696,12,9400,25,0,622
2013,12,20,11,30,202,742,13,9390,26,0,731
2013,12,20,12,30,207,756,13,9380,27,0,769
2013,12,20,13,30,202,740,13,9370,27,0.1,732
2013,12,20,14,30,189,691,13,9370,26,0.1,625
2013,12,20,15,30,164,599,13,9370,25,0.1,460
2013,12,20,16,30,121,433,15,9370,23,0.1,257
2013,12,20,17,30,40,14,14,9380,21,0.2,42
2013,12,20,18,30,0,0,14,9390,19,0.2,0
2013,12,20,19,30,0,0,14,9390,18,0.2,0
2013,12,20,20,30,0,0,13,9390,18,0.1,0
2013,12,20,21,30,0,0,13,9390,17,0.1,0
2013,12,20,22,30,0,0,13,9390,16,0.1,0
2013,12,20,23,30,0,0,13,9380,16,0,0
2013,12,21,0,30,0,0,13,9380,15,0,0
2013,12,21,1,30,0,0,13,9370,14,0,0
2013,12,21,2,30,0,0,13,9370,14,0,0
2013,12,21,3,30,0,0,13,9370,13,0.1,0
2013,12,21,4,30,0,0,13,9370,13,0.1,0
2013,12,21,5,30,0,0,12,9380,13,0.1,0
2013,12,21,6,30,0,0,12,9390,13,0.1,0
2013,12,21,7,30,36,27,14,9390,15,0.1,39
2013,12,21,8,30,116,415,15,9400,18,0.1,241
2013,12,21,9,30,161,588,15,9400,22,0.1,444
2013,12,21,10,30,187,681,16,9400,25,0.1,610
2013,12,21,11,30,200,727,16,9390,26,0.1,718
2013,12,21,12,30,205,741,16,9380,27,0.1,756
2013,12,21,13,30,201,727,17,9370,27,0.1,721
2013,12,21,14,30,187,680,16,9360,26,0.1,617
2013,12,21,15,30,163,589,16,9360,25,0.1,455
2013,12,21,16,30,120,425,16,9370,24,0.1,255
2013,12,21,17,30,42,17,16,9370,21,0.1,44
2013,12,21,18,30,0,0,16,9380,21,0.2,0
2013,12,21,19,30,0,0,16,9390,20,0.1,0
2013,12,21,20,30,0,0,16,9390,20,0.1,0
2013,12,21,21,30,0,0,15,9390,19,0.1,0
2013,12,21,22,30,0,0,15,9390,18,0.1,0
2013,12,21,23,30,0,0,14,9390,17,0,0
2013,12,22,0,30,0,0,14,9380,17,0,0
2013,12,22,1,30,0,0,14,9380,16,0,0
2013,12,22,2,30,0,0,14,9380,16,0,0
2013,12,22,3,30,0,0,14,9380,15,0,0
2013,12,22,4,30,0,0,14,9380,15,0.1,0
2013,12,22,5,30,0,0,14,9380,14,0.1,0
2013,12,22,6,30,0,0,14,9390,14,0.1,0
2013,12,22,7,30,35,24,14,9400,16,0.2,38
2013,12,22,8,30,129,360,16,9410,19,0.2,237
2013,12,22,9,30,160,585,16,9410,22,0.2,441
2013,12,22,10,30,187,680,16,9400,25,0.2,609
2013,12,22,11,30,201,729,16,9400,26,0.2,719
2013,12,22,12,30,205,745,16,9390,27,0.2,759
2013,12,22,13,30,201,731,16,9380,27,0.1,726
2013,12,22,14,30,188,685,16,9370,27,0.1,622
2013,12,22,15,30,163,595,16,9370,26,0.1,459
2013,12,22,16,30,121,431,16,9370,24,0.1,259
2013,12,22,17,30,43,21,15,9380,22,0.1,46
2013,12,22,18,30,0,0,15,9390,22,0.1,0
2013,12,22,19,30,0,0,15,9390,21,0.1,0
2013,12,22,20,30,0,0,15,9400,20,0.1,0
2013,12,22,21,30,0,0,14,9400,20,0.1,0
2013,12,22,22,30,0,0,14,9400,19,0.2,0
2013,12,22,23,30,0,0,14,9400,18,0.2,0
2013,12,23,0,30,0,0,14,9400,18,0.2,0
2013,12,23,1,30,0,0,14,9390,17,0.30000000000000004,0
2013,12,23,2,30,0,0,14,9390,16,0.30000000000000004,0
2013,12,23,3,30,0,0,14,9390,15,0.30000000000000004,0
2013,12,23,4,30,0,0,13,9400,15,0.30000000000000004,0
2013,12,23,5,30,0,0,13,9400,15,0.30000000000000004,0
2013,12,23,6,30,0,0,13,9410,14,0.30000000000000004,0
2013,12,23,7,30,34,21,13,9420,16,0.30000000000000004,36
2013,12,23,8,30,129,357,14,9420,19,0.30000000000000004,235
2013,12,23,9,30,160,586,15,9430,23,0.30000000000000004,441
2013,12,23,10,30,187,681,14,9430,25,0.30000000000000004,609
2013,12,23,11,30,201,730,14,9420,26,0.30000000000000004,719
2013,12,23,12,30,206,746,14,9410,26,0.2,760
2013,12,23,13,30,202,733,14,9400,26,0.2,728
2013,12,23,14,30,189,689,14,9390,26,0.2,626
2013,12,23,15,30,164,600,13,9390,25,0.2,464
2013,12,23,16,30,122,437,14,9400,23,0.2,262
2013,12,23,17,30,44,24,14,9400,21,0.2,47
2013,12,23,18,30,0,0,13,9410,20,0.2,0
2013,12,23,19,30,0,0,12,9420,19,0.2,0
2013,12,23,20,30,0,0,12,9420,18,0.30000000000000004,0
2013,12,23,21,30,0,0,12,9420,18,0.30000000000000004,0
2013,12,23,22,30,0,0,12,9420,17,0.30000000000000004,0
2013,12,23,23,30,0,0,12,9420,16,0.30000000000000004,0
2013,12,24,0,30,0,0,12,9410,16,0.30000000000000004,0
2013,12,24,1,30,0,0,12,9410,16,0.30000000000000004,0
2013,12,24,2,30,0,0,13,9410,15,0.30000000000000004,0
2013,12,24,3,30,0,0,13,9400,15,0.30000000000000004,0
2013,12,24,4,30,0,0,13,9410,14,0.30000000000000004,0
2013,12,24,5,30,0,0,13,9410,14,0.30000000000000004,0
2013,12,24,6,30,0,0,13,9420,14,0.30000000000000004,0
2013,12,24,7,30,33,18,14,9430,16,0.30000000000000004,35
2013,12,24,8,30,115,407,15,9440,19,0.30000000000000004,235
2013,12,24,9,30,160,583,16,9440,22,0.30000000000000004,439
2013,12,24,10,30,186,679,16,9430,24,0.30000000000000004,607
2013,12,24,11,30,200,728,16,9420,25,0.30000000000000004,717
2013,12,24,12,30,205,744,16,9410,26,0.30000000000000004,758
2013,12,24,13,30,201,730,15,9400,26,0.30000000000000004,726
2013,12,24,14,30,188,685,15,9400,26,0.2,624
2013,12,24,15,30,164,597,14,9390,25,0.2,463
2013,12,24,16,30,122,435,15,9400,24,0.2,262
2013,12,24,17,30,45,28,14,9400,21,0.2,49
2013,12,24,18,30,0,0,14,9420,20,0.2,0
2013,12,24,19,30,0,0,14,9420,20,0.2,0
2013,12,24,20,30,0,0,14,9430,20,0.2,0
2013,12,24,21,30,0,0,14,9430,19,0.2,0
2013,12,24,22,30,0,0,13,9430,18,0.2,0
2013,12,24,23,30,0,0,13,9430,17,0.2,0
2013,12,25,0,30,0,0,13,9420,17,0.2,0
2013,12,25,1,30,0,0,13,9420,16,0.2,0
2013,12,25,2,30,0,0,13,9410,16,0.2,0
2013,12,25,3,30,0,0,13,9410,15,0.2,0
2013,12,25,4,30,0,0,14,9410,15,0.2,0
2013,12,25,5,30,0,0,14,9420,15,0.30000000000000004,0
2013,12,25,6,30,0,0,14,9420,15,0.30000000000000004,0
2013,12,25,7,30,31,15,14,9430,17,0.2,33
2013,12,25,8,30,113,395,16,9440,20,0.2,229
2013,12,25,9,30,158,570,15,9440,23,0.2,430
2013,12,25,10,30,184,665,15,9440,25,0.2,596
2013,12,25,11,30,199,713,16,9430,27,0.1,705
2013,12,25,12,30,203,729,16,9420,27,0.1,746
2013,12,25,13,30,200,715,16,9410,27,0.1,714
2013,12,25,14,30,187,670,16,9400,27,0.1,613
2013,12,25,15,30,162,582,16,9400,26,0,455
2013,12,25,16,30,121,423,16,9400,24,0,258
2013,12,25,17,30,44,16,18,9400,22,0,46
2013,12,25,18,30,0,0,17,9410,22,0,0
2013,12,25,19,30,0,0,17,9420,21,0,0
2013,12,25,20,30,0,0,17,9420,21,0,0
2013,12,25,21,30,0,0,18,9430,21,0,0
2013,12,25,22,30,0,0,16,9420,21,0.1,0
2013,12,25,23,30,0,0,15,9420,21,0.1,0
2013,12,26,0,30,0,0,15,9410,20,0.1,0
2013,12,26,1,30,0,0,15,9410,20,0.1,0
2013,12,26,2,30,0,0,15,9410,19,0.2,0
2013,12,26,3,30,0,0,15,9400,19,0.2,0
2013,12,26,4,30,0,0,15,9400,18,0.2,0
2013,12,26,5,30,0,0,15,9400,18,0.2,0
2013,12,26,6,30,0,0,15,9410,18,0.2,0
2013,12,26,7,30,31,12,15,9420,19,0.30000000000000004,32
2013,12,26,8,30,112,390,16,9420,21,0.2,226
2013,12,26,9,30,158,566,17,9420,24,0.30000000000000004,427
2013,12,26,10,30,184,662,17,9420,26,0.30000000000000004,593
2013,12,26,11,30,198,711,16,9410,27,0.30000000000000004,703
2013,12,26,12,30,203,727,16,9400,28,0.2,745
2013,12,26,13,30,199,714,16,9390,28,0.2,714
2013,12,26,14,30,187,670,16,9390,27,0.1,614
2013,12,26,15,30,163,582,16,9380,26,0.1,456
2013,12,26,16,30,121,424,15,9390,25,0.1,260
2013,12,26,17,30,48,36,17,9390,23,0,53
2013,12,26,18,30,0,0,19,9400,23,0,0
2013,12,26,19,30,0,0,18,9400,23,0,0
2013,12,26,20,30,0,0,16,9400,22,0.1,0
2013,12,26,21,30,0,0,15,9400,21,0.1,0
2013,12,26,22,30,0,0,15,9400,20,0.2,0
2013,12,26,23,30,0,0,14,9390,19,0.2,0
2013,12,27,0,30,0,0,14,9390,19,0.2,0
2013,12,27,1,30,0,0,14,9390,18,0.2,0
2013,12,27,2,30,0,0,14,9390,18,0.2,0
2013,12,27,3,30,0,0,14,9380,17,0.2,0
2013,12,27,4,30,0,0,13,9390,17,0.2,0
2013,12,27,5,30,0,0,13,9390,16,0.2,0
2013,12,27,6,30,0,0,13,9400,16,0.30000000000000004,0
2013,12,27,7,30,30,9,14,9410,17,0.2,31
2013,12,27,8,30,111,384,15,9410,20,0.2,223
2013,12,27,9,30,157,560,16,9420,23,0.2,423
2013,12,27,10,30,183,656,16,9420,26,0.2,588
2013,12,27,11,30,197,705,16,9410,27,0.2,698
2013,12,27,12,30,202,721,16,9400,27,0.2,740
2013,12,27,13,30,199,709,16,9390,27,0.1,710
2013,12,27,14,30,186,666,16,9380,27,0.1,612
2013,12,27,15,30,162,579,16,9380,26,0.1,455
2013,12,27,16,30,121,422,17,9380,24,0.1,260
2013,12,27,17,30,50,40,17,9380,23,0.1,55
2013,12,27,18,30,0,0,17,9390,21,0.2,0
2013,12,27,19,30,0,0,17,9400,21,0.2,0
2013,12,27,20,30,0,0,17,9400,20,0.2,0
2013,12,27,21,30,0,0,17,9400,19,0.2,0
2013,12,27,22,30,0,0,17,9400,18,0.1,0
2013,12,27,23,30,0,0,17,9400,17,0.1,0
2013,12,28,0,30,0,0,17,9390,17,0.1,0
2013,12,28,1,30,0,0,17,9390,18,0.1,0
2013,12,28,2,30,0,0,16,9390,17,0,0
2013,12,28,3,30,0,0,16,9390,17,0,0
2013,12,28,4,30,0,0,16,9390,17,0,0
2013,12,28,5,30,0,0,16,9390,17,0,0
2013,12,28,6,30,0,0,15,9400,17,0,0
2013,12,28,7,30,29,7,16,9410,18,0.1,30
2013,12,28,8,30,121,323,17,9420,20,0.1,215
2013,12,28,9,30,184,493,18,9410,23,0.1,418
2013,12,28,10,30,209,620,18,9410,26,0.1,592
2013,12,28,11,30,199,716,17,9390,27,0.1,707
2013,12,28,12,30,267,641,17,9380,27,0.1,745
2013,12,28,13,30,351,366,17,9370,27,0.2,616
2013,12,28,14,30,312,293,17,9370,26,0.2,500
2013,12,28,15,30,278,163,17,9370,25,0.2,361
2013,12,28,16,30,177,244,17,9380,23,0.2,258
2013,12,28,17,30,18,0,17,9390,22,0.2,18
2013,12,28,18,30,0,0,17,9400,21,0.2,0
2013,12,28,19,30,0,0,16,9410,20,0.2,0
2013,12,28,20,30,0,0,16,9410,19,0.2,0
2013,12,28,21,30,0,0,15,9410,18,0.2,0
2013,12,28,22,30,0,0,14,9400,17,0.1,0
2013,12,28,23,30,0,0,13,9400,17,0.1,0
2013,12,29,0,30,0,0,12,9390,16,0.1,0
2013,12,29,1,30,0,0,12,9390,16,0,0
2013,12,29,2,30,0,0,12,9380,16,0,0
2013,12,29,3,30,0,0,11,9380,16,0,0
2013,12,29,4,30,0,0,11,9380,16,0,0
2013,12,29,5,30,0,0,11,9390,15,0,0
2013,12,29,6,30,0,0,12,9390,15,0,0
2013,12,29,7,30,28,4,16,9400,18,0,29
2013,12,29,8,30,118,348,15,9410,20,0,219
2013,12,29,9,30,176,520,15,9410,24,0,422
2013,12,29,10,30,203,639,16,9410,26,0,597
2013,12,29,11,30,199,718,17,9400,27,0.1,709
2013,12,29,12,30,204,736,17,9390,27,0.1,753
2013,12,29,13,30,201,724,16,9380,27,0.1,724
2013,12,29,14,30,236,601,16,9380,26,0.1,622
2013,12,29,15,30,212,444,16,9380,25,0.1,438
2013,12,29,16,30,147,319,16,9380,24,0.1,253
2013,12,29,17,30,47,16,16,9380,22,0.2,49
2013,12,29,18,30,0,0,16,9390,20,0.2,0
2013,12,29,19,30,0,0,16,9390,20,0.2,0
2013,12,29,20,30,0,0,16,9400,19,0.2,0
2013,12,29,21,30,0,0,15,9400,19,0.1,0
2013,12,29,22,30,0,0,15,9400,18,0.1,0
2013,12,29,23,30,0,0,15,9390,18,0,0
2013,12,30,0,30,0,0,16,9390,18,0,0
2013,12,30,1,30,0,0,16,9390,18,0,0
2013,12,30,2,30,0,0,15,9380,18,0.1,0
2013,12,30,3,30,0,0,15,9380,18,0.1,0
2013,12,30,4,30,0,0,16,9380,18,0.1,0
2013,12,30,5,30,0,0,16,9380,17,0.2,0
2013,12,30,6,30,0,0,16,9390,17,0.2,0
2013,12,30,7,30,26,2,17,9390,19,0.2,27
2013,12,30,8,30,120,340,17,9400,21,0.2,218
2013,12,30,9,30,175,508,17,9410,24,0.2,415
2013,12,30,10,30,216,599,17,9400,25,0.2,585
2013,12,30,11,30,198,709,17,9400,26,0.2,701
2013,12,30,12,30,203,726,17,9390,26,0.2,745
2013,12,30,13,30,372,236,17,9380,26,0.2,543
2013,12,30,14,30,334,188,17,9380,25,0.2,455
2013,12,30,15,30,271,110,16,9380,24,0.2,328
2013,12,30,16,30,154,214,17,9380,23,0.2,226
2013,12,30,17,30,49,20,17,9380,21,0.2,52
2013,12,30,18,30,0,0,16,9390,20,0.2,0
2013,12,30,19,30,0,0,16,9400,19,0.2,0
2013,12,30,20,30,0,0,16,9400,18,0.2,0
2013,12,30,21,30,0,0,15,9400,18,0.2,0
2013,12,30,22,30,0,0,15,9400,17,0.1,0
2013,12,30,23,30,0,0,15,9390,16,0.1,0
2013,12,31,0,30,0,0,15,9390,16,0.1,0
2013,12,31,1,30,0,0,14,9390,16,0.1,0
2013,12,31,2,30,0,0,14,9390,15,0.1,0
2013,12,31,3,30,0,0,14,9390,15,0.1,0
2013,12,31,4,30,0,0,14,9390,15,0.1,0
2013,12,31,5,30,0,0,14,9390,15,0.1,0
2013,12,31,6,30,0,0,15,9400,15,0.2,0
2013,12,31,7,30,26,0,16,9410,18,0.2,26
2013,12,31,8,30,119,342,16,9410,20,0.2,217
2013,12,31,9,30,157,562,16,9410,23,0.2,422
2013,12,31,10,30,184,660,16,9410,25,0.2,591
2013,12,31,11,30,198,712,16,9400,26,0.2,704
2013,12,31,12,30,204,729,16,9390,27,0.1,748
2013,12,31,13,30,200,717,16,9380,27,0.1,720
2013,12,31,14,30,188,674,16,9380,26,0.1,623
2013,12,31,15,30,250,295,16,9380,25,0.1,402
2013,12,31,16,30,124,435,16,9380,24,0.1,270
2013,12,31,17,30,53,40,17,9380,22,0.1,59
2013,12,31,18,30,0,0,17,9390,22,0.1,0
2013,12,31,19,30,0,0,17,9400,21,0.1,0
2013,12,31,20,30,0,0,17,9400,21,0.1,0
2013,12,31,21,30,0,0,16,9400,20,0.1,0
2013,12,31,22,30,0,0,16,9400,20,0.1,0
2013,12,31,23,30,0,0,16,9400,19,0,0
