timestamp,ghi,temp_amb,cloud_cover,p_pv,p_load
2026-01-01 00:00:00,0.0,19.0,51.0,0.0,10.0
2026-01-01 01:00:00,0.0,19.0,51.0,0.0,10.0
2026-01-01 02:00:00,0.0,18.0,51.0,0.0,10.237
2026-01-01 03:00:00,0.0,18.0,51.0,0.0,10.0
2026-01-01 04:00:00,0.0,18.0,51.0,0.0,10.0
2026-01-01 05:00:00,0.0,15.0,51.0,0.0,13.003
2026-01-01 06:00:00,0.0,15.0,51.0,0.0,15.791
2026-01-01 07:00:00,37.0,18.0,51.0,1.691,20.439
2026-01-01 08:00:00,237.0,21.0,13.79,10.605,32.824
2026-01-01 09:00:00,449.0,25.0,3.45,18.953,31.331
2026-01-01 10:00:00,616.0,28.0,0.41,26.098,34.556
2026-01-01 11:00:00,730.0,29.0,0.0,31.916,36.528
2026-01-01 12:00:00,741.0,29.0,1.46,30.195,35.414
2026-01-01 13:00:00,716.0,29.0,0.24,28.776,34.356
2026-01-01 14:00:00,658.0,28.0,0.0,25.907,32.53
2026-01-01 15:00:00,496.0,27.0,0.0,19.126,34.132
2026-01-01 16:00:00,292.0,25.0,0.0,13.499,33.378
2026-01-01 17:00:00,69.0,23.0,8.63,2.938,40.349
2026-01-01 18:00:00,0.0,21.0,11.68,0.0,39.968
2026-01-01 19:00:00,0.0,20.0,14.73,0.0,42.066
2026-01-01 20:00:00,0.0,19.0,17.77,0.0,42.154
2026-01-01 21:00:00,0.0,18.0,20.82,0.0,37.962
2026-01-01 22:00:00,0.0,18.0,23.87,0.0,34.112
2026-01-01 23:00:00,0.0,17.0,26.92,0.0,17.442
2026-01-02 00:00:00,0.0,16.0,29.97,0.0,10.957
2026-01-02 01:00:00,0.0,15.0,33.01,0.0,11.345
2026-01-02 02:00:00,0.0,15.0,36.06,0.0,10.0
2026-01-02 03:00:00,0.0,15.0,39.11,0.0,10.0
2026-01-02 04:00:00,0.0,14.0,42.16,0.0,10.0
2026-01-02 05:00:00,0.0,14.0,45.21,0.0,12.246
2026-01-02 06:00:00,0.0,14.0,48.25,0.0,16.112
2026-01-02 07:00:00,37.0,16.0,51.3,1.791,22.808
2026-01-02 08:00:00,233.0,20.0,15.45,10.903,27.313
2026-01-02 09:00:00,433.0,24.0,7.05,18.696,27.762
2026-01-02 10:00:00,621.0,27.0,0.0,26.792,35.745
2026-01-02 11:00:00,719.0,29.0,0.0,32.344,39.459
2026-01-02 12:00:00,782.0,30.0,0.0,33.056,39.32
2026-01-02 13:00:00,754.0,30.0,0.0,31.173,34.36
2026-01-02 14:00:00,655.0,29.0,0.0,26.827,36.706
2026-01-02 15:00:00,495.0,28.0,0.0,21.257,36.734
2026-01-02 16:00:00,292.0,26.0,0.0,13.668,33.646
2026-01-02 17:00:00,66.0,23.0,13.13,3.197,35.63
2026-01-02 18:00:00,0.0,22.0,16.35,0.0,38.797
2026-01-02 19:00:00,0.0,21.0,19.57,0.0,40.645
2026-01-02 20:00:00,0.0,20.0,22.78,0.0,40.589
2026-01-02 21:00:00,0.0,19.0,26.0,0.0,37.403
2026-01-02 22:00:00,0.0,19.0,29.22,0.0,30.151
2026-01-02 23:00:00,0.0,18.0,32.43,0.0,17.587
2026-01-03 00:00:00,0.0,18.0,35.65,0.0,10.347
2026-01-03 01:00:00,0.0,17.0,38.86,0.0,11.274
2026-01-03 02:00:00,0.0,17.0,42.08,0.0,10.566
2026-01-03 03:00:00,0.0,16.0,45.3,0.0,10.932
2026-01-03 04:00:00,0.0,16.0,48.51,0.0,10.0
2026-01-03 05:00:00,0.0,16.0,51.73,0.0,10.0
2026-01-03 06:00:00,0.0,16.0,54.94,0.0,15.717
2026-01-03 07:00:00,32.0,18.0,58.16,1.402,18.875
2026-01-03 08:00:00,232.0,21.0,16.03,10.432,25.692
2026-01-03 09:00:00,442.0,25.0,5.31,19.243,25.613
2026-01-03 10:00:00,616.0,28.0,0.73,24.758,30.653
2026-01-03 11:00:00,733.0,29.0,0.0,29.036,34.044
2026-01-03 12:00:00,780.0,30.0,0.0,30.624,32.804
2026-01-03 13:00:00,754.0,30.0,0.0,30.721,28.965
2026-01-03 14:00:00,656.0,30.0,0.0,26.815,33.072
2026-01-03 15:00:00,497.0,28.0,0.0,21.48,34.001
2026-01-03 16:00:00,295.0,27.0,0.0,13.71,35.436
2026-01-03 17:00:00,69.0,23.0,9.78,3.129,30.345
2026-01-03 18:00:00,0.0,22.0,13.35,0.0,31.87
2026-01-03 19:00:00,0.0,21.0,16.92,0.0,36.439
2026-01-03 20:00:00,0.0,19.0,20.49,0.0,37.654
2026-01-03 21:00:00,0.0,18.0,24.06,0.0,33.108
2026-01-03 22:00:00,0.0,17.0,27.63,0.0,29.5
2026-01-03 23:00:00,0.0,17.0,31.2,0.0,14.155
2026-01-04 00:00:00,0.0,16.0,34.77,0.0,11.177
2026-01-04 01:00:00,0.0,16.0,38.34,0.0,10.0
2026-01-04 02:00:00,0.0,15.0,41.91,0.0,10.0
2026-01-04 03:00:00,0.0,15.0,45.48,0.0,10.155
2026-01-04 04:00:00,0.0,15.0,49.05,0.0,10.0
2026-01-04 05:00:00,0.0,15.0,52.62,0.0,10.0
2026-01-04 06:00:00,0.0,15.0,56.18,0.0,14.22
2026-01-04 07:00:00,31.0,18.0,59.75,1.424,21.122
2026-01-04 08:00:00,231.0,21.0,16.63,9.873,25.049
2026-01-04 09:00:00,440.0,25.0,5.93,17.86,27.645
2026-01-04 10:00:00,613.0,27.0,1.39,24.752,30.905
2026-01-04 11:00:00,729.0,29.0,0.0,30.353,31.31
2026-01-04 12:00:00,776.0,30.0,0.0,31.717,33.623
2026-01-04 13:00:00,749.0,30.0,0.0,32.238,30.171
2026-01-04 14:00:00,652.0,29.0,0.0,26.308,33.833
2026-01-04 15:00:00,483.0,28.0,0.0,18.573,33.008
2026-01-04 16:00:00,284.0,26.0,0.0,13.033,30.272
2026-01-04 17:00:00,71.0,23.0,7.82,3.5,29.275
2026-01-04 18:00:00,0.0,21.0,11.37,0.0,34.069
2026-01-04 19:00:00,0.0,20.0,14.92,0.0,36.668
2026-01-04 20:00:00,0.0,19.0,18.46,0.0,36.952
2026-01-04 21:00:00,0.0,18.0,22.01,0.0,31.493
2026-01-04 22:00:00,0.0,17.0,25.56,0.0,28.652
2026-01-04 23:00:00,0.0,16.0,29.1,0.0,12.367
2026-01-05 00:00:00,0.0,16.0,32.65,0.0,10.552
2026-01-05 01:00:00,0.0,16.0,36.2,0.0,12.535
2026-01-05 02:00:00,0.0,15.0,39.74,0.0,10.0
2026-01-05 03:00:00,0.0,15.0,43.29,0.0,10.0
2026-01-05 04:00:00,0.0,14.0,46.84,0.0,10.809
2026-01-05 05:00:00,0.0,14.0,50.38,0.0,13.142
2026-01-05 06:00:00,0.0,14.0,53.93,0.0,16.456
2026-01-05 07:00:00,33.0,17.0,57.48,1.48,20.334
2026-01-05 08:00:00,229.0,20.0,17.61,10.925,26.144
2026-01-05 09:00:00,438.0,24.0,6.57,18.903,30.637
2026-01-05 10:00:00,611.0,27.0,1.9,26.191,32.099
2026-01-05 11:00:00,727.0,28.0,0.0,30.505,35.191
2026-01-05 12:00:00,775.0,29.0,0.0,31.537,41.171
2026-01-05 13:00:00,749.0,29.0,0.0,27.911,33.864
2026-01-05 14:00:00,653.0,28.0,0.0,29.056,36.741
2026-01-05 15:00:00,496.0,27.0,0.0,22.553,39.577
2026-01-05 16:00:00,296.0,25.0,0.0,11.861,35.946
2026-01-05 17:00:00,79.0,22.0,0.0,3.534,35.289
2026-01-05 18:00:00,0.0,21.0,4.22,0.0,38.79
2026-01-05 19:00:00,0.0,20.0,8.44,0.0,41.228
2026-01-05 20:00:00,0.0,19.0,12.66,0.0,40.583
2026-01-05 21:00:00,0.0,18.0,16.88,0.0,39.454
2026-01-05 22:00:00,0.0,17.0,21.11,0.0,31.089
2026-01-05 23:00:00,0.0,16.0,25.33,0.0,18.915
2026-01-06 00:00:00,0.0,16.0,29.55,0.0,10.0
2026-01-06 01:00:00,0.0,16.0,33.77,0.0,10.8
2026-01-06 02:00:00,0.0,15.0,37.99,0.0,10.0
2026-01-06 03:00:00,0.0,15.0,42.21,0.0,10.0
2026-01-06 04:00:00,0.0,15.0,46.43,0.0,13.541
2026-01-06 05:00:00,0.0,15.0,50.65,0.0,10.585
2026-01-06 06:00:00,0.0,15.0,54.87,0.0,15.573
2026-01-06 07:00:00,32.0,18.0,59.09,1.354,22.07
2026-01-06 08:00:00,226.0,21.0,18.95,10.723,37.94
2026-01-06 09:00:00,434.0,24.0,7.64,17.819,30.358
2026-01-06 10:00:00,607.0,26.0,2.75,24.947,41.433
2026-01-06 11:00:00,725.0,27.0,0.0,29.228,33.656
2026-01-06 12:00:00,775.0,27.0,0.0,30.595,34.104
2026-01-06 13:00:00,752.0,27.0,0.0,31.41,34.488
2026-01-06 14:00:00,657.0,27.0,0.0,26.516,33.484
2026-01-06 15:00:00,500.0,26.0,0.0,21.683,41.162
2026-01-06 16:00:00,299.0,24.0,0.0,13.874,32.995
2026-01-06 17:00:00,71.0,22.0,9.24,3.529,33.297
2026-01-06 18:00:00,0.0,22.0,12.92,0.0,37.713
2026-01-06 19:00:00,0.0,22.0,16.59,0.0,39.321
2026-01-06 20:00:00,0.0,21.0,20.27,0.0,40.017
2026-01-06 21:00:00,0.0,20.0,23.95,0.0,39.766
2026-01-06 22:00:00,0.0,20.0,27.62,0.0,31.406
2026-01-06 23:00:00,0.0,19.0,31.3,0.0,16.016
2026-01-07 00:00:00,0.0,18.0,34.97,0.0,10.288
2026-01-07 01:00:00,0.0,18.0,38.65,0.0,12.243
2026-01-07 02:00:00,0.0,17.0,42.33,0.0,10.0
2026-01-07 03:00:00,0.0,17.0,46.0,0.0,10.588
2026-01-07 04:00:00,0.0,17.0,49.68,0.0,10.404
2026-01-07 05:00:00,0.0,17.0,53.35,0.0,11.295
2026-01-07 06:00:00,0.0,17.0,57.03,0.0,16.342
2026-01-07 07:00:00,31.0,18.0,60.7,1.26,23.08
2026-01-07 08:00:00,223.0,20.0,20.3,9.054,34.946
2026-01-07 09:00:00,431.0,22.0,8.51,18.95,30.459
2026-01-07 10:00:00,606.0,24.0,3.12,26.708,38.811
2026-01-07 11:00:00,725.0,25.0,0.04,31.619,32.812
2026-01-07 12:00:00,775.0,25.0,0.0,32.704,29.365
2026-01-07 13:00:00,752.0,25.0,0.0,32.717,32.444
2026-01-07 14:00:00,277.0,25.0,55.72,12.18,32.499
2026-01-07 15:00:00,93.0,24.0,80.26,3.925,32.546
2026-01-07 16:00:00,58.0,23.0,79.27,2.625,37.578
2026-01-07 17:00:00,91.0,21.0,0.0,4.205,31.04
2026-01-07 18:00:00,0.0,20.0,4.63,0.0,36.274
2026-01-07 19:00:00,0.0,19.0,9.26,0.0,43.807
2026-01-07 20:00:00,0.0,18.0,13.89,0.0,40.18
2026-01-07 21:00:00,0.0,18.0,18.52,0.0,39.852
2026-01-07 22:00:00,0.0,18.0,23.15,0.0,29.756
2026-01-07 23:00:00,0.0,17.0,27.78,0.0,15.034
2026-01-08 00:00:00,0.0,17.0,32.41,0.0,11.75
2026-01-08 01:00:00,0.0,17.0,37.04,0.0,10.356
2026-01-08 02:00:00,0.0,16.0,41.67,0.0,10.953
2026-01-08 03:00:00,0.0,16.0,46.3,0.0,10.181
2026-01-08 04:00:00,0.0,15.0,50.93,0.0,10.209
2026-01-08 05:00:00,0.0,15.0,55.56,0.0,10.248
2026-01-08 06:00:00,0.0,15.0,60.19,0.0,14.328
2026-01-08 07:00:00,28.0,17.0,64.82,1.325,24.964
2026-01-08 08:00:00,226.0,20.0,19.52,10.19,30.694
2026-01-08 09:00:00,436.0,24.0,7.7,20.039,29.046
2026-01-08 10:00:00,612.0,26.0,2.38,26.936,31.454
2026-01-08 11:00:00,732.0,28.0,0.0,28.628,34.513
2026-01-08 12:00:00,783.0,28.0,0.0,29.673,34.477
2026-01-08 13:00:00,760.0,29.0,0.0,30.823,34.295
2026-01-08 14:00:00,664.0,28.0,0.0,28.214,34.899
2026-01-08 15:00:00,507.0,27.0,0.0,23.687,34.681
2026-01-08 16:00:00,306.0,26.0,0.0,13.146,34.84
2026-01-08 17:00:00,88.0,23.0,0.0,4.509,37.378
2026-01-08 18:00:00,0.0,22.0,4.39,0.0,38.265
2026-01-08 19:00:00,0.0,21.0,8.77,0.0,43.796
2026-01-08 20:00:00,0.0,20.0,13.16,0.0,43.026
2026-01-08 21:00:00,0.0,19.0,17.55,0.0,39.206
2026-01-08 22:00:00,0.0,18.0,21.93,0.0,29.303
2026-01-08 23:00:00,0.0,18.0,26.32,0.0,16.543
2026-01-09 00:00:00,0.0,17.0,30.7,0.0,10.079
2026-01-09 01:00:00,0.0,16.0,35.09,0.0,10.528
2026-01-09 02:00:00,0.0,16.0,39.48,0.0,10.0
2026-01-09 03:00:00,0.0,15.0,43.86,0.0,11.259
2026-01-09 04:00:00,0.0,15.0,48.25,0.0,11.879
2026-01-09 05:00:00,0.0,15.0,52.64,0.0,12.838
2026-01-09 06:00:00,0.0,14.0,57.02,0.0,15.465
2026-01-09 07:00:00,31.0,16.0,61.41,1.331,21.517
2026-01-09 08:00:00,233.0,20.0,17.34,10.602,28.992
2026-01-09 09:00:00,450.0,24.0,5.0,20.677,32.959
2026-01-09 10:00:00,631.0,26.0,0.0,26.286,33.097
2026-01-09 11:00:00,754.0,27.0,0.0,29.364,43.687
2026-01-09 12:00:00,806.0,28.0,0.0,32.717,38.769
2026-01-09 13:00:00,782.0,28.0,0.0,32.835,33.095
2026-01-09 14:00:00,685.0,28.0,0.0,26.828,44.575
2026-01-09 15:00:00,523.0,27.0,0.0,20.847,34.602
2026-01-09 16:00:00,317.0,25.0,0.0,13.677,43.246
2026-01-09 17:00:00,85.0,22.0,0.0,3.687,34.711
2026-01-09 18:00:00,0.0,21.0,4.77,0.0,39.487
2026-01-09 19:00:00,0.0,20.0,9.53,0.0,42.281
2026-01-09 20:00:00,0.0,19.0,14.3,0.0,39.806
2026-01-09 21:00:00,0.0,19.0,19.06,0.0,37.22
2026-01-09 22:00:00,0.0,18.0,23.83,0.0,31.94
2026-01-09 23:00:00,0.0,17.0,28.59,0.0,16.474
2026-01-10 00:00:00,0.0,17.0,33.36,0.0,10.0
2026-01-10 01:00:00,0.0,16.0,38.12,0.0,10.747
2026-01-10 02:00:00,0.0,15.0,42.89,0.0,11.436
2026-01-10 03:00:00,0.0,15.0,47.65,0.0,11.827
2026-01-10 04:00:00,0.0,14.0,52.42,0.0,12.387
2026-01-10 05:00:00,0.0,14.0,57.18,0.0,10.0
2026-01-10 06:00:00,0.0,14.0,61.95,0.0,13.292
2026-01-10 07:00:00,27.0,16.0,66.71,1.176,20.254
2026-01-10 08:00:00,232.0,19.0,18.02,10.725,25.282
2026-01-10 09:00:00,448.0,24.0,5.69,20.475,26.476
2026-01-10 10:00:00,629.0,26.0,0.16,27.74,28.356
2026-01-10 11:00:00,752.0,27.0,0.0,29.642,29.864
2026-01-10 12:00:00,804.0,28.0,0.0,29.929,30.897
2026-01-10 13:00:00,780.0,29.0,0.0,29.492,28.945
2026-01-10 14:00:00,684.0,28.0,0.0,27.401,33.665
2026-01-10 15:00:00,525.0,27.0,0.0,19.161,30.729
2026-01-10 16:00:00,319.0,25.0,0.0,13.868,31.491
2026-01-10 17:00:00,88.0,22.0,0.0,4.428,28.868
2026-01-10 18:00:00,0.0,21.0,4.53,0.0,34.584
2026-01-10 19:00:00,0.0,20.0,9.05,0.0,35.97
2026-01-10 20:00:00,0.0,19.0,13.58,0.0,36.62
2026-01-10 21:00:00,0.0,19.0,18.11,0.0,33.092
2026-01-10 22:00:00,0.0,18.0,22.64,0.0,30.212
2026-01-10 23:00:00,0.0,17.0,27.16,0.0,13.241
2026-01-11 00:00:00,0.0,16.0,31.69,0.0,11.985
2026-01-11 01:00:00,0.0,16.0,36.22,0.0,10.576
2026-01-11 02:00:00,0.0,15.0,40.74,0.0,10.0
2026-01-11 03:00:00,0.0,15.0,45.27,0.0,12.897
2026-01-11 04:00:00,0.0,14.0,49.8,0.0,12.998
2026-01-11 05:00:00,0.0,14.0,54.33,0.0,10.0
2026-01-11 06:00:00,0.0,14.0,58.85,0.0,15.167
2026-01-11 07:00:00,30.0,16.0,63.38,1.418,21.648
2026-01-11 08:00:00,234.0,19.0,17.65,10.659,25.788
2026-01-11 09:00:00,451.0,24.0,5.35,17.295,28.932
2026-01-11 10:00:00,633.0,26.0,0.0,27.651,30.961
2026-01-11 11:00:00,756.0,28.0,0.0,29.539,31.411
2026-01-11 12:00:00,807.0,29.0,0.0,33.585,34.158
2026-01-11 13:00:00,784.0,29.0,0.0,31.183,32.118
2026-01-11 14:00:00,687.0,29.0,0.0,29.413,30.642
2026-01-11 15:00:00,527.0,28.0,0.0,22.448,30.677
2026-01-11 16:00:00,321.0,26.0,0.0,13.952,32.511
2026-01-11 17:00:00,97.0,23.0,0.0,4.357,28.57
2026-01-11 18:00:00,0.0,22.0,4.9,0.0,33.206
2026-01-11 19:00:00,0.0,21.0,9.8,0.0,35.495
2026-01-11 20:00:00,0.0,20.0,14.7,0.0,35.918
2026-01-11 21:00:00,0.0,19.0,19.6,0.0,33.099
2026-01-11 22:00:00,0.0,18.0,24.5,0.0,26.196
2026-01-11 23:00:00,0.0,17.0,29.4,0.0,16.957
2026-01-12 00:00:00,0.0,17.0,34.3,0.0,10.234
2026-01-12 01:00:00,0.0,16.0,39.19,0.0,13.328
2026-01-12 02:00:00,0.0,15.0,44.09,0.0,10.626
2026-01-12 03:00:00,0.0,15.0,48.99,0.0,11.974
2026-01-12 04:00:00,0.0,15.0,53.89,0.0,11.383
2026-01-12 05:00:00,0.0,14.0,58.79,0.0,13.041
2026-01-12 06:00:00,0.0,14.0,63.69,0.0,16.798
2026-01-12 07:00:00,26.0,16.0,68.59,1.29,23.329
2026-01-12 08:00:00,231.0,20.0,19.06,10.964,36.211
2026-01-12 09:00:00,448.0,24.0,6.28,21.582,33.98
2026-01-12 10:00:00,629.0,27.0,0.7,28.219,33.372
2026-01-12 11:00:00,752.0,29.0,0.0,32.862,36.863
2026-01-12 12:00:00,805.0,30.0,0.0,29.054,35.493
2026-01-12 13:00:00,783.0,30.0,0.0,31.774,36.008
2026-01-12 14:00:00,688.0,29.0,0.0,27.862,35.009
2026-01-12 15:00:00,529.0,28.0,0.0,21.76,32.479
2026-01-12 16:00:00,324.0,26.0,0.0,14.623,38.72
2026-01-12 17:00:00,94.0,23.0,0.0,4.203,39.399
2026-01-12 18:00:00,0.0,22.0,4.67,0.0,37.929
2026-01-12 19:00:00,0.0,21.0,9.33,0.0,42.789
2026-01-12 20:00:00,0.0,20.0,14.0,0.0,41.257
2026-01-12 21:00:00,0.0,20.0,18.67,0.0,38.232
2026-01-12 22:00:00,0.0,19.0,23.34,0.0,33.268
2026-01-12 23:00:00,0.0,18.0,28.0,0.0,17.453
2026-01-13 00:00:00,0.0,17.0,32.67,0.0,11.389
2026-01-13 01:00:00,0.0,17.0,37.34,0.0,11.922
2026-01-13 02:00:00,0.0,16.0,42.0,0.0,10.484
2026-01-13 03:00:00,0.0,16.0,46.67,0.0,10.0
2026-01-13 04:00:00,0.0,15.0,51.34,0.0,10.0
2026-01-13 05:00:00,0.0,15.0,56.01,0.0,10.0
2026-01-13 06:00:00,0.0,15.0,60.67,0.0,16.92
2026-01-13 07:00:00,29.0,18.0,65.34,1.279,24.255
2026-01-13 08:00:00,231.0,21.0,19.42,11.274,29.818
2026-01-13 09:00:00,449.0,25.0,6.38,18.367,31.935
2026-01-13 10:00:00,631.0,29.0,0.67,24.075,36.605
2026-01-13 11:00:00,754.0,30.0,0.0,31.238,34.293
2026-01-13 12:00:00,806.0,31.0,0.0,34.863,36.099
2026-01-13 13:00:00,783.0,31.0,0.0,30.998,38.069
2026-01-13 14:00:00,687.0,31.0,0.0,28.88,35.948
2026-01-13 15:00:00,529.0,29.0,0.0,22.651,38.513
2026-01-13 16:00:00,325.0,26.0,0.0,13.677,36.531
2026-01-13 17:00:00,92.0,24.0,0.0,4.157,34.927
2026-01-13 18:00:00,0.0,23.0,5.03,0.0,38.746
2026-01-13 19:00:00,0.0,22.0,10.06,0.0,40.109
2026-01-13 20:00:00,0.0,21.0,15.1,0.0,41.262
2026-01-13 21:00:00,0.0,20.0,20.13,0.0,40.055
2026-01-13 22:00:00,0.0,19.0,25.16,0.0,32.574
2026-01-13 23:00:00,0.0,19.0,30.19,0.0,14.28
2026-01-14 00:00:00,0.0,18.0,35.22,0.0,10.946
2026-01-14 01:00:00,0.0,17.0,40.26,0.0,10.0
2026-01-14 02:00:00,0.0,17.0,45.29,0.0,11.326
2026-01-14 03:00:00,0.0,16.0,50.32,0.0,10.0
2026-01-14 04:00:00,0.0,16.0,55.35,0.0,10.0
2026-01-14 05:00:00,0.0,15.0,60.39,0.0,12.345
2026-01-14 06:00:00,0.0,15.0,65.42,0.0,16.783
2026-01-14 07:00:00,25.0,18.0,70.45,1.024,23.325
2026-01-14 08:00:00,231.0,21.0,19.79,10.332,31.568
2026-01-14 09:00:00,454.0,25.0,5.66,19.009,32.139
2026-01-14 10:00:00,639.0,29.0,0.0,26.767,34.347
2026-01-14 11:00:00,765.0,30.0,0.0,33.661,37.227
2026-01-14 12:00:00,819.0,31.0,0.0,33.598,35.849
2026-01-14 13:00:00,798.0,31.0,0.0,32.676,37.823
2026-01-14 14:00:00,702.0,31.0,0.0,25.823,36.843
2026-01-14 15:00:00,542.0,29.0,0.0,21.8,36.782
2026-01-14 16:00:00,335.0,27.0,0.0,12.827,33.731
2026-01-14 17:00:00,100.0,24.0,0.0,4.143,34.086
2026-01-14 18:00:00,0.0,22.0,5.06,0.0,38.921
2026-01-14 19:00:00,0.0,21.0,10.11,0.0,40.066
2026-01-14 20:00:00,0.0,20.0,15.17,0.0,40.69
2026-01-14 21:00:00,0.0,19.0,20.22,0.0,39.11
2026-01-14 22:00:00,0.0,19.0,25.28,0.0,31.994
2026-01-14 23:00:00,0.0,18.0,30.34,0.0,14.523
2026-01-15 00:00:00,0.0,17.0,35.39,0.0,10.417
2026-01-15 01:00:00,0.0,17.0,40.45,0.0,10.0
2026-01-15 02:00:00,0.0,16.0,45.5,0.0,10.471
2026-01-15 03:00:00,0.0,16.0,50.56,0.0,10.32
2026-01-15 04:00:00,0.0,15.0,55.62,0.0,10.0
2026-01-15 05:00:00,0.0,15.0,60.67,0.0,10.569
2026-01-15 06:00:00,0.0,15.0,65.73,0.0,16.094
2026-01-15 07:00:00,25.0,18.0,70.78,1.127,24.348
2026-01-15 08:00:00,235.0,21.0,18.79,10.761,28.89
2026-01-15 09:00:00,455.0,25.0,5.79,18.307,33.242
2026-01-15 10:00:00,640.0,29.0,0.0,26.066,36.836
2026-01-15 11:00:00,766.0,31.0,0.0,29.091,39.345
2026-01-15 12:00:00,820.0,31.0,0.0,30.6,38.166
2026-01-15 13:00:00,797.0,32.0,0.0,32.618,46.001
2026-01-15 14:00:00,701.0,31.0,0.0,28.992,34.836
2026-01-15 15:00:00,540.0,30.0,0.0,23.621,44.056
2026-01-15 16:00:00,334.0,27.0,0.0,14.342,37.456
2026-01-15 17:00:00,104.0,24.0,0.0,4.755,35.959
2026-01-15 18:00:00,0.0,23.0,5.08,0.0,37.921
2026-01-15 19:00:00,0.0,22.0,10.16,0.0,42.42
2026-01-15 20:00:00,0.0,22.0,15.24,0.0,41.105
2026-01-15 21:00:00,0.0,21.0,20.32,0.0,41.086
2026-01-15 22:00:00,0.0,20.0,25.4,0.0,30.058
2026-01-15 23:00:00,0.0,19.0,30.48,0.0,15.423
2026-01-16 00:00:00,0.0,19.0,35.56,0.0,10.0
2026-01-16 01:00:00,0.0,18.0,40.64,0.0,10.702
2026-01-16 02:00:00,0.0,17.0,45.72,0.0,13.369
2026-01-16 03:00:00,0.0,17.0,50.8,0.0,10.138
2026-01-16 04:00:00,0.0,16.0,55.88,0.0,10.641
2026-01-16 05:00:00,0.0,16.0,60.96,0.0,11.97
2026-01-16 06:00:00,0.0,16.0,66.04,0.0,15.837
2026-01-16 07:00:00,25.0,18.0,71.12,1.064,23.512
2026-01-16 08:00:00,230.0,22.0,20.91,10.543,29.049
2026-01-16 09:00:00,447.0,26.0,7.78,20.239,30.816
2026-01-16 10:00:00,630.0,29.0,1.73,25.733,35.118
2026-01-16 11:00:00,755.0,31.0,0.0,30.162,38.289
2026-01-16 12:00:00,810.0,32.0,0.0,31.878,38.3
2026-01-16 13:00:00,789.0,32.0,0.0,32.627,38.618
2026-01-16 14:00:00,695.0,32.0,0.0,26.884,42.86
2026-01-16 15:00:00,536.0,31.0,0.0,23.518,42.768
2026-01-16 16:00:00,332.0,27.0,0.0,13.919,36.8
2026-01-16 17:00:00,107.0,25.0,0.0,4.42,33.917
2026-01-16 18:00:00,0.0,24.0,5.1,0.0,38.11
2026-01-16 19:00:00,0.0,23.0,10.21,0.0,41.325
2026-01-16 20:00:00,0.0,22.0,15.31,0.0,39.215
2026-01-16 21:00:00,0.0,21.0,20.42,0.0,39.07
2026-01-16 22:00:00,0.0,21.0,25.52,0.0,33.469
2026-01-16 23:00:00,0.0,20.0,30.63,0.0,15.506
2026-01-17 00:00:00,0.0,20.0,35.73,0.0,11.265
2026-01-17 01:00:00,0.0,19.0,40.84,0.0,10.0
2026-01-17 02:00:00,0.0,18.0,45.94,0.0,10.0
2026-01-17 03:00:00,0.0,18.0,51.05,0.0,13.042
2026-01-17 04:00:00,0.0,18.0,56.15,0.0,10.0
2026-01-17 05:00:00,0.0,17.0,61.26,0.0,10.0
2026-01-17 06:00:00,0.0,17.0,66.36,0.0,15.221
2026-01-17 07:00:00,25.0,20.0,71.47,1.083,21.036
2026-01-17 08:00:00,225.0,23.0,23.02,9.364,26.104
2026-01-17 09:00:00,439.0,27.0,9.77,19.13,31.862
2026-01-17 10:00:00,620.0,30.0,3.6,26.209,31.042
2026-01-17 11:00:00,744.0,31.0,0.04,29.796,32.48
2026-01-17 12:00:00,799.0,32.0,0.0,32.127,35.472
2026-01-17 13:00:00,780.0,32.0,0.0,33.001,34.371
2026-01-17 14:00:00,688.0,31.0,0.0,27.205,33.754
2026-01-17 15:00:00,532.0,30.0,0.0,22.484,32.124
2026-01-17 16:00:00,330.0,28.0,0.0,13.578,33.846
2026-01-17 17:00:00,104.0,25.0,0.0,4.879,31.554
2026-01-17 18:00:00,0.0,23.0,5.13,0.0,34.045
2026-01-17 19:00:00,0.0,21.0,10.26,0.0,35.011
2026-01-17 20:00:00,0.0,20.0,15.39,0.0,35.569
2026-01-17 21:00:00,0.0,19.0,20.52,0.0,35.678
2026-01-17 22:00:00,0.0,18.0,25.65,0.0,26.508
2026-01-17 23:00:00,0.0,18.0,30.78,0.0,14.21
2026-01-18 00:00:00,0.0,17.0,35.91,0.0,10.0
2026-01-18 01:00:00,0.0,17.0,41.04,0.0,10.0
2026-01-18 02:00:00,0.0,17.0,46.17,0.0,10.142
2026-01-18 03:00:00,0.0,17.0,51.3,0.0,11.506
2026-01-18 04:00:00,0.0,16.0,56.43,0.0,11.056
2026-01-18 05:00:00,0.0,16.0,61.56,0.0,11.069
2026-01-18 06:00:00,0.0,16.0,66.69,0.0,15.308
2026-01-18 07:00:00,25.0,19.0,71.82,1.11,21.534
2026-01-18 08:00:00,228.0,22.0,22.4,10.472,22.816
2026-01-18 09:00:00,444.0,26.0,9.09,20.545,29.81
2026-01-18 10:00:00,626.0,30.0,2.99,24.803,30.973
2026-01-18 11:00:00,751.0,31.0,0.0,32.266,32.669
2026-01-18 12:00:00,807.0,32.0,0.0,29.139,33.697
2026-01-18 13:00:00,787.0,32.0,0.0,29.172,32.95
2026-01-18 14:00:00,695.0,31.0,0.0,28.305,33.316
2026-01-18 15:00:00,538.0,30.0,0.0,22.35,33.149
2026-01-18 16:00:00,335.0,28.0,0.0,13.37,31.865
2026-01-18 17:00:00,96.0,25.0,0.0,4.087,32.57
2026-01-18 18:00:00,0.0,23.0,4.84,0.0,34.771
2026-01-18 19:00:00,0.0,22.0,9.67,0.0,36.253
2026-01-18 20:00:00,0.0,21.0,14.51,0.0,36.39
2026-01-18 21:00:00,0.0,20.0,19.35,0.0,32.383
2026-01-18 22:00:00,0.0,19.0,24.18,0.0,31.085
2026-01-18 23:00:00,0.0,18.0,29.02,0.0,13.807
2026-01-19 00:00:00,0.0,17.0,33.86,0.0,10.958
2026-01-19 01:00:00,0.0,17.0,38.69,0.0,10.099
2026-01-19 02:00:00,0.0,16.0,43.53,0.0,10.0
2026-01-19 03:00:00,0.0,16.0,48.37,0.0,10.0
2026-01-19 04:00:00,0.0,15.0,53.2,0.0,10.0
2026-01-19 05:00:00,0.0,15.0,58.04,0.0,12.864
2026-01-19 06:00:00,0.0,15.0,62.88,0.0,14.313
2026-01-19 07:00:00,29.0,17.0,67.71,1.255,24.377
2026-01-19 08:00:00,228.0,21.0,22.82,10.173,29.408
2026-01-19 09:00:00,445.0,26.0,9.25,18.245,39.342
2026-01-19 10:00:00,629.0,29.0,2.86,25.449,35.996
2026-01-19 11:00:00,754.0,31.0,0.0,33.348,41.029
2026-01-19 12:00:00,810.0,32.0,0.0,30.406,35.459
2026-01-19 13:00:00,790.0,32.0,0.0,28.787,35.273
2026-01-19 14:00:00,698.0,31.0,0.0,27.569,37.368
2026-01-19 15:00:00,541.0,30.0,0.0,22.908,37.845
2026-01-19 16:00:00,338.0,28.0,0.0,12.994,42.8
2026-01-19 17:00:00,116.0,25.0,0.0,5.138,34.202
2026-01-19 18:00:00,0.0,24.0,5.18,0.0,38.733
2026-01-19 19:00:00,0.0,23.0,10.36,0.0,41.044
2026-01-19 20:00:00,0.0,23.0,15.54,0.0,38.554
2026-01-19 21:00:00,0.0,21.0,20.72,0.0,38.586
2026-01-19 22:00:00,0.0,20.0,25.9,0.0,32.731
2026-01-19 23:00:00,0.0,20.0,31.08,0.0,16.595
2026-01-20 00:00:00,0.0,19.0,36.26,0.0,13.277
2026-01-20 01:00:00,0.0,19.0,41.44,0.0,10.0
2026-01-20 02:00:00,0.0,19.0,46.62,0.0,10.0
2026-01-20 03:00:00,0.0,18.0,51.8,0.0,10.386
2026-01-20 04:00:00,0.0,18.0,56.98,0.0,10.841
2026-01-20 05:00:00,0.0,18.0,62.16,0.0,10.0
2026-01-20 06:00:00,0.0,17.0,67.34,0.0,16.844
2026-01-20 07:00:00,25.0,20.0,72.52,0.957,23.348
2026-01-20 08:00:00,225.0,23.0,24.25,9.429,25.533
2026-01-20 09:00:00,440.0,27.0,10.63,17.582,32.587
2026-01-20 10:00:00,623.0,29.0,4.12,23.639,34.118
2026-01-20 11:00:00,749.0,30.0,0.33,30.516,35.865
2026-01-20 12:00:00,806.0,31.0,0.0,31.018,44.377
2026-01-20 13:00:00,788.0,31.0,0.0,29.197,36.633
2026-01-20 14:00:00,697.0,30.0,0.0,28.61,38.166
2026-01-20 15:00:00,542.0,29.0,0.0,22.004,36.621
2026-01-20 16:00:00,340.0,27.0,0.0,15.517,39.643
2026-01-20 17:00:00,114.0,24.0,0.0,4.677,38.868
2026-01-20 18:00:00,0.0,22.0,4.9,0.0,38.728
2026-01-20 19:00:00,0.0,20.0,9.79,0.0,39.959
2026-01-20 20:00:00,0.0,19.0,14.69,0.0,41.495
2026-01-20 21:00:00,0.0,18.0,19.58,0.0,39.732
2026-01-20 22:00:00,0.0,17.0,24.48,0.0,31.064
2026-01-20 23:00:00,0.0,17.0,29.37,0.0,14.199
2026-01-21 00:00:00,0.0,16.0,34.27,0.0,10.0
2026-01-21 01:00:00,0.0,16.0,39.16,0.0,10.0
2026-01-21 02:00:00,0.0,15.0,44.06,0.0,10.0
2026-01-21 03:00:00,0.0,15.0,48.95,0.0,10.0
2026-01-21 04:00:00,0.0,15.0,53.85,0.0,10.0
2026-01-21 05:00:00,0.0,15.0,58.74,0.0,11.995
2026-01-21 06:00:00,0.0,15.0,63.64,0.0,16.648
2026-01-21 07:00:00,29.0,17.0,68.53,1.297,23.279
2026-01-21 08:00:00,226.0,20.0,24.34,10.27,29.643
2026-01-21 09:00:00,441.0,24.0,10.8,21.619,29.581
2026-01-21 10:00:00,624.0,26.0,4.31,27.811,31.468
2026-01-21 11:00:00,750.0,28.0,0.53,29.485,34.269
2026-01-21 12:00:00,784.0,28.0,0.65,31.664,33.172
2026-01-21 13:00:00,784.0,29.0,0.0,32.337,31.678
2026-01-21 14:00:00,697.0,28.0,0.0,26.558,33.436
2026-01-21 15:00:00,542.0,27.0,0.0,21.916,36.297
2026-01-21 16:00:00,340.0,25.0,0.0,13.615,35.371
2026-01-21 17:00:00,117.0,22.0,0.0,5.357,34.735
2026-01-21 18:00:00,0.0,20.0,4.92,0.0,39.184
2026-01-21 19:00:00,0.0,19.0,9.85,0.0,43.528
2026-01-21 20:00:00,0.0,18.0,14.77,0.0,39.516
2026-01-21 21:00:00,0.0,18.0,19.7,0.0,37.149
2026-01-21 22:00:00,0.0,17.0,24.62,0.0,33.574
2026-01-21 23:00:00,0.0,16.0,29.55,0.0,16.539
2026-01-22 00:00:00,0.0,16.0,34.47,0.0,10.0
2026-01-22 01:00:00,0.0,16.0,39.4,0.0,11.273
2026-01-22 02:00:00,0.0,16.0,44.32,0.0,10.0
2026-01-22 03:00:00,0.0,16.0,49.25,0.0,10.0
2026-01-22 04:00:00,0.0,16.0,54.17,0.0,10.0
2026-01-22 05:00:00,0.0,16.0,59.1,0.0,11.65
2026-01-22 06:00:00,0.0,16.0,64.02,0.0,16.288
2026-01-22 07:00:00,29.0,17.0,68.95,1.258,25.123
2026-01-22 08:00:00,224.0,19.0,25.44,9.701,35.992
2026-01-22 09:00:00,438.0,22.0,11.78,18.988,30.07
2026-01-22 10:00:00,619.0,25.0,5.43,25.764,34.265
2026-01-22 11:00:00,743.0,26.0,1.79,31.554,39.069
2026-01-22 12:00:00,742.0,27.0,6.29,30.272,33.453
2026-01-22 13:00:00,697.0,26.0,7.87,26.533,30.115
2026-01-22 14:00:00,641.0,25.0,2.07,25.353,37.649
2026-01-22 15:00:00,537.0,24.0,0.0,23.544,31.024
2026-01-22 16:00:00,338.0,23.0,0.0,13.36,33.551
2026-01-22 17:00:00,124.0,21.0,0.0,5.081,33.288
2026-01-22 18:00:00,0.0,20.0,5.26,0.0,41.244
2026-01-22 19:00:00,0.0,19.0,10.51,0.0,39.3
2026-01-22 20:00:00,0.0,18.0,15.77,0.0,39.374
2026-01-22 21:00:00,0.0,17.0,21.02,0.0,38.842
2026-01-22 22:00:00,0.0,16.0,26.28,0.0,32.73
2026-01-22 23:00:00,0.0,16.0,31.54,0.0,12.878
2026-01-23 00:00:00,0.0,16.0,36.79,0.0,10.0
2026-01-23 01:00:00,0.0,16.0,42.05,0.0,10.131
2026-01-23 02:00:00,0.0,15.0,47.31,0.0,12.098
2026-01-23 03:00:00,0.0,15.0,52.56,0.0,12.843
2026-01-23 04:00:00,0.0,14.0,57.82,0.0,10.0
2026-01-23 05:00:00,0.0,14.0,63.07,0.0,10.961
2026-01-23 06:00:00,0.0,14.0,68.33,0.0,14.828
2026-01-23 07:00:00,25.0,16.0,73.59,1.138,23.886
2026-01-23 08:00:00,231.0,19.0,23.56,10.087,30.64
2026-01-23 09:00:00,451.0,22.0,9.56,20.801,38.395
2026-01-23 10:00:00,638.0,25.0,2.89,22.893,40.596
2026-01-23 11:00:00,769.0,26.0,0.0,30.601,32.326
2026-01-23 12:00:00,820.0,27.0,0.0,30.331,33.261
2026-01-23 13:00:00,716.0,28.0,5.69,26.764,35.733
2026-01-23 14:00:00,709.0,27.0,0.0,29.213,32.889
2026-01-23 15:00:00,564.0,26.0,0.0,23.01,31.458
2026-01-23 16:00:00,358.0,24.0,0.0,14.809,37.917
2026-01-23 17:00:00,123.0,21.0,0.0,5.502,33.609
2026-01-23 18:00:00,0.0,19.0,4.91,0.0,36.45
2026-01-23 19:00:00,0.0,18.0,9.82,0.0,41.825
2026-01-23 20:00:00,0.0,17.0,14.73,0.0,41.708
2026-01-23 21:00:00,0.0,16.0,19.64,0.0,41.104
2026-01-23 22:00:00,0.0,15.0,24.55,0.0,30.135
2026-01-23 23:00:00,0.0,14.0,29.46,0.0,17.523
2026-01-24 00:00:00,0.0,14.0,34.37,0.0,12.01
2026-01-24 01:00:00,0.0,13.0,39.28,0.0,11.137
2026-01-24 02:00:00,0.0,13.0,44.19,0.0,10.0
2026-01-24 03:00:00,0.0,12.0,49.09,0.0,10.0
2026-01-24 04:00:00,0.0,12.0,54.0,0.0,10.546
2026-01-24 05:00:00,0.0,11.0,58.91,0.0,11.11
2026-01-24 06:00:00,0.0,11.0,63.82,0.0,14.137
2026-01-24 07:00:00,30.0,14.0,68.73,1.168,22.468
2026-01-24 08:00:00,240.0,18.0,21.05,11.006,24.609
2026-01-24 09:00:00,464.0,23.0,7.36,18.329,24.159
2026-01-24 10:00:00,652.0,26.0,1.14,24.879,28.816
2026-01-24 11:00:00,781.0,28.0,0.0,29.247,31.712
2026-01-24 12:00:00,837.0,29.0,0.0,36.666,31.449
2026-01-24 13:00:00,788.0,29.0,0.0,33.968,31.274
2026-01-24 14:00:00,728.0,29.0,0.0,29.49,33.226
2026-01-24 15:00:00,569.0,28.0,0.0,22.974,29.889
2026-01-24 16:00:00,361.0,26.0,0.0,14.413,30.177
2026-01-24 17:00:00,127.0,22.0,0.0,5.742,31.843
2026-01-24 18:00:00,0.0,21.0,5.23,0.0,31.026
2026-01-24 19:00:00,0.0,20.0,10.47,0.0,35.755
2026-01-24 20:00:00,0.0,19.0,15.7,0.0,37.14
2026-01-24 21:00:00,0.0,18.0,20.94,0.0,35.07
2026-01-24 22:00:00,0.0,17.0,26.17,0.0,28.964
2026-01-24 23:00:00,0.0,17.0,31.4,0.0,16.29
2026-01-25 00:00:00,0.0,16.0,36.64,0.0,10.0
2026-01-25 01:00:00,0.0,15.0,41.87,0.0,12.332
2026-01-25 02:00:00,0.0,14.0,47.1,0.0,10.0
2026-01-25 03:00:00,0.0,14.0,52.34,0.0,10.0
2026-01-25 04:00:00,0.0,14.0,57.57,0.0,10.953
2026-01-25 05:00:00,0.0,13.0,62.81,0.0,10.294
2026-01-25 06:00:00,0.0,13.0,68.04,0.0,15.209
2026-01-25 07:00:00,26.0,16.0,73.27,1.063,21.263
2026-01-25 08:00:00,233.0,20.0,23.82,10.359,27.659
2026-01-25 09:00:00,451.0,25.0,10.36,20.098,28.167
2026-01-25 10:00:00,636.0,28.0,3.94,23.672,29.764
2026-01-25 11:00:00,764.0,29.0,0.09,29.123,32.737
2026-01-25 12:00:00,823.0,30.0,0.0,31.723,30.556
2026-01-25 13:00:00,793.0,30.0,0.0,31.797,32.834
2026-01-25 14:00:00,718.0,30.0,0.0,29.043,31.974
2026-01-25 15:00:00,562.0,28.0,0.0,23.475,32.011
2026-01-25 16:00:00,358.0,26.0,0.0,15.887,28.277
2026-01-25 17:00:00,130.0,23.0,0.0,5.463,26.529
2026-01-25 18:00:00,0.0,21.0,5.19,0.0,31.678
2026-01-25 19:00:00,0.0,19.0,10.38,0.0,38.274
2026-01-25 20:00:00,0.0,18.0,15.56,0.0,33.813
2026-01-25 21:00:00,0.0,17.0,20.75,0.0,34.395
2026-01-25 22:00:00,0.0,16.0,25.94,0.0,27.141
2026-01-25 23:00:00,0.0,15.0,31.13,0.0,14.994
2026-01-26 00:00:00,0.0,15.0,36.31,0.0,10.737
2026-01-26 01:00:00,0.0,14.0,41.5,0.0,12.801
2026-01-26 02:00:00,0.0,14.0,46.69,0.0,11.018
2026-01-26 03:00:00,0.0,13.0,51.88,0.0,10.739
2026-01-26 04:00:00,0.0,13.0,57.07,0.0,12.315
2026-01-26 05:00:00,0.0,12.0,62.25,0.0,10.314
2026-01-26 06:00:00,0.0,12.0,67.44,0.0,17.496
2026-01-26 07:00:00,27.0,15.0,72.63,1.273,24.262
2026-01-26 08:00:00,239.0,19.0,22.34,9.661,29.746
2026-01-26 09:00:00,467.0,24.0,7.61,20.983,30.283
2026-01-26 10:00:00,658.0,26.0,1.0,26.451,32.388
2026-01-26 11:00:00,790.0,28.0,0.0,30.963,33.782
2026-01-26 12:00:00,839.0,29.0,0.0,30.528,33.62
2026-01-26 13:00:00,790.0,29.0,0.0,31.631,33.266
2026-01-26 14:00:00,737.0,29.0,0.0,29.328,35.464
2026-01-26 15:00:00,582.0,27.0,0.0,23.023,34.43
2026-01-26 16:00:00,373.0,25.0,0.0,15.752,34.854
2026-01-26 17:00:00,133.0,22.0,0.0,5.923,34.683
2026-01-26 18:00:00,0.0,20.0,5.22,0.0,37.516
2026-01-26 19:00:00,0.0,19.0,10.43,0.0,39.974
2026-01-26 20:00:00,0.0,18.0,15.65,0.0,40.68
2026-01-26 21:00:00,0.0,17.0,20.86,0.0,37.415
2026-01-26 22:00:00,0.0,16.0,26.08,0.0,30.767
2026-01-26 23:00:00,0.0,15.0,31.29,0.0,18.874
2026-01-27 00:00:00,0.0,15.0,36.51,0.0,10.0
2026-01-27 01:00:00,0.0,14.0,41.72,0.0,13.332
2026-01-27 02:00:00,0.0,14.0,46.94,0.0,10.604
2026-01-27 03:00:00,0.0,13.0,52.15,0.0,11.581
2026-01-27 04:00:00,0.0,13.0,57.37,0.0,11.716
2026-01-27 05:00:00,0.0,13.0,62.58,0.0,12.064
2026-01-27 06:00:00,0.0,13.0,67.8,0.0,18.327
2026-01-27 07:00:00,27.0,16.0,73.01,1.424,21.485
2026-01-27 08:00:00,236.0,20.0,23.8,9.628,35.3
2026-01-27 09:00:00,457.0,24.0,10.01,18.645,29.306
2026-01-27 10:00:00,643.0,27.0,3.65,24.65,36.614
2026-01-27 11:00:00,772.0,29.0,0.0,30.075,42.645
2026-01-27 12:00:00,830.0,30.0,0.0,35.482,38.122
2026-01-27 13:00:00,788.0,30.0,0.0,28.193,35.057
2026-01-27 14:00:00,721.0,30.0,0.0,28.035,38.477
2026-01-27 15:00:00,509.0,29.0,0.0,21.228,39.17
2026-01-27 16:00:00,339.0,27.0,0.0,13.125,39.943
2026-01-27 17:00:00,80.0,25.0,20.04,3.753,37.418
2026-01-27 18:00:00,0.0,23.0,23.78,0.0,42.301
2026-01-27 19:00:00,0.0,23.0,27.52,0.0,41.955
2026-01-27 20:00:00,0.0,22.0,31.26,0.0,41.32
2026-01-27 21:00:00,0.0,21.0,35.0,0.0,38.913
2026-01-27 22:00:00,0.0,20.0,38.74,0.0,32.0
2026-01-27 23:00:00,0.0,19.0,42.48,0.0,16.71
2026-01-28 00:00:00,0.0,18.0,46.22,0.0,11.853
2026-01-28 01:00:00,0.0,18.0,49.96,0.0,10.0
2026-01-28 02:00:00,0.0,17.0,53.7,0.0,10.0
2026-01-28 03:00:00,0.0,17.0,57.44,0.0,10.709
2026-01-28 04:00:00,0.0,16.0,61.18,0.0,10.0
2026-01-28 05:00:00,0.0,16.0,64.93,0.0,10.375
2026-01-28 06:00:00,0.0,16.0,68.67,0.0,15.8
2026-01-28 07:00:00,28.0,18.0,72.41,1.185,22.479
2026-01-28 08:00:00,232.0,22.0,25.56,9.753,30.054
2026-01-28 09:00:00,440.0,26.0,13.76,18.419,31.767
2026-01-28 10:00:00,368.0,28.0,45.08,16.825,36.125
2026-01-28 11:00:00,683.0,29.0,11.68,27.608,36.038
2026-01-28 12:00:00,826.0,30.0,0.0,28.848,35.376
2026-01-28 13:00:00,754.0,30.0,2.49,29.288,35.522
2026-01-28 14:00:00,349.0,30.0,47.92,14.171,37.892
2026-01-28 15:00:00,522.0,29.0,0.0,21.818,45.758
2026-01-28 16:00:00,362.0,28.0,0.0,14.366,37.689
2026-01-28 17:00:00,140.0,25.0,0.0,6.262,36.137
2026-01-28 18:00:00,0.0,23.0,5.13,0.0,37.107
2026-01-28 19:00:00,0.0,22.0,10.26,0.0,39.373
2026-01-28 20:00:00,0.0,20.0,15.39,0.0,40.248
2026-01-28 21:00:00,0.0,19.0,20.52,0.0,40.439
2026-01-28 22:00:00,0.0,18.0,25.65,0.0,32.309
2026-01-28 23:00:00,0.0,18.0,30.78,0.0,15.415
2026-01-29 00:00:00,0.0,17.0,35.91,0.0,10.0
2026-01-29 01:00:00,0.0,16.0,41.05,0.0,10.0
2026-01-29 02:00:00,0.0,17.0,46.18,0.0,10.0
2026-01-29 03:00:00,0.0,17.0,51.31,0.0,11.51
2026-01-29 04:00:00,0.0,17.0,56.44,0.0,11.918
2026-01-29 05:00:00,0.0,16.0,61.57,0.0,10.0
2026-01-29 06:00:00,0.0,16.0,66.7,0.0,17.054
2026-01-29 07:00:00,29.0,17.0,71.83,1.275,23.911
2026-01-29 08:00:00,235.0,20.0,25.09,10.606,33.63
2026-01-29 09:00:00,456.0,25.0,11.05,18.326,36.9
2026-01-29 10:00:00,642.0,28.0,4.59,25.577,42.633
2026-01-29 11:00:00,772.0,29.0,0.55,27.951,35.979
2026-01-29 12:00:00,831.0,30.0,0.0,33.469,33.105
2026-01-29 13:00:00,810.0,30.0,0.0,31.65,35.484
2026-01-29 14:00:00,727.0,29.0,0.0,28.362,35.841
2026-01-29 15:00:00,572.0,28.0,0.0,23.842,37.711
2026-01-29 16:00:00,368.0,26.0,0.0,14.741,34.064
2026-01-29 17:00:00,131.0,23.0,0.0,5.513,33.236
2026-01-29 18:00:00,0.0,21.0,5.09,0.0,38.708
2026-01-29 19:00:00,0.0,20.0,10.18,0.0,41.908
2026-01-29 20:00:00,0.0,19.0,15.27,0.0,41.136
2026-01-29 21:00:00,0.0,18.0,20.36,0.0,39.346
2026-01-29 22:00:00,0.0,17.0,25.46,0.0,30.425
2026-01-29 23:00:00,0.0,17.0,30.55,0.0,17.056
2026-01-30 00:00:00,0.0,16.0,35.64,0.0,10.0
2026-01-30 01:00:00,0.0,16.0,40.73,0.0,10.299
2026-01-30 02:00:00,0.0,15.0,45.82,0.0,12.591
2026-01-30 03:00:00,0.0,16.0,50.91,0.0,10.0
2026-01-30 04:00:00,0.0,16.0,56.0,0.0,10.109
2026-01-30 05:00:00,0.0,17.0,61.09,0.0,10.0
2026-01-30 06:00:00,0.0,17.0,66.18,0.0,16.214
2026-01-30 07:00:00,30.0,18.0,71.28,1.403,24.468
2026-01-30 08:00:00,183.0,20.0,42.04,8.039,28.738
2026-01-30 09:00:00,459.0,24.0,10.9,20.055,30.337
2026-01-30 10:00:00,459.0,27.0,32.07,18.539,35.61
2026-01-30 11:00:00,756.0,29.0,2.99,28.545,36.213
2026-01-30 12:00:00,835.0,30.0,0.0,30.87,36.647
2026-01-30 13:00:00,670.0,30.0,14.02,25.558,36.301
2026-01-30 14:00:00,711.0,29.0,0.0,29.03,30.923
2026-01-30 15:00:00,439.0,28.0,14.78,18.106,35.393
2026-01-30 16:00:00,368.0,25.0,0.0,15.133,32.741
2026-01-30 17:00:00,134.0,23.0,0.0,6.198,32.839
2026-01-30 18:00:00,0.0,21.0,5.05,0.0,41.064
2026-01-30 19:00:00,0.0,20.0,10.11,0.0,40.975
2026-01-30 20:00:00,0.0,19.0,15.16,0.0,43.65
2026-01-30 21:00:00,0.0,18.0,20.21,0.0,36.529
2026-01-30 22:00:00,0.0,17.0,25.27,0.0,30.483
2026-01-30 23:00:00,0.0,17.0,30.32,0.0,17.567
2026-01-31 00:00:00,0.0,16.0,35.37,0.0,10.178
2026-01-31 01:00:00,0.0,16.0,40.43,0.0,10.84
2026-01-31 02:00:00,0.0,15.0,45.48,0.0,10.007
2026-01-31 03:00:00,0.0,15.0,50.53,0.0,10.0
2026-01-31 04:00:00,0.0,15.0,55.59,0.0,10.0
2026-01-31 05:00:00,0.0,15.0,60.64,0.0,11.235
2026-01-31 06:00:00,0.0,15.0,65.69,0.0,15.818
2026-01-31 07:00:00,31.0,17.0,70.75,1.351,22.92
2026-01-31 08:00:00,244.0,20.0,23.24,10.462,24.886
2026-01-31 09:00:00,465.0,24.0,10.18,17.857,26.259
2026-01-31 10:00:00,449.0,26.0,33.83,19.879,28.399
2026-01-31 11:00:00,753.0,28.0,3.75,29.883,33.098
2026-01-31 12:00:00,856.0,29.0,0.0,30.985,31.936
2026-01-31 13:00:00,806.0,29.0,0.0,31.393,28.147
2026-01-31 14:00:00,750.0,29.0,0.0,27.545,28.414
2026-01-31 15:00:00,592.0,27.0,0.0,24.866,29.538
2026-01-31 16:00:00,383.0,25.0,0.0,16.458,30.342
2026-01-31 17:00:00,149.0,22.0,0.0,7.264,29.633
2026-01-31 18:00:00,0.0,20.0,5.08,0.0,34.501
2026-01-31 19:00:00,0.0,19.0,10.17,0.0,35.584
2026-01-31 20:00:00,0.0,18.0,15.25,0.0,37.376
2026-01-31 21:00:00,0.0,17.0,20.33,0.0,34.451
2026-01-31 22:00:00,0.0,16.0,25.42,0.0,28.149
2026-01-31 23:00:00,0.0,15.0,30.5,0.0,16.933
2026-02-01 00:00:00,0.0,15.0,35.59,0.0,10.0
2026-02-01 01:00:00,0.0,14.0,40.67,0.0,10.291
2026-02-01 02:00:00,0.0,14.0,45.75,0.0,10.357
2026-02-01 03:00:00,0.0,13.0,50.84,0.0,11.007
2026-02-01 04:00:00,0.0,13.0,55.92,0.0,10.0
2026-02-01 05:00:00,0.0,15.0,61.0,0.0,10.619
2026-02-01 06:00:00,0.0,15.0,66.09,0.0,15.481
2026-02-01 07:00:00,31.0,17.0,71.17,1.293,21.328
2026-02-01 08:00:00,166.0,21.0,48.12,7.645,26.831
2026-02-01 09:00:00,170.0,24.0,67.32,8.048,27.876
2026-02-01 10:00:00,179.0,26.0,73.73,8.274,29.045
2026-02-01 11:00:00,161.0,28.0,79.5,6.554,31.985
2026-02-01 12:00:00,383.0,29.0,53.37,16.113,30.688
2026-02-01 13:00:00,843.0,30.0,0.0,33.513,31.761
2026-02-01 14:00:00,751.0,29.0,0.0,30.208,32.247
2026-02-01 15:00:00,592.0,28.0,0.0,23.84,31.387
2026-02-01 16:00:00,384.0,26.0,0.0,16.454,31.277
2026-02-01 17:00:00,155.0,23.0,0.0,6.876,31.026
2026-02-01 18:00:00,0.0,23.0,4.98,0.0,34.777
2026-02-01 19:00:00,0.0,22.0,9.97,0.0,37.557
2026-02-01 20:00:00,0.0,21.0,14.95,0.0,38.68
2026-02-01 21:00:00,0.0,20.0,19.93,0.0,34.354
2026-02-01 22:00:00,0.0,19.0,24.91,0.0,27.394
2026-02-01 23:00:00,0.0,18.0,29.9,0.0,16.047
2026-02-02 00:00:00,0.0,17.0,34.88,0.0,11.456
2026-02-02 01:00:00,0.0,16.0,39.86,0.0,11.359
2026-02-02 02:00:00,0.0,15.0,44.85,0.0,12.293
2026-02-02 03:00:00,0.0,14.0,49.83,0.0,10.0
2026-02-02 04:00:00,0.0,14.0,54.81,0.0,12.619
2026-02-02 05:00:00,0.0,14.0,59.79,0.0,13.791
2026-02-02 06:00:00,0.0,14.0,64.78,0.0,16.795
2026-02-02 07:00:00,33.0,16.0,69.76,1.57,23.829
2026-02-02 08:00:00,246.0,20.0,23.64,10.353,28.162
2026-02-02 09:00:00,472.0,24.0,9.73,20.557,34.833
2026-02-02 10:00:00,663.0,27.0,3.13,29.348,34.727
2026-02-02 11:00:00,796.0,29.0,0.0,30.163,36.637
2026-02-02 12:00:00,856.0,30.0,0.0,31.677,36.509
2026-02-02 13:00:00,838.0,30.0,0.0,31.247,36.177
2026-02-02 14:00:00,746.0,30.0,0.0,30.937,36.958
2026-02-02 15:00:00,589.0,28.0,0.0,23.868,36.601
2026-02-02 16:00:00,382.0,27.0,0.0,15.62,34.316
2026-02-02 17:00:00,155.0,24.0,0.0,7.109,35.165
2026-02-02 18:00:00,0.0,24.0,4.95,0.0,41.602
2026-02-02 19:00:00,0.0,23.0,9.9,0.0,41.463
2026-02-02 20:00:00,0.0,22.0,14.85,0.0,43.099
2026-02-02 21:00:00,0.0,22.0,19.8,0.0,37.216
2026-02-02 22:00:00,0.0,21.0,24.75,0.0,31.958
2026-02-02 23:00:00,0.0,20.0,29.7,0.0,15.602
2026-02-03 00:00:00,0.0,19.0,34.65,0.0,12.731
2026-02-03 01:00:00,0.0,18.0,39.6,0.0,12.797
2026-02-03 02:00:00,0.0,18.0,44.55,0.0,10.061
2026-02-03 03:00:00,0.0,17.0,49.5,0.0,11.839
2026-02-03 04:00:00,0.0,17.0,54.45,0.0,12.811
2026-02-03 05:00:00,0.0,16.0,59.4,0.0,11.154
2026-02-03 06:00:00,0.0,17.0,64.35,0.0,16.182
2026-02-03 07:00:00,34.0,19.0,69.3,1.338,24.027
2026-02-03 08:00:00,246.0,23.0,24.16,10.419,27.32
2026-02-03 09:00:00,471.0,27.0,10.38,18.574,32.904
2026-02-03 10:00:00,661.0,29.0,3.84,28.049,38.25
2026-02-03 11:00:00,793.0,30.0,0.0,31.159,35.8
2026-02-03 12:00:00,854.0,31.0,0.0,32.26,44.035
2026-02-03 13:00:00,839.0,31.0,0.0,33.002,41.605
2026-02-03 14:00:00,749.0,31.0,0.0,26.275,36.221
2026-02-03 15:00:00,592.0,29.0,0.0,21.508,41.276
2026-02-03 16:00:00,385.0,28.0,0.0,16.289,38.954
2026-02-03 17:00:00,158.0,25.0,0.0,6.867,35.525
2026-02-03 18:00:00,0.0,24.0,4.92,0.0,39.994
2026-02-03 19:00:00,0.0,23.0,9.84,0.0,43.741
2026-02-03 20:00:00,0.0,21.0,14.76,0.0,40.595
2026-02-03 21:00:00,0.0,20.0,19.68,0.0,37.034
2026-02-03 22:00:00,0.0,19.0,24.59,0.0,34.476
2026-02-03 23:00:00,0.0,18.0,29.51,0.0,16.691
2026-02-04 00:00:00,0.0,17.0,34.43,0.0,12.051
2026-02-04 01:00:00,0.0,16.0,39.35,0.0,10.0
2026-02-04 02:00:00,0.0,16.0,44.27,0.0,10.744
2026-02-04 03:00:00,0.0,16.0,49.19,0.0,10.0
2026-02-04 04:00:00,0.0,15.0,54.11,0.0,10.589
2026-02-04 05:00:00,0.0,15.0,59.03,0.0,10.293
2026-02-04 06:00:00,0.0,15.0,63.94,0.0,14.771
2026-02-04 07:00:00,35.0,18.0,68.86,1.332,22.576
2026-02-04 08:00:00,246.0,22.0,24.68,10.272,25.289
2026-02-04 09:00:00,469.0,26.0,11.21,19.568,36.66
2026-02-04 10:00:00,659.0,29.0,4.55,27.459,36.345
2026-02-04 11:00:00,791.0,31.0,0.51,30.317,37.737
2026-02-04 12:00:00,853.0,31.0,0.0,34.042,34.746
2026-02-04 13:00:00,840.0,32.0,0.0,29.806,37.567
2026-02-04 14:00:00,752.0,31.0,0.0,28.759,35.221
2026-02-04 15:00:00,596.0,30.0,0.0,24.399,38.011
2026-02-04 16:00:00,390.0,28.0,0.0,15.923,36.338
2026-02-04 17:00:00,158.0,25.0,0.0,6.806,34.295
2026-02-04 18:00:00,0.0,23.0,5.14,0.0,38.873
2026-02-04 19:00:00,0.0,22.0,10.28,0.0,45.083
2026-02-04 20:00:00,0.0,21.0,15.42,0.0,39.938
2026-02-04 21:00:00,0.0,20.0,20.56,0.0,38.817
2026-02-04 22:00:00,0.0,19.0,25.7,0.0,33.094
2026-02-04 23:00:00,0.0,18.0,30.84,0.0,15.153
2026-02-05 00:00:00,0.0,18.0,35.98,0.0,10.0
2026-02-05 01:00:00,0.0,17.0,41.12,0.0,10.0
2026-02-05 02:00:00,0.0,17.0,46.25,0.0,11.263
2026-02-05 03:00:00,0.0,16.0,51.39,0.0,10.0
2026-02-05 04:00:00,0.0,16.0,56.53,0.0,10.176
2026-02-05 05:00:00,0.0,16.0,61.67,0.0,12.475
2026-02-05 06:00:00,0.0,16.0,66.81,0.0,14.871
2026-02-05 07:00:00,32.0,19.0,71.95,1.5,22.876
2026-02-05 08:00:00,252.0,23.0,23.37,11.355,31.153
2026-02-05 09:00:00,479.0,28.0,9.79,20.198,33.949
2026-02-05 10:00:00,670.0,31.0,3.39,24.486,41.071
2026-02-05 11:00:00,803.0,32.0,0.0,31.181,43.114
2026-02-05 12:00:00,865.0,33.0,0.0,34.872,36.147
2026-02-05 13:00:00,850.0,33.0,0.0,34.547,37.281
2026-02-05 14:00:00,759.0,32.0,0.0,31.281,45.2
2026-02-05 15:00:00,576.0,31.0,0.0,25.074,37.405
2026-02-05 16:00:00,393.0,29.0,0.0,16.907,39.325
2026-02-05 17:00:00,119.0,26.0,0.0,5.36,35.051
2026-02-05 18:00:00,0.0,23.0,4.8,0.0,37.088
2026-02-05 19:00:00,0.0,21.0,9.6,0.0,40.548
2026-02-05 20:00:00,0.0,20.0,14.4,0.0,38.745
2026-02-05 21:00:00,0.0,19.0,19.2,0.0,36.686
2026-02-05 22:00:00,0.0,18.0,23.99,0.0,32.939
2026-02-05 23:00:00,0.0,18.0,28.79,0.0,14.475
2026-02-06 00:00:00,0.0,17.0,33.59,0.0,11.237
2026-02-06 01:00:00,0.0,17.0,38.39,0.0,10.536
2026-02-06 02:00:00,0.0,17.0,43.19,0.0,10.0
2026-02-06 03:00:00,0.0,16.0,47.99,0.0,10.518
2026-02-06 04:00:00,0.0,16.0,52.79,0.0,10.0
2026-02-06 05:00:00,0.0,16.0,57.59,0.0,12.377
2026-02-06 06:00:00,0.0,17.0,62.39,0.0,15.022
2026-02-06 07:00:00,38.0,19.0,67.19,1.729,22.459
2026-02-06 08:00:00,248.0,21.0,25.11,11.205,27.793
2026-02-06 09:00:00,472.0,26.0,11.56,19.619,32.965
2026-02-06 10:00:00,662.0,29.0,4.97,25.193,36.012
2026-02-06 11:00:00,795.0,31.0,0.83,28.588,33.58
2026-02-06 12:00:00,858.0,31.0,0.0,31.633,36.606
2026-02-06 13:00:00,844.0,31.0,0.0,31.343,33.608
2026-02-06 14:00:00,755.0,30.0,0.0,27.915,35.222
2026-02-06 15:00:00,600.0,29.0,0.0,24.632,36.099
2026-02-06 16:00:00,393.0,27.0,0.0,16.572,35.257
2026-02-06 17:00:00,165.0,24.0,0.0,7.362,34.701
2026-02-06 18:00:00,0.0,22.0,5.02,0.0,40.008
2026-02-06 19:00:00,0.0,20.0,10.03,0.0,40.417
2026-02-06 20:00:00,0.0,19.0,15.05,0.0,39.866
2026-02-06 21:00:00,0.0,18.0,20.06,0.0,38.45
2026-02-06 22:00:00,0.0,18.0,25.08,0.0,29.839
2026-02-06 23:00:00,0.0,17.0,30.1,0.0,15.832
2026-02-07 00:00:00,0.0,16.0,35.11,0.0,12.543
2026-02-07 01:00:00,0.0,16.0,40.13,0.0,10.0
2026-02-07 02:00:00,0.0,15.0,45.14,0.0,10.0
2026-02-07 03:00:00,0.0,16.0,50.16,0.0,10.0
2026-02-07 04:00:00,0.0,16.0,55.18,0.0,13.217
2026-02-07 05:00:00,0.0,16.0,60.19,0.0,10.231
2026-02-07 06:00:00,0.0,16.0,65.21,0.0,14.248
2026-02-07 07:00:00,35.0,18.0,70.22,1.463,19.217
2026-02-07 08:00:00,256.0,20.0,23.24,10.76,25.183
2026-02-07 09:00:00,484.0,25.0,9.79,20.229,27.938
2026-02-07 10:00:00,676.0,28.0,3.39,26.988,29.39
2026-02-07 11:00:00,810.0,30.0,0.0,31.385,33.924
2026-02-07 12:00:00,873.0,31.0,0.0,33.663,32.849
2026-02-07 13:00:00,859.0,31.0,0.0,33.122,33.499
2026-02-07 14:00:00,769.0,31.0,0.0,29.28,32.175
2026-02-07 15:00:00,610.0,29.0,0.0,25.247,32.54
2026-02-07 16:00:00,400.0,27.0,0.0,15.96,31.222
2026-02-07 17:00:00,168.0,24.0,0.0,7.974,31.721
2026-02-07 18:00:00,0.0,22.0,4.69,0.0,33.943
2026-02-07 19:00:00,0.0,21.0,9.38,0.0,35.842
2026-02-07 20:00:00,0.0,19.0,14.06,0.0,34.778
2026-02-07 21:00:00,0.0,18.0,18.75,0.0,32.648
2026-02-07 22:00:00,0.0,18.0,23.44,0.0,28.373
2026-02-07 23:00:00,0.0,17.0,28.13,0.0,16.477
2026-02-08 00:00:00,0.0,17.0,32.82,0.0,10.0
2026-02-08 01:00:00,0.0,17.0,37.51,0.0,10.587
2026-02-08 02:00:00,0.0,17.0,42.19,0.0,10.422
2026-02-08 03:00:00,0.0,16.0,46.88,0.0,10.666
2026-02-08 04:00:00,0.0,16.0,51.57,0.0,10.0
2026-02-08 05:00:00,0.0,16.0,56.26,0.0,10.0
2026-02-08 06:00:00,0.0,17.0,60.95,0.0,13.008
2026-02-08 07:00:00,41.0,20.0,65.64,1.78,20.706
2026-02-08 08:00:00,252.0,24.0,24.97,10.696,23.909
2026-02-08 09:00:00,479.0,28.0,11.19,19.01,29.115
2026-02-08 10:00:00,671.0,31.0,4.54,26.554,31.208
2026-02-08 11:00:00,805.0,32.0,0.42,31.848,33.475
2026-02-08 12:00:00,867.0,33.0,0.0,31.459,32.396
2026-02-08 13:00:00,852.0,33.0,0.0,31.886,34.867
2026-02-08 14:00:00,762.0,33.0,0.0,29.543,34.805
2026-02-08 15:00:00,604.0,32.0,0.0,22.117,34.66
2026-02-08 16:00:00,397.0,30.0,0.0,16.029,33.347
2026-02-08 17:00:00,165.0,28.0,0.0,7.485,29.827
2026-02-08 18:00:00,0.0,26.0,4.67,0.0,34.639
2026-02-08 19:00:00,0.0,26.0,9.33,0.0,36.264
2026-02-08 20:00:00,0.0,25.0,14.0,0.0,36.516
2026-02-08 21:00:00,0.0,24.0,18.66,0.0,34.238
2026-02-08 22:00:00,0.0,23.0,23.33,0.0,28.494
2026-02-08 23:00:00,0.0,22.0,27.99,0.0,17.098
2026-02-09 00:00:00,0.0,21.0,32.66,0.0,10.004
2026-02-09 01:00:00,0.0,20.0,37.33,0.0,10.0
2026-02-09 02:00:00,0.0,20.0,41.99,0.0,11.653
2026-02-09 03:00:00,0.0,19.0,46.66,0.0,10.433
2026-02-09 04:00:00,0.0,18.0,51.32,0.0,10.154
2026-02-09 05:00:00,0.0,17.0,55.99,0.0,13.785
2026-02-09 06:00:00,0.0,17.0,60.65,0.0,16.809
2026-02-09 07:00:00,42.0,20.0,65.32,1.932,22.733
2026-02-09 08:00:00,261.0,24.0,22.84,11.627,27.54
2026-02-09 09:00:00,492.0,28.0,9.25,20.149,35.357
2026-02-09 10:00:00,688.0,31.0,2.56,27.753,37.04
2026-02-09 11:00:00,826.0,33.0,0.0,27.96,38.784
2026-02-09 12:00:00,891.0,33.0,0.0,32.922,38.697
2026-02-09 13:00:00,879.0,34.0,0.0,28.327,39.532
2026-02-09 14:00:00,789.0,33.0,0.0,26.101,38.72
2026-02-09 15:00:00,629.0,32.0,0.0,26.111,39.738
2026-02-09 16:00:00,415.0,30.0,0.0,16.458,38.632
2026-02-09 17:00:00,167.0,27.0,0.0,6.874,42.431
2026-02-09 18:00:00,0.0,25.0,4.59,0.0,38.726
2026-02-09 19:00:00,0.0,24.0,9.17,0.0,44.034
2026-02-09 20:00:00,0.0,23.0,13.76,0.0,39.273
2026-02-09 21:00:00,0.0,23.0,18.34,0.0,38.933
2026-02-09 22:00:00,0.0,22.0,22.93,0.0,30.129
2026-02-09 23:00:00,0.0,21.0,27.52,0.0,16.363
2026-02-10 00:00:00,0.0,20.0,32.1,0.0,10.0
2026-02-10 01:00:00,0.0,19.0,36.69,0.0,10.69
2026-02-10 02:00:00,0.0,18.0,41.28,0.0,10.678
2026-02-10 03:00:00,0.0,18.0,45.86,0.0,10.0
2026-02-10 04:00:00,0.0,17.0,50.45,0.0,10.459
2026-02-10 05:00:00,0.0,17.0,55.03,0.0,13.151
2026-02-10 06:00:00,0.0,17.0,59.62,0.0,14.163
2026-02-10 07:00:00,44.0,20.0,64.21,1.986,21.804
2026-02-10 08:00:00,265.0,24.0,22.21,11.219,29.705
2026-02-10 09:00:00,500.0,29.0,8.26,22.451,41.556
2026-02-10 10:00:00,698.0,31.0,1.59,26.102,36.962
2026-02-10 11:00:00,837.0,33.0,0.0,31.846,48.203
2026-02-10 12:00:00,903.0,34.0,0.0,32.177,42.986
2026-02-10 13:00:00,888.0,34.0,0.0,34.101,37.573
2026-02-10 14:00:00,796.0,34.0,0.0,29.082,37.8
2026-02-10 15:00:00,634.0,32.0,0.0,22.453,38.013
2026-02-10 16:00:00,419.0,30.0,0.0,19.945,39.875
2026-02-10 17:00:00,176.0,27.0,0.0,7.338,33.868
2026-02-10 18:00:00,0.0,25.0,4.8,0.0,38.078
2026-02-10 19:00:00,0.0,24.0,9.59,0.0,39.588
2026-02-10 20:00:00,0.0,23.0,14.39,0.0,42.962
2026-02-10 21:00:00,0.0,22.0,19.18,0.0,37.64
2026-02-10 22:00:00,0.0,22.0,23.98,0.0,31.543
2026-02-10 23:00:00,0.0,21.0,28.77,0.0,14.24
2026-02-11 00:00:00,0.0,20.0,33.57,0.0,10.433
2026-02-11 01:00:00,0.0,20.0,38.37,0.0,11.713
2026-02-11 02:00:00,0.0,19.0,43.16,0.0,10.554
2026-02-11 03:00:00,0.0,19.0,47.96,0.0,10.049
2026-02-11 04:00:00,0.0,18.0,52.75,0.0,10.0
2026-02-11 05:00:00,0.0,18.0,57.55,0.0,10.741
2026-02-11 06:00:00,0.0,18.0,62.34,0.0,16.206
2026-02-11 07:00:00,41.0,22.0,67.14,2.003,21.611
2026-02-11 08:00:00,268.0,25.0,21.89,12.571,30.167
2026-02-11 09:00:00,501.0,29.0,8.57,21.917,39.489
2026-02-11 10:00:00,697.0,32.0,2.18,25.624,36.76
2026-02-11 11:00:00,834.0,33.0,0.0,34.516,39.766
2026-02-11 12:00:00,897.0,34.0,0.0,33.244,38.346
2026-02-11 13:00:00,881.0,34.0,0.0,35.841,48.492
2026-02-11 14:00:00,789.0,34.0,0.0,32.944,41.548
2026-02-11 15:00:00,628.0,33.0,0.0,25.921,37.719
2026-02-11 16:00:00,416.0,31.0,0.0,17.743,44.803
2026-02-11 17:00:00,179.0,27.0,0.0,6.559,38.077
2026-02-11 18:00:00,0.0,26.0,4.49,0.0,39.141
2026-02-11 19:00:00,0.0,24.0,8.98,0.0,40.695
2026-02-11 20:00:00,0.0,23.0,13.48,0.0,40.179
2026-02-11 21:00:00,0.0,22.0,17.97,0.0,38.314
2026-02-11 22:00:00,0.0,21.0,22.46,0.0,31.501
2026-02-11 23:00:00,0.0,20.0,26.95,0.0,16.222
2026-02-12 00:00:00,0.0,19.0,31.44,0.0,11.973
2026-02-12 01:00:00,0.0,19.0,35.94,0.0,10.0
2026-02-12 02:00:00,0.0,18.0,40.43,0.0,10.0
2026-02-12 03:00:00,0.0,18.0,44.92,0.0,11.138
2026-02-12 04:00:00,0.0,17.0,49.41,0.0,11.274
2026-02-12 05:00:00,0.0,17.0,53.9,0.0,10.0
2026-02-12 06:00:00,0.0,18.0,58.4,0.0,16.784
2026-02-12 07:00:00,47.0,21.0,62.89,2.015,24.858
2026-02-12 08:00:00,268.0,25.0,22.45,10.989,29.181
2026-02-12 09:00:00,500.0,30.0,9.23,20.642,33.589
2026-02-12 10:00:00,695.0,33.0,2.91,24.714,44.761
2026-02-12 11:00:00,830.0,35.0,0.0,29.329,42.662
2026-02-12 12:00:00,894.0,36.0,0.0,33.36,38.759
2026-02-12 13:00:00,879.0,36.0,0.0,32.719,39.855
2026-02-12 14:00:00,787.0,35.0,0.0,30.632,40.976
2026-02-12 15:00:00,627.0,34.0,0.0,24.32,40.162
2026-02-12 16:00:00,415.0,32.0,0.0,17.031,37.054
2026-02-12 17:00:00,176.0,29.0,0.0,7.504,38.371
2026-02-12 18:00:00,0.0,27.0,4.42,0.0,39.88
2026-02-12 19:00:00,0.0,26.0,8.84,0.0,41.221
2026-02-12 20:00:00,0.0,25.0,13.26,0.0,39.331
2026-02-12 21:00:00,0.0,23.0,17.68,0.0,40.167
2026-02-12 22:00:00,0.0,23.0,22.1,0.0,30.831
2026-02-12 23:00:00,0.0,22.0,26.52,0.0,16.967
2026-02-13 00:00:00,0.0,21.0,30.94,0.0,11.611
2026-02-13 01:00:00,0.0,20.0,35.36,0.0,10.727
2026-02-13 02:00:00,0.0,19.0,39.78,0.0,10.615
2026-02-13 03:00:00,0.0,19.0,44.2,0.0,10.733
2026-02-13 04:00:00,0.0,18.0,48.62,0.0,10.693
2026-02-13 05:00:00,0.0,18.0,53.04,0.0,10.136
2026-02-13 06:00:00,0.0,18.0,57.46,0.0,14.811
2026-02-13 07:00:00,49.0,21.0,61.88,2.109,22.853
2026-02-13 08:00:00,271.0,25.0,22.14,11.236,34.063
2026-02-13 09:00:00,501.0,30.0,9.54,19.864,35.601
2026-02-13 10:00:00,695.0,33.0,3.35,28.122,39.792
2026-02-13 11:00:00,829.0,35.0,0.0,28.668,40.731
2026-02-13 12:00:00,891.0,36.0,0.0,32.723,43.743
2026-02-13 13:00:00,876.0,36.0,0.0,29.398,36.746
2026-02-13 14:00:00,784.0,35.0,0.0,28.666,44.043
2026-02-13 15:00:00,625.0,34.0,0.0,25.859,38.118
2026-02-13 16:00:00,415.0,32.0,0.0,16.513,38.477
2026-02-13 17:00:00,181.0,29.0,0.0,7.329,38.089
2026-02-13 18:00:00,0.0,27.0,4.57,0.0,41.368
2026-02-13 19:00:00,0.0,26.0,9.14,0.0,45.601
2026-02-13 20:00:00,0.0,25.0,13.71,0.0,42.426
2026-02-13 21:00:00,0.0,24.0,18.28,0.0,41.173
2026-02-13 22:00:00,0.0,24.0,22.85,0.0,33.001
2026-02-13 23:00:00,0.0,23.0,27.42,0.0,18.02
2026-02-14 00:00:00,0.0,22.0,31.99,0.0,10.154
2026-02-14 01:00:00,0.0,21.0,36.56,0.0,10.0
2026-02-14 02:00:00,0.0,21.0,41.13,0.0,10.0
2026-02-14 03:00:00,0.0,20.0,45.69,0.0,10.147
2026-02-14 04:00:00,0.0,19.0,50.26,0.0,10.0
2026-02-14 05:00:00,0.0,19.0,54.83,0.0,10.0
2026-02-14 06:00:00,0.0,19.0,59.4,0.0,15.504
2026-02-14 07:00:00,47.0,22.0,63.97,2.163,19.252
2026-02-14 08:00:00,277.0,26.0,20.99,11.502,24.523
2026-02-14 09:00:00,512.0,31.0,8.04,23.324,30.489
2026-02-14 10:00:00,708.0,35.0,1.99,24.527,35.552
2026-02-14 11:00:00,845.0,36.0,0.0,31.907,35.653
2026-02-14 12:00:00,909.0,37.0,0.0,32.951,36.651
2026-02-14 13:00:00,894.0,37.0,0.0,32.343,37.647
2026-02-14 14:00:00,801.0,36.0,0.0,29.497,37.188
2026-02-14 15:00:00,634.0,35.0,0.0,24.634,35.775
2026-02-14 16:00:00,427.0,32.0,0.0,16.909,33.444
2026-02-14 17:00:00,181.0,29.0,0.0,7.249,32.624
2026-02-14 18:00:00,0.0,26.0,4.5,0.0,36.198
2026-02-14 19:00:00,0.0,24.0,9.0,0.0,37.075
2026-02-14 20:00:00,0.0,22.0,13.5,0.0,35.914
2026-02-14 21:00:00,0.0,21.0,18.0,0.0,35.052
2026-02-14 22:00:00,0.0,20.0,22.5,0.0,30.461
2026-02-14 23:00:00,0.0,20.0,27.0,0.0,14.653
2026-02-15 00:00:00,0.0,19.0,31.5,0.0,12.737
2026-02-15 01:00:00,0.0,19.0,35.99,0.0,10.045
2026-02-15 02:00:00,0.0,18.0,40.49,0.0,11.592
2026-02-15 03:00:00,0.0,18.0,44.99,0.0,11.156
2026-02-15 04:00:00,0.0,17.0,49.49,0.0,10.0
2026-02-15 05:00:00,0.0,17.0,53.99,0.0,10.0
2026-02-15 06:00:00,0.0,17.0,58.49,0.0,13.21
2026-02-15 07:00:00,49.0,21.0,62.99,2.03,18.165
2026-02-15 08:00:00,287.0,25.0,18.72,12.104,27.151
2026-02-15 09:00:00,530.0,30.0,5.32,21.193,34.206
2026-02-15 10:00:00,716.0,33.0,1.34,27.58,34.019
2026-02-15 11:00:00,849.0,34.0,0.0,31.589,36.736
2026-02-15 12:00:00,911.0,35.0,0.0,33.964,37.548
2026-02-15 13:00:00,887.0,34.0,0.0,34.387,34.848
2026-02-15 14:00:00,794.0,33.0,0.0,30.421,34.099
2026-02-15 15:00:00,655.0,31.0,0.0,26.59,33.356
2026-02-15 16:00:00,436.0,29.0,0.0,17.697,33.773
2026-02-15 17:00:00,190.0,25.0,0.0,8.556,31.655
2026-02-15 18:00:00,0.0,23.0,4.43,0.0,34.427
2026-02-15 19:00:00,0.0,21.0,8.86,0.0,36.428
2026-02-15 20:00:00,0.0,20.0,13.29,0.0,35.348
2026-02-15 21:00:00,0.0,19.0,17.73,0.0,31.14
2026-02-15 22:00:00,0.0,18.0,22.16,0.0,29.297
2026-02-15 23:00:00,0.0,17.0,26.59,0.0,13.532
2026-02-16 00:00:00,0.0,16.0,31.02,0.0,11.667
2026-02-16 01:00:00,0.0,15.0,35.45,0.0,11.558
2026-02-16 02:00:00,0.0,15.0,39.88,0.0,10.0
2026-02-16 03:00:00,0.0,15.0,44.32,0.0,10.0
2026-02-16 04:00:00,0.0,16.0,48.75,0.0,13.47
2026-02-16 05:00:00,0.0,16.0,53.18,0.0,11.089
2026-02-16 06:00:00,0.0,17.0,57.61,0.0,14.292
2026-02-16 07:00:00,51.0,19.0,62.04,2.276,24.121
2026-02-16 08:00:00,283.0,22.0,20.43,12.116,27.418
2026-02-16 09:00:00,519.0,26.0,7.77,20.76,29.311
2026-02-16 10:00:00,716.0,29.0,1.79,29.362,35.978
2026-02-16 11:00:00,842.0,31.0,0.0,29.788,44.422
2026-02-16 12:00:00,913.0,32.0,0.0,34.187,41.45
2026-02-16 13:00:00,895.0,32.0,0.0,30.31,35.662
2026-02-16 14:00:00,802.0,32.0,0.0,29.97,38.19
2026-02-16 15:00:00,640.0,30.0,0.0,26.251,37.257
2026-02-16 16:00:00,427.0,28.0,0.0,19.502,32.875
2026-02-16 17:00:00,190.0,25.0,0.0,8.326,40.024
2026-02-16 18:00:00,0.0,23.0,4.37,0.0,38.594
2026-02-16 19:00:00,0.0,21.0,8.73,0.0,43.483
2026-02-16 20:00:00,0.0,20.0,13.1,0.0,41.553
2026-02-16 21:00:00,0.0,19.0,17.47,0.0,39.559
2026-02-16 22:00:00,0.0,18.0,21.83,0.0,31.005
2026-02-16 23:00:00,0.0,18.0,26.2,0.0,15.394
2026-02-17 00:00:00,0.0,17.0,30.56,0.0,10.764
2026-02-17 01:00:00,0.0,17.0,34.93,0.0,10.0
2026-02-17 02:00:00,0.0,16.0,39.3,0.0,12.073
2026-02-17 03:00:00,0.0,16.0,43.66,0.0,10.0
2026-02-17 04:00:00,0.0,15.0,48.03,0.0,10.0
2026-02-17 05:00:00,0.0,15.0,52.4,0.0,10.041
2026-02-17 06:00:00,0.0,16.0,56.76,0.0,17.351
2026-02-17 07:00:00,53.0,18.0,61.13,2.67,22.766
2026-02-17 08:00:00,287.0,22.0,19.88,12.407,28.191
2026-02-17 09:00:00,523.0,26.0,7.56,21.529,33.484
2026-02-17 10:00:00,720.0,29.0,1.69,30.208,41.119
2026-02-17 11:00:00,857.0,30.0,0.0,32.136,33.371
2026-02-17 12:00:00,921.0,31.0,0.0,34.868,35.056
2026-02-17 13:00:00,906.0,31.0,0.0,32.027,36.389
2026-02-17 14:00:00,813.0,30.0,0.0,30.809,35.351
2026-02-17 15:00:00,650.0,29.0,0.0,25.845,34.065
2026-02-17 16:00:00,434.0,26.0,0.0,18.056,36.422
2026-02-17 17:00:00,193.0,23.0,0.0,8.16,34.229
2026-02-17 18:00:00,0.0,21.0,4.25,0.0,39.545
2026-02-17 19:00:00,0.0,20.0,8.5,0.0,42.087
2026-02-17 20:00:00,0.0,19.0,12.76,0.0,39.182
2026-02-17 21:00:00,0.0,18.0,17.01,0.0,38.924
2026-02-17 22:00:00,0.0,17.0,21.26,0.0,33.27
2026-02-17 23:00:00,0.0,17.0,25.51,0.0,18.096
2026-02-18 00:00:00,0.0,16.0,29.76,0.0,11.81
2026-02-18 01:00:00,0.0,16.0,34.01,0.0,11.218
2026-02-18 02:00:00,0.0,16.0,38.27,0.0,10.0
2026-02-18 03:00:00,0.0,15.0,42.52,0.0,10.179
2026-02-18 04:00:00,0.0,15.0,46.77,0.0,10.0
2026-02-18 05:00:00,0.0,15.0,51.02,0.0,12.995
2026-02-18 06:00:00,0.0,16.0,55.27,0.0,17.583
2026-02-18 07:00:00,56.0,18.0,59.52,2.566,21.669
2026-02-18 08:00:00,287.0,21.0,20.45,12.92,35.655
2026-02-18 09:00:00,523.0,25.0,8.05,23.154,31.598
2026-02-18 10:00:00,720.0,27.0,2.14,27.229,35.011
2026-02-18 11:00:00,856.0,29.0,0.0,32.169,38.977
2026-02-18 12:00:00,919.0,30.0,0.0,35.163,39.166
2026-02-18 13:00:00,903.0,30.0,0.0,34.608,35.353
2026-02-18 14:00:00,810.0,29.0,0.0,33.69,31.406
2026-02-18 15:00:00,649.0,28.0,0.0,29.052,35.722
2026-02-18 16:00:00,434.0,25.0,0.0,17.935,35.079
2026-02-18 17:00:00,192.0,22.0,0.0,8.389,43.372
2026-02-18 18:00:00,0.0,20.0,3.99,0.0,38.128
2026-02-18 19:00:00,0.0,19.0,7.98,0.0,41.726
2026-02-18 20:00:00,0.0,18.0,11.96,0.0,41.912
2026-02-18 21:00:00,0.0,17.0,15.95,0.0,36.854
2026-02-18 22:00:00,0.0,16.0,19.94,0.0,33.281
2026-02-18 23:00:00,0.0,15.0,23.93,0.0,16.884
2026-02-19 00:00:00,0.0,15.0,27.92,0.0,10.0
2026-02-19 01:00:00,0.0,14.0,31.9,0.0,10.698
2026-02-19 02:00:00,0.0,14.0,35.89,0.0,10.005
2026-02-19 03:00:00,0.0,13.0,39.88,0.0,11.292
2026-02-19 04:00:00,0.0,13.0,43.87,0.0,10.0
2026-02-19 05:00:00,0.0,12.0,47.86,0.0,11.518
2026-02-19 06:00:00,0.0,13.0,51.85,0.0,15.131
2026-02-19 07:00:00,62.0,16.0,55.83,2.761,21.687
2026-02-19 08:00:00,293.0,21.0,19.37,12.882,33.58
2026-02-19 09:00:00,531.0,24.0,7.14,20.865,29.245
2026-02-19 10:00:00,731.0,27.0,1.09,26.011,34.871
2026-02-19 11:00:00,870.0,29.0,0.0,33.35,36.579
2026-02-19 12:00:00,923.0,30.0,0.0,37.664,38.429
2026-02-19 13:00:00,906.0,31.0,0.0,33.497,36.349
2026-02-19 14:00:00,825.0,30.0,0.0,33.326,34.622
2026-02-19 15:00:00,661.0,29.0,0.0,28.422,34.004
2026-02-19 16:00:00,443.0,26.0,0.0,18.913,34.164
2026-02-19 17:00:00,194.0,23.0,0.0,9.075,33.93
2026-02-19 18:00:00,1.0,20.0,4.13,0.0,39.73
2026-02-19 19:00:00,0.0,19.0,8.27,0.0,41.709
2026-02-19 20:00:00,0.0,17.0,12.4,0.0,42.271
2026-02-19 21:00:00,0.0,16.0,16.53,0.0,37.126
2026-02-19 22:00:00,0.0,16.0,20.67,0.0,31.473
2026-02-19 23:00:00,0.0,15.0,24.8,0.0,18.802
2026-02-20 00:00:00,0.0,14.0,28.94,0.0,10.0
2026-02-20 01:00:00,0.0,14.0,33.07,0.0,10.0
2026-02-20 02:00:00,0.0,13.0,37.2,0.0,10.0
2026-02-20 03:00:00,0.0,12.0,41.34,0.0,10.0
2026-02-20 04:00:00,0.0,12.0,45.47,0.0,10.0
2026-02-20 05:00:00,0.0,12.0,49.6,0.0,12.043
2026-02-20 06:00:00,0.0,12.0,53.74,0.0,16.358
2026-02-20 07:00:00,60.0,16.0,57.87,2.605,21.172
2026-02-20 08:00:00,297.0,20.0,18.86,13.822,27.677
2026-02-20 09:00:00,536.0,25.0,6.76,23.3,31.25
2026-02-20 10:00:00,736.0,29.0,0.87,31.391,36.285
2026-02-20 11:00:00,875.0,31.0,0.0,34.403,40.656
2026-02-20 12:00:00,940.0,33.0,0.0,34.62,38.734
2026-02-20 13:00:00,924.0,33.0,0.0,30.381,36.133
2026-02-20 14:00:00,830.0,32.0,0.0,28.598,37.069
2026-02-20 15:00:00,666.0,30.0,0.0,24.222,37.253
2026-02-20 16:00:00,448.0,28.0,0.0,17.23,35.773
2026-02-20 17:00:00,197.0,24.0,0.0,7.681,34.658
2026-02-20 18:00:00,1.0,21.0,4.03,0.0,35.82
2026-02-20 19:00:00,0.0,20.0,8.06,0.0,42.274
2026-02-20 20:00:00,0.0,18.0,12.08,0.0,40.333
2026-02-20 21:00:00,0.0,17.0,16.11,0.0,38.346
2026-02-20 22:00:00,0.0,16.0,20.14,0.0,34.052
2026-02-20 23:00:00,0.0,15.0,24.17,0.0,14.734
2026-02-21 00:00:00,0.0,14.0,28.2,0.0,11.038
2026-02-21 01:00:00,0.0,14.0,32.23,0.0,11.521
2026-02-21 02:00:00,0.0,13.0,36.25,0.0,10.402
2026-02-21 03:00:00,0.0,13.0,40.28,0.0,10.0
2026-02-21 04:00:00,0.0,13.0,44.31,0.0,12.301
2026-02-21 05:00:00,0.0,12.0,48.34,0.0,10.688
2026-02-21 06:00:00,0.0,13.0,52.37,0.0,14.181
2026-02-21 07:00:00,63.0,16.0,56.4,2.536,20.225
2026-02-21 08:00:00,288.0,21.0,21.87,11.775,24.635
2026-02-21 09:00:00,533.0,26.0,7.77,22.617,26.644
2026-02-21 10:00:00,739.0,29.0,0.91,28.559,31.611
2026-02-21 11:00:00,879.0,31.0,0.0,35.02,32.454
2026-02-21 12:00:00,944.0,31.0,0.0,35.531,33.409
2026-02-21 13:00:00,907.0,31.0,0.0,35.248,33.031
2026-02-21 14:00:00,834.0,30.0,0.0,34.472,34.16
2026-02-21 15:00:00,669.0,29.0,0.0,27.817,31.904
2026-02-21 16:00:00,450.0,26.0,0.0,19.711,29.645
2026-02-21 17:00:00,199.0,23.0,0.0,8.721,27.622
2026-02-21 18:00:00,1.0,20.0,3.98,0.0,36.851
2026-02-21 19:00:00,0.0,18.0,7.95,0.0,36.757
2026-02-21 20:00:00,0.0,17.0,11.93,0.0,34.451
2026-02-21 21:00:00,0.0,16.0,15.9,0.0,35.74
2026-02-21 22:00:00,0.0,15.0,19.88,0.0,29.939
2026-02-21 23:00:00,0.0,14.0,23.85,0.0,13.438
2026-02-22 00:00:00,0.0,14.0,27.83,0.0,10.0
2026-02-22 01:00:00,0.0,13.0,31.8,0.0,10.225
2026-02-22 02:00:00,0.0,13.0,35.78,0.0,10.0
2026-02-22 03:00:00,0.0,12.0,39.75,0.0,10.029
2026-02-22 04:00:00,0.0,12.0,43.73,0.0,11.407
2026-02-22 05:00:00,0.0,12.0,47.7,0.0,10.0
2026-02-22 06:00:00,0.0,12.0,51.68,0.0,15.33
2026-02-22 07:00:00,65.0,16.0,55.65,2.8,22.296
2026-02-22 08:00:00,302.0,21.0,18.66,13.585,25.73
2026-02-22 09:00:00,542.0,27.0,6.71,22.938,28.954
2026-02-22 10:00:00,739.0,30.0,1.36,29.134,31.195
2026-02-22 11:00:00,878.0,32.0,0.0,32.405,35.203
2026-02-22 12:00:00,937.0,33.0,0.0,35.794,32.322
2026-02-22 13:00:00,912.0,34.0,0.0,34.81,34.896
2026-02-22 14:00:00,846.0,33.0,0.0,32.937,34.17
2026-02-22 15:00:00,678.0,32.0,0.0,25.464,36.026
2026-02-22 16:00:00,453.0,29.0,0.0,19.581,32.204
2026-02-22 17:00:00,195.0,26.0,0.0,8.216,30.483
2026-02-22 18:00:00,1.0,23.0,4.07,0.0,32.041
2026-02-22 19:00:00,0.0,21.0,8.14,0.0,36.442
2026-02-22 20:00:00,0.0,19.0,12.2,0.0,34.827
2026-02-22 21:00:00,0.0,18.0,16.27,0.0,32.163
2026-02-22 22:00:00,0.0,17.0,20.34,0.0,26.966
2026-02-22 23:00:00,0.0,16.0,24.41,0.0,16.082
2026-02-23 00:00:00,0.0,16.0,28.47,0.0,10.0
2026-02-23 01:00:00,0.0,16.0,32.54,0.0,10.0
2026-02-23 02:00:00,0.0,16.0,36.61,0.0,11.455
2026-02-23 03:00:00,0.0,15.0,40.68,0.0,10.0
2026-02-23 04:00:00,0.0,15.0,44.74,0.0,11.838
2026-02-23 05:00:00,0.0,15.0,48.81,0.0,10.697
2026-02-23 06:00:00,0.0,16.0,52.88,0.0,15.998
2026-02-23 07:00:00,64.0,19.0,56.95,2.857,23.219
2026-02-23 08:00:00,304.0,24.0,18.7,14.248,30.442
2026-02-23 09:00:00,543.0,29.0,7.03,21.777,36.078
2026-02-23 10:00:00,743.0,33.0,1.27,27.292,39.865
2026-02-23 11:00:00,881.0,35.0,0.0,37.063,39.37
2026-02-23 12:00:00,945.0,36.0,0.0,34.28,38.618
2026-02-23 13:00:00,928.0,36.0,0.0,31.947,40.865
2026-02-23 14:00:00,833.0,35.0,0.0,31.439,41.377
2026-02-23 15:00:00,668.0,34.0,0.0,23.815,41.628
2026-02-23 16:00:00,449.0,31.0,0.0,18.985,38.768
2026-02-23 17:00:00,197.0,28.0,0.0,8.883,38.019
2026-02-23 18:00:00,1.0,24.0,3.83,0.0,40.044
2026-02-23 19:00:00,0.0,22.0,7.65,0.0,41.709
2026-02-23 20:00:00,0.0,20.0,11.48,0.0,41.269
2026-02-23 21:00:00,0.0,19.0,15.31,0.0,38.637
2026-02-23 22:00:00,0.0,18.0,19.13,0.0,30.897
2026-02-23 23:00:00,0.0,18.0,22.96,0.0,15.54
2026-02-24 00:00:00,0.0,17.0,26.79,0.0,10.0
2026-02-24 01:00:00,0.0,17.0,30.61,0.0,10.0
2026-02-24 02:00:00,0.0,17.0,34.44,0.0,10.4
2026-02-24 03:00:00,0.0,16.0,38.27,0.0,10.143
2026-02-24 04:00:00,0.0,16.0,42.09,0.0,11.567
2026-02-24 05:00:00,0.0,16.0,45.92,0.0,12.965
2026-02-24 06:00:00,0.0,16.0,49.74,0.0,17.854
2026-02-24 07:00:00,70.0,20.0,53.57,3.263,24.986
2026-02-24 08:00:00,305.0,25.0,19.01,12.43,28.19
2026-02-24 09:00:00,544.0,30.0,7.34,20.685,32.995
2026-02-24 10:00:00,744.0,33.0,1.58,26.701,39.553
2026-02-24 11:00:00,882.0,35.0,0.0,32.837,42.185
2026-02-24 12:00:00,947.0,36.0,0.0,31.745,48.099
2026-02-24 13:00:00,931.0,36.0,0.0,37.697,40.479
2026-02-24 14:00:00,836.0,35.0,0.0,31.259,36.655
2026-02-24 15:00:00,671.0,34.0,0.0,26.952,40.512
2026-02-24 16:00:00,452.0,31.0,0.0,18.258,39.528
2026-02-24 17:00:00,200.0,28.0,0.0,8.091,47.751
2026-02-24 18:00:00,1.0,25.0,3.92,0.0,41.751
2026-02-24 19:00:00,0.0,23.0,7.84,0.0,42.773
2026-02-24 20:00:00,0.0,22.0,11.76,0.0,40.178
2026-02-24 21:00:00,0.0,20.0,15.68,0.0,37.059
2026-02-24 22:00:00,0.0,20.0,19.6,0.0,32.748
2026-02-24 23:00:00,0.0,19.0,23.52,0.0,15.391
2026-02-25 00:00:00,0.0,19.0,27.44,0.0,12.865
2026-02-25 01:00:00,0.0,18.0,31.35,0.0,10.0
2026-02-25 02:00:00,0.0,18.0,35.27,0.0,10.994
2026-02-25 03:00:00,0.0,18.0,39.19,0.0,10.647
2026-02-25 04:00:00,0.0,17.0,43.11,0.0,10.211
2026-02-25 05:00:00,0.0,17.0,47.03,0.0,10.0
2026-02-25 06:00:00,0.0,17.0,50.95,0.0,13.114
2026-02-25 07:00:00,69.0,21.0,54.87,2.886,22.256
2026-02-25 08:00:00,309.0,25.0,18.52,12.184,28.531
2026-02-25 09:00:00,547.0,30.0,7.31,21.744,41.882
2026-02-25 10:00:00,745.0,34.0,1.88,25.076,37.904
2026-02-25 11:00:00,881.0,36.0,0.0,31.348,41.634
2026-02-25 12:00:00,944.0,37.0,0.0,35.943,38.941
2026-02-25 13:00:00,928.0,38.0,0.0,33.419,41.972
2026-02-25 14:00:00,833.0,37.0,0.0,32.615,37.817
2026-02-25 15:00:00,667.0,36.0,0.0,27.411,44.433
2026-02-25 16:00:00,449.0,33.0,0.0,19.249,45.834
2026-02-25 17:00:00,206.0,30.0,0.0,8.808,34.588
2026-02-25 18:00:00,2.0,28.0,3.83,0.011,40.995
2026-02-25 19:00:00,0.0,26.0,7.65,0.0,41.774
2026-02-25 20:00:00,0.0,25.0,11.48,0.0,40.832
2026-02-25 21:00:00,0.0,23.0,15.3,0.0,37.99
2026-02-25 22:00:00,0.0,22.0,19.13,0.0,31.072
2026-02-25 23:00:00,0.0,21.0,22.95,0.0,15.357
2026-02-26 00:00:00,0.0,20.0,26.78,0.0,10.0
2026-02-26 01:00:00,0.0,20.0,30.6,0.0,11.651
2026-02-26 02:00:00,0.0,20.0,34.43,0.0,11.882
2026-02-26 03:00:00,0.0,20.0,38.26,0.0,10.0
2026-02-26 04:00:00,0.0,19.0,42.08,0.0,10.475
2026-02-26 05:00:00,0.0,19.0,45.91,0.0,10.0
2026-02-26 06:00:00,0.0,20.0,49.73,0.0,16.099
2026-02-26 07:00:00,72.0,24.0,53.56,3.095,23.322
2026-02-26 08:00:00,307.0,28.0,19.61,12.27,31.193
2026-02-26 09:00:00,543.0,34.0,8.47,21.084,38.555
2026-02-26 10:00:00,740.0,37.0,2.97,28.759,41.682
2026-02-26 11:00:00,877.0,38.0,0.0,31.754,46.306
2026-02-26 12:00:00,940.0,39.0,0.0,34.996,43.92
2026-02-26 13:00:00,923.0,39.0,0.0,32.224,41.759
2026-02-26 14:00:00,829.0,38.0,0.0,33.575,44.046
2026-02-26 15:00:00,664.0,37.0,0.0,25.711,49.559
2026-02-26 16:00:00,447.0,35.0,0.0,16.873,44.509
2026-02-26 17:00:00,204.0,32.0,0.0,8.747,41.645
2026-02-26 18:00:00,2.0,29.0,3.78,0.0,43.068
2026-02-26 19:00:00,0.0,28.0,7.56,0.0,43.488
2026-02-26 20:00:00,0.0,26.0,11.34,0.0,41.518
2026-02-26 21:00:00,0.0,25.0,15.12,0.0,39.996
2026-02-26 22:00:00,0.0,25.0,18.9,0.0,32.95
2026-02-26 23:00:00,0.0,24.0,22.68,0.0,15.675
2026-02-27 00:00:00,0.0,24.0,26.46,0.0,11.966
2026-02-27 01:00:00,0.0,23.0,30.24,0.0,10.554
2026-02-27 02:00:00,0.0,23.0,34.02,0.0,11.375
2026-02-27 03:00:00,0.0,23.0,37.8,0.0,10.0
2026-02-27 04:00:00,0.0,23.0,41.58,0.0,11.899
2026-02-27 05:00:00,0.0,23.0,45.36,0.0,11.901
2026-02-27 06:00:00,0.0,23.0,49.14,0.0,17.677
2026-02-27 07:00:00,74.0,24.0,52.92,3.345,24.368
2026-02-27 08:00:00,300.0,24.0,21.99,12.596,28.381
2026-02-27 09:00:00,529.0,26.0,11.28,21.821,31.768
2026-02-27 10:00:00,576.0,28.0,24.8,24.055,36.996
2026-02-27 11:00:00,854.0,29.0,2.43,35.007,35.343
2026-02-27 12:00:00,915.0,30.0,0.0,37.767,36.548
2026-02-27 13:00:00,898.0,31.0,0.0,32.009,41.647
2026-02-27 14:00:00,747.0,33.0,2.48,29.032,35.343
2026-02-27 15:00:00,120.0,31.0,79.88,5.088,36.032
2026-02-27 16:00:00,168.0,30.0,56.32,6.89,38.568
2026-02-27 17:00:00,39.0,28.0,75.19,1.633,41.982
2026-02-27 18:00:00,2.0,26.0,73.6,0.0,41.073
2026-02-27 19:00:00,0.0,25.0,72.01,0.0,43.854
2026-02-27 20:00:00,0.0,24.0,70.42,0.0,41.548
2026-02-27 21:00:00,0.0,23.0,68.83,0.0,37.415
2026-02-27 22:00:00,0.0,23.0,67.24,0.0,32.832
2026-02-27 23:00:00,0.0,23.0,65.65,0.0,16.737
2026-02-28 00:00:00,0.0,23.0,64.06,0.0,10.0
2026-02-28 01:00:00,0.0,23.0,62.47,0.0,11.072
2026-02-28 02:00:00,0.0,23.0,60.88,0.0,10.275
2026-02-28 03:00:00,0.0,23.0,59.29,0.0,10.0
2026-02-28 04:00:00,0.0,22.0,57.7,0.0,10.161
2026-02-28 05:00:00,0.0,22.0,56.11,0.0,12.963
2026-02-28 06:00:00,0.0,22.0,54.52,0.0,16.853
2026-02-28 07:00:00,75.0,23.0,52.93,3.253,20.923
2026-02-28 08:00:00,300.0,24.0,22.53,12.93,25.25
2026-02-28 09:00:00,529.0,26.0,11.74,20.842,26.304
2026-02-28 10:00:00,722.0,29.0,6.15,28.165,33.787
2026-02-28 11:00:00,855.0,32.0,2.71,29.387,35.491
2026-02-28 12:00:00,916.0,32.0,0.06,35.092,34.273
2026-02-28 13:00:00,353.0,32.0,59.83,14.613,29.871
2026-02-28 14:00:00,751.0,32.0,2.38,29.001,33.441
2026-02-28 15:00:00,260.0,31.0,56.62,11.284,33.522
2026-02-28 16:00:00,438.0,30.0,0.0,17.965,34.726
2026-02-28 17:00:00,130.0,27.0,18.42,5.733,31.299
2026-02-28 18:00:00,2.0,26.0,21.24,0.0,34.956
2026-02-28 19:00:00,0.0,25.0,24.06,0.0,37.447
2026-02-28 20:00:00,0.0,24.0,26.88,0.0,34.337
2026-02-28 21:00:00,0.0,24.0,29.7,0.0,32.566
2026-02-28 22:00:00,0.0,23.0,32.52,0.0,28.311
2026-02-28 23:00:00,0.0,23.0,35.34,0.0,17.204
2026-03-01 00:00:00,0.0,23.0,38.16,0.0,11.788
2026-03-01 01:00:00,0.0,22.0,40.98,0.0,11.916
2026-03-01 02:00:00,0.0,22.0,43.8,0.0,10.253
2026-03-01 03:00:00,0.0,22.0,46.62,0.0,12.257
2026-03-01 04:00:00,0.0,22.0,49.44,0.0,10.0
2026-03-01 05:00:00,0.0,19.0,52.26,0.0,13.815
2026-03-01 06:00:00,0.0,19.0,55.08,0.0,17.932
2026-03-01 07:00:00,68.0,22.0,57.9,3.222,21.299
2026-03-01 08:00:00,304.0,27.0,22.04,12.437,28.585
2026-03-01 09:00:00,537.0,32.0,10.86,20.428,32.757
2026-03-01 10:00:00,733.0,34.0,5.13,30.218,34.837
2026-03-01 11:00:00,869.0,36.0,1.51,31.731,36.185
2026-03-01 12:00:00,931.0,37.0,0.0,34.946,36.901
2026-03-01 13:00:00,913.0,37.0,0.0,34.56,37.584
2026-03-01 14:00:00,817.0,37.0,0.0,29.81,37.722
2026-03-01 15:00:00,654.0,35.0,0.0,27.657,39.481
2026-03-01 16:00:00,439.0,33.0,0.0,16.964,36.16
2026-03-01 17:00:00,192.0,30.0,0.0,7.896,32.096
2026-03-01 18:00:00,2.0,28.0,4.05,0.0,39.082
2026-03-01 19:00:00,0.0,27.0,8.09,0.0,36.371
2026-03-01 20:00:00,0.0,26.0,12.14,0.0,36.137
2026-03-01 21:00:00,0.0,25.0,16.18,0.0,34.5
2026-03-01 22:00:00,0.0,24.0,20.23,0.0,28.624
2026-03-01 23:00:00,0.0,23.0,24.27,0.0,13.306
2026-03-02 00:00:00,0.0,22.0,28.32,0.0,10.0
2026-03-02 01:00:00,0.0,21.0,32.36,0.0,10.0
2026-03-02 02:00:00,0.0,20.0,36.41,0.0,11.07
2026-03-02 03:00:00,0.0,19.0,40.45,0.0,11.857
2026-03-02 04:00:00,0.0,19.0,44.5,0.0,10.0
2026-03-02 05:00:00,0.0,18.0,48.54,0.0,12.594
2026-03-02 06:00:00,0.0,19.0,52.59,0.0,17.303
2026-03-02 07:00:00,71.0,22.0,56.63,3.545,22.077
2026-03-02 08:00:00,312.0,27.0,20.53,13.081,27.974
2026-03-02 09:00:00,547.0,32.0,9.65,21.329,40.208
2026-03-02 10:00:00,747.0,35.0,3.73,26.71,38.917
2026-03-02 11:00:00,883.0,37.0,0.31,30.88,43.908
2026-03-02 12:00:00,936.0,38.0,0.0,33.87,41.334
2026-03-02 13:00:00,928.0,38.0,0.0,34.127,39.89
2026-03-02 14:00:00,818.0,37.0,0.0,32.671,41.157
2026-03-02 15:00:00,666.0,36.0,0.0,25.075,47.22
2026-03-02 16:00:00,447.0,34.0,0.0,19.534,41.72
2026-03-02 17:00:00,194.0,30.0,0.0,7.704,37.131
2026-03-02 18:00:00,2.0,28.0,4.0,0.0,40.834
2026-03-02 19:00:00,0.0,26.0,8.0,0.0,43.526
2026-03-02 20:00:00,0.0,25.0,12.0,0.0,44.2
2026-03-02 21:00:00,0.0,24.0,16.0,0.0,41.577
2026-03-02 22:00:00,0.0,23.0,20.0,0.0,30.544
2026-03-02 23:00:00,0.0,22.0,24.0,0.0,15.665
2026-03-03 00:00:00,0.0,21.0,28.0,0.0,11.522
2026-03-03 01:00:00,0.0,21.0,32.0,0.0,12.136
2026-03-03 02:00:00,0.0,20.0,36.0,0.0,10.0
2026-03-03 03:00:00,0.0,19.0,40.0,0.0,10.322
2026-03-03 04:00:00,0.0,18.0,44.0,0.0,10.0
2026-03-03 05:00:00,0.0,18.0,48.0,0.0,10.0
2026-03-03 06:00:00,0.0,18.0,52.0,0.0,14.128
2026-03-03 07:00:00,73.0,22.0,56.0,3.395,22.205
2026-03-03 08:00:00,316.0,27.0,20.06,13.903,36.028
2026-03-03 09:00:00,550.0,32.0,9.61,21.268,37.911
2026-03-03 10:00:00,748.0,35.0,4.01,28.79,40.246
2026-03-03 11:00:00,882.0,37.0,0.81,31.319,43.077
2026-03-03 12:00:00,940.0,38.0,0.0,37.186,41.537
2026-03-03 13:00:00,920.0,38.0,0.0,33.971,40.313
2026-03-03 14:00:00,806.0,38.0,0.0,30.536,41.443
2026-03-03 15:00:00,666.0,36.0,0.0,28.123,42.474
2026-03-03 16:00:00,449.0,34.0,0.0,18.068,42.446
2026-03-03 17:00:00,196.0,30.0,0.0,8.482,42.293
2026-03-03 18:00:00,2.0,27.0,3.91,0.0,39.949
2026-03-03 19:00:00,0.0,26.0,7.83,0.0,43.47
2026-03-03 20:00:00,0.0,25.0,11.74,0.0,42.419
2026-03-03 21:00:00,0.0,24.0,15.65,0.0,40.226
2026-03-03 22:00:00,0.0,22.0,19.57,0.0,31.05
2026-03-03 23:00:00,0.0,21.0,23.48,0.0,15.565
2026-03-04 00:00:00,0.0,20.0,27.4,0.0,11.859
2026-03-04 01:00:00,0.0,20.0,31.31,0.0,10.0
2026-03-04 02:00:00,0.0,19.0,35.22,0.0,10.0
2026-03-04 03:00:00,0.0,18.0,39.14,0.0,11.956
2026-03-04 04:00:00,0.0,17.0,43.05,0.0,10.0
2026-03-04 05:00:00,0.0,17.0,46.96,0.0,14.079
2026-03-04 06:00:00,0.0,18.0,50.88,0.0,15.142
2026-03-04 07:00:00,76.0,21.0,54.79,3.318,24.213
2026-03-04 08:00:00,320.0,27.0,19.59,13.686,30.598
2026-03-04 09:00:00,554.0,32.0,9.4,23.226,36.88
2026-03-04 10:00:00,748.0,35.0,4.41,30.384,39.382
2026-03-04 11:00:00,886.0,37.0,0.74,30.376,42.949
2026-03-04 12:00:00,944.0,38.0,0.0,31.555,41.014
2026-03-04 13:00:00,931.0,38.0,0.0,34.259,40.498
2026-03-04 14:00:00,817.0,37.0,0.0,31.994,43.489
2026-03-04 15:00:00,669.0,36.0,0.0,24.451,41.541
2026-03-04 16:00:00,451.0,33.0,0.0,18.493,39.304
2026-03-04 17:00:00,198.0,30.0,0.0,8.523,36.414
2026-03-04 18:00:00,2.0,27.0,3.62,0.0,43.862
2026-03-04 19:00:00,0.0,26.0,7.24,0.0,42.227
2026-03-04 20:00:00,0.0,25.0,10.86,0.0,44.637
2026-03-04 21:00:00,0.0,24.0,14.48,0.0,39.058
2026-03-04 22:00:00,0.0,23.0,18.1,0.0,32.2
2026-03-04 23:00:00,0.0,23.0,21.72,0.0,16.738
2026-03-05 00:00:00,0.0,22.0,25.34,0.0,13.902
2026-03-05 01:00:00,0.0,21.0,28.96,0.0,10.0
2026-03-05 02:00:00,0.0,20.0,32.58,0.0,10.5
2026-03-05 03:00:00,0.0,19.0,36.2,0.0,10.0
2026-03-05 04:00:00,0.0,18.0,39.82,0.0,10.202
2026-03-05 05:00:00,0.0,18.0,43.44,0.0,11.409
2026-03-05 06:00:00,0.0,18.0,47.06,0.0,15.627
2026-03-05 07:00:00,84.0,21.0,50.68,3.653,23.263
2026-03-05 08:00:00,323.0,27.0,19.38,12.908,30.717
2026-03-05 09:00:00,558.0,32.0,9.19,19.359,34.661
2026-03-05 10:00:00,756.0,35.0,3.79,27.92,40.284
2026-03-05 11:00:00,890.0,37.0,0.67,32.139,42.752
2026-03-05 12:00:00,955.0,38.0,0.0,36.474,40.741
2026-03-05 13:00:00,928.0,38.0,0.0,35.562,49.948
2026-03-05 14:00:00,829.0,37.0,0.0,34.173,42.82
2026-03-05 15:00:00,679.0,36.0,0.0,26.605,42.682
2026-03-05 16:00:00,452.0,34.0,0.0,16.651,52.165
2026-03-05 17:00:00,199.0,31.0,0.0,8.522,39.292
2026-03-05 18:00:00,2.0,28.0,3.75,0.0,43.598
2026-03-05 19:00:00,0.0,27.0,7.5,0.0,45.949
2026-03-05 20:00:00,0.0,26.0,11.24,0.0,43.631
2026-03-05 21:00:00,0.0,25.0,14.99,0.0,38.452
2026-03-05 22:00:00,0.0,24.0,18.74,0.0,31.944
2026-03-05 23:00:00,0.0,23.0,22.49,0.0,17.303
2026-03-06 00:00:00,0.0,22.0,26.24,0.0,11.973
2026-03-06 01:00:00,0.0,21.0,29.98,0.0,10.392
2026-03-06 02:00:00,0.0,20.0,33.73,0.0,10.0
2026-03-06 03:00:00,0.0,19.0,37.48,0.0,12.418
2026-03-06 04:00:00,0.0,19.0,41.23,0.0,10.0
2026-03-06 05:00:00,0.0,19.0,44.98,0.0,10.0
2026-03-06 06:00:00,0.0,19.0,48.72,0.0,14.142
2026-03-06 07:00:00,82.0,23.0,52.47,3.542,21.679
2026-03-06 08:00:00,323.0,28.0,19.91,14.147,33.246
2026-03-06 09:00:00,559.0,32.0,9.47,22.966,38.293
2026-03-06 10:00:00,760.0,35.0,3.67,26.582,39.646
2026-03-06 11:00:00,896.0,37.0,0.38,31.61,42.445
2026-03-06 12:00:00,957.0,38.0,0.0,33.283,41.485
2026-03-06 13:00:00,937.0,38.0,0.0,35.565,39.631
2026-03-06 14:00:00,832.0,38.0,0.0,29.087,51.185
2026-03-06 15:00:00,673.0,36.0,0.0,24.557,43.425
2026-03-06 16:00:00,454.0,34.0,0.0,17.753,41.496
2026-03-06 17:00:00,201.0,31.0,0.0,8.828,38.052
2026-03-06 18:00:00,2.0,28.0,3.63,0.0,41.685
2026-03-06 19:00:00,0.0,27.0,7.26,0.0,42.781
2026-03-06 20:00:00,0.0,26.0,10.88,0.0,42.637
2026-03-06 21:00:00,0.0,25.0,14.51,0.0,39.684
2026-03-06 22:00:00,0.0,25.0,18.14,0.0,32.272
2026-03-06 23:00:00,0.0,24.0,21.77,0.0,14.464
2026-03-07 00:00:00,0.0,23.0,25.39,0.0,13.641
2026-03-07 01:00:00,0.0,22.0,29.02,0.0,10.743
2026-03-07 02:00:00,0.0,22.0,32.65,0.0,10.803
2026-03-07 03:00:00,0.0,21.0,36.28,0.0,10.0
2026-03-07 04:00:00,0.0,20.0,39.9,0.0,10.0
2026-03-07 05:00:00,0.0,19.0,43.53,0.0,10.867
2026-03-07 06:00:00,0.0,20.0,47.16,0.0,14.467
2026-03-07 07:00:00,86.0,23.0,50.79,3.79,21.653
2026-03-07 08:00:00,327.0,28.0,19.45,13.778,29.439
2026-03-07 09:00:00,561.0,33.0,9.58,20.948,34.631
2026-03-07 10:00:00,756.0,35.0,4.57,30.047,37.264
2026-03-07 11:00:00,890.0,37.0,1.41,33.605,40.315
2026-03-07 12:00:00,949.0,38.0,0.0,34.683,38.266
2026-03-07 13:00:00,929.0,38.0,0.0,35.391,39.095
2026-03-07 14:00:00,831.0,38.0,0.0,29.61,38.575
2026-03-07 15:00:00,665.0,37.0,0.0,23.796,35.54
2026-03-07 16:00:00,448.0,35.0,0.0,17.466,37.304
2026-03-07 17:00:00,203.0,32.0,0.0,9.044,34.465
2026-03-07 18:00:00,2.0,29.0,3.55,0.0,37.854
2026-03-07 19:00:00,0.0,28.0,7.1,0.0,37.723
2026-03-07 20:00:00,0.0,27.0,10.65,0.0,38.518
2026-03-07 21:00:00,0.0,27.0,14.2,0.0,36.993
2026-03-07 22:00:00,0.0,26.0,17.75,0.0,31.225
2026-03-07 23:00:00,0.0,25.0,21.31,0.0,18.347
2026-03-08 00:00:00,0.0,25.0,24.86,0.0,10.0
2026-03-08 01:00:00,0.0,24.0,28.41,0.0,10.0
2026-03-08 02:00:00,0.0,23.0,31.96,0.0,14.263
2026-03-08 03:00:00,0.0,22.0,35.51,0.0,11.577
2026-03-08 04:00:00,0.0,21.0,39.06,0.0,10.724
2026-03-08 05:00:00,0.0,20.0,42.61,0.0,11.029
2026-03-08 06:00:00,0.0,21.0,46.16,0.0,14.84
2026-03-08 07:00:00,89.0,24.0,49.71,3.452,17.953
2026-03-08 08:00:00,325.0,29.0,20.46,12.601,27.839
2026-03-08 09:00:00,557.0,33.0,10.66,21.12,33.403
2026-03-08 10:00:00,749.0,36.0,5.83,28.107,35.628
2026-03-08 11:00:00,881.0,38.0,2.77,32.712,37.721
2026-03-08 12:00:00,939.0,39.0,0.56,30.901,42.052
2026-03-08 13:00:00,918.0,39.0,0.0,33.645,37.954
2026-03-08 14:00:00,820.0,38.0,0.0,33.69,38.273
2026-03-08 15:00:00,656.0,36.0,0.0,26.256,37.79
2026-03-08 16:00:00,442.0,34.0,0.0,16.347,37.595
2026-03-08 17:00:00,205.0,32.0,0.0,8.711,35.012
2026-03-08 18:00:00,2.0,30.0,3.48,0.0,40.026
2026-03-08 19:00:00,0.0,29.0,6.95,0.0,40.201
2026-03-08 20:00:00,0.0,29.0,10.43,0.0,37.368
2026-03-08 21:00:00,0.0,28.0,13.9,0.0,36.219
2026-03-08 22:00:00,0.0,27.0,17.38,0.0,30.049
2026-03-08 23:00:00,0.0,27.0,20.86,0.0,17.275
2026-03-09 00:00:00,0.0,26.0,24.33,0.0,13.013
2026-03-09 01:00:00,0.0,25.0,27.81,0.0,12.139
2026-03-09 02:00:00,0.0,24.0,31.28,0.0,10.923
2026-03-09 03:00:00,0.0,23.0,34.76,0.0,10.674
2026-03-09 04:00:00,0.0,22.0,38.24,0.0,10.62
2026-03-09 05:00:00,0.0,22.0,41.71,0.0,10.0
2026-03-09 06:00:00,0.0,22.0,45.19,0.0,17.089
2026-03-09 07:00:00,92.0,25.0,48.66,4.234,24.434
2026-03-09 08:00:00,329.0,31.0,20.0,15.25,37.992
2026-03-09 09:00:00,562.0,35.0,10.28,19.831,39.143
2026-03-09 10:00:00,757.0,38.0,5.2,30.028,42.907
2026-03-09 11:00:00,891.0,39.0,2.02,29.733,49.28
2026-03-09 12:00:00,951.0,40.0,0.0,32.489,52.117
2026-03-09 13:00:00,932.0,40.0,0.0,32.971,43.25
2026-03-09 14:00:00,835.0,39.0,0.0,34.551,43.775
2026-03-09 15:00:00,669.0,38.0,0.0,28.82,47.454
2026-03-09 16:00:00,452.0,35.0,0.0,17.91,42.327
2026-03-09 17:00:00,200.0,32.0,0.0,8.586,39.13
2026-03-09 18:00:00,2.0,30.0,3.4,0.0,45.054
2026-03-09 19:00:00,0.0,28.0,6.81,0.0,42.246
2026-03-09 20:00:00,0.0,26.0,10.21,0.0,43.643
2026-03-09 21:00:00,0.0,25.0,13.61,0.0,39.275
2026-03-09 22:00:00,0.0,24.0,17.02,0.0,33.352
2026-03-09 23:00:00,0.0,23.0,20.42,0.0,15.407
2026-03-10 00:00:00,0.0,22.0,23.82,0.0,10.926
2026-03-10 01:00:00,0.0,21.0,27.22,0.0,10.585
2026-03-10 02:00:00,0.0,21.0,30.63,0.0,10.807
2026-03-10 03:00:00,0.0,20.0,34.03,0.0,10.0
2026-03-10 04:00:00,0.0,20.0,37.43,0.0,11.391
2026-03-10 05:00:00,0.0,20.0,40.84,0.0,10.0
2026-03-10 06:00:00,0.0,20.0,44.24,0.0,15.065
2026-03-10 07:00:00,95.0,24.0,47.64,4.305,20.812
2026-03-10 08:00:00,334.0,29.0,19.3,12.402,33.41
2026-03-10 09:00:00,571.0,33.0,9.26,22.056,44.732
2026-03-10 10:00:00,763.0,36.0,4.82,26.257,41.138
2026-03-10 11:00:00,908.0,38.0,0.5,31.914,49.247
2026-03-10 12:00:00,968.0,39.0,0.0,32.616,47.453
2026-03-10 13:00:00,948.0,39.0,0.0,33.948,42.903
2026-03-10 14:00:00,850.0,38.0,0.0,33.364,41.792
2026-03-10 15:00:00,681.0,36.0,0.0,27.503,41.379
2026-03-10 16:00:00,461.0,34.0,0.0,19.31,42.829
2026-03-10 17:00:00,195.0,31.0,0.0,8.219,42.165
2026-03-10 18:00:00,2.0,28.0,3.88,0.0,41.396
2026-03-10 19:00:00,0.0,26.0,7.75,0.0,44.167
2026-03-10 20:00:00,0.0,24.0,11.63,0.0,41.447
2026-03-10 21:00:00,0.0,23.0,15.51,0.0,38.964
2026-03-10 22:00:00,0.0,22.0,19.38,0.0,32.346
2026-03-10 23:00:00,0.0,21.0,23.26,0.0,16.034
2026-03-11 00:00:00,0.0,21.0,27.13,0.0,10.0
2026-03-11 01:00:00,0.0,20.0,31.01,0.0,12.649
2026-03-11 02:00:00,0.0,20.0,34.89,0.0,10.0
2026-03-11 03:00:00,0.0,20.0,38.76,0.0,10.0
2026-03-11 04:00:00,0.0,20.0,42.64,0.0,10.192
2026-03-11 05:00:00,0.0,19.0,46.52,0.0,10.103
2026-03-11 06:00:00,0.0,20.0,50.39,0.0,16.336
2026-03-11 07:00:00,84.0,23.0,54.27,4.133,22.938
2026-03-11 08:00:00,333.0,29.0,20.05,13.964,31.247
2026-03-11 09:00:00,578.0,34.0,8.57,21.265,38.209
2026-03-11 10:00:00,773.0,36.0,3.94,28.541,40.454
2026-03-11 11:00:00,906.0,38.0,1.07,33.507,43.799
2026-03-11 12:00:00,964.0,38.0,0.0,36.518,43.761
2026-03-11 13:00:00,942.0,38.0,0.0,35.568,40.172
2026-03-11 14:00:00,843.0,37.0,0.0,32.921,41.965
2026-03-11 15:00:00,676.0,36.0,0.0,24.626,40.604
2026-03-11 16:00:00,457.0,33.0,0.0,19.395,38.985
2026-03-11 17:00:00,215.0,30.0,0.0,9.037,41.674
2026-03-11 18:00:00,3.0,28.0,3.61,0.026,41.859
2026-03-11 19:00:00,0.0,26.0,7.22,0.0,42.864
2026-03-11 20:00:00,0.0,24.0,10.82,0.0,40.706
2026-03-11 21:00:00,0.0,23.0,14.43,0.0,37.06
2026-03-11 22:00:00,0.0,22.0,18.04,0.0,33.082
2026-03-11 23:00:00,0.0,21.0,21.65,0.0,18.357
2026-03-12 00:00:00,0.0,21.0,25.26,0.0,10.0
2026-03-12 01:00:00,0.0,20.0,28.87,0.0,10.0
2026-03-12 02:00:00,0.0,20.0,32.47,0.0,11.604
2026-03-12 03:00:00,0.0,20.0,36.08,0.0,12.398
2026-03-12 04:00:00,0.0,20.0,39.69,0.0,10.0
2026-03-12 05:00:00,0.0,20.0,43.3,0.0,12.342
2026-03-12 06:00:00,0.0,20.0,46.91,0.0,18.293
2026-03-12 07:00:00,92.0,24.0,50.52,4.001,21.793
2026-03-12 08:00:00,340.0,29.0,18.88,14.607,34.462
2026-03-12 09:00:00,574.0,33.0,9.62,24.441,37.001
2026-03-12 10:00:00,767.0,36.0,5.05,28.569,40.94
2026-03-12 11:00:00,899.0,37.0,2.17,30.189,40.743
2026-03-12 12:00:00,957.0,38.0,0.03,33.708,42.901
2026-03-12 13:00:00,936.0,38.0,0.0,33.281,42.468
2026-03-12 14:00:00,838.0,37.0,0.0,29.636,43.365
2026-03-12 15:00:00,672.0,36.0,0.0,25.71,43.517
2026-03-12 16:00:00,455.0,34.0,0.0,18.782,45.453
2026-03-12 17:00:00,210.0,31.0,0.0,9.748,43.602
2026-03-12 18:00:00,3.0,28.0,3.35,0.034,43.891
2026-03-12 19:00:00,0.0,26.0,6.69,0.0,43.757
2026-03-12 20:00:00,0.0,24.0,10.04,0.0,39.604
2026-03-12 21:00:00,0.0,23.0,13.39,0.0,36.358
2026-03-12 22:00:00,0.0,22.0,16.73,0.0,29.977
2026-03-12 23:00:00,0.0,21.0,20.08,0.0,15.193
2026-03-13 00:00:00,0.0,21.0,23.43,0.0,12.728
2026-03-13 01:00:00,0.0,20.0,26.77,0.0,11.182
2026-03-13 02:00:00,0.0,20.0,30.12,0.0,10.0
2026-03-13 03:00:00,0.0,20.0,33.47,0.0,10.01
2026-03-13 04:00:00,0.0,19.0,36.81,0.0,10.139
2026-03-13 05:00:00,0.0,19.0,40.16,0.0,12.32
2026-03-13 06:00:00,0.0,20.0,43.5,0.0,14.77
2026-03-13 07:00:00,100.0,24.0,46.85,4.158,23.49
2026-03-13 08:00:00,342.0,29.0,18.91,15.343,32.67
2026-03-13 09:00:00,575.0,33.0,9.86,23.051,36.062
2026-03-13 10:00:00,768.0,36.0,5.28,27.529,42.723
2026-03-13 11:00:00,900.0,38.0,2.4,32.779,42.086
2026-03-13 12:00:00,959.0,38.0,0.15,32.081,40.11
2026-03-13 13:00:00,938.0,38.0,0.0,36.366,42.494
2026-03-13 14:00:00,839.0,37.0,0.0,31.251,41.026
2026-03-13 15:00:00,673.0,35.0,0.0,26.0,41.322
2026-03-13 16:00:00,365.0,33.0,13.46,15.888,43.808
2026-03-13 17:00:00,199.0,30.0,0.0,8.195,39.637
2026-03-13 18:00:00,3.0,27.0,3.09,0.033,44.291
2026-03-13 19:00:00,0.0,25.0,6.18,0.0,40.482
2026-03-13 20:00:00,0.0,23.0,9.27,0.0,41.496
2026-03-13 21:00:00,0.0,22.0,12.36,0.0,37.401
2026-03-13 22:00:00,0.0,21.0,15.45,0.0,35.765
2026-03-13 23:00:00,0.0,20.0,18.55,0.0,18.235
2026-03-14 00:00:00,0.0,20.0,21.64,0.0,11.051
2026-03-14 01:00:00,0.0,19.0,24.73,0.0,10.0
2026-03-14 02:00:00,0.0,19.0,27.82,0.0,10.0
2026-03-14 03:00:00,0.0,18.0,30.91,0.0,11.209
2026-03-14 04:00:00,0.0,18.0,34.0,0.0,10.0
2026-03-14 05:00:00,0.0,18.0,37.09,0.0,10.0
2026-03-14 06:00:00,0.0,19.0,40.18,0.0,14.932
2026-03-14 07:00:00,108.0,22.0,43.27,4.881,20.847
2026-03-14 08:00:00,347.0,28.0,18.22,13.7,28.702
2026-03-14 09:00:00,580.0,33.0,9.48,22.688,32.945
2026-03-14 10:00:00,773.0,36.0,5.01,31.312,37.918
2026-03-14 11:00:00,905.0,38.0,2.18,30.542,37.333
2026-03-14 12:00:00,963.0,39.0,0.06,35.253,39.347
2026-03-14 13:00:00,941.0,39.0,0.0,35.589,38.606
2026-03-14 14:00:00,842.0,38.0,0.0,30.921,38.725
2026-03-14 15:00:00,675.0,36.0,0.0,24.514,39.105
2026-03-14 16:00:00,457.0,35.0,0.0,19.294,36.883
2026-03-14 17:00:00,137.0,32.0,28.04,5.909,34.754
2026-03-14 18:00:00,3.0,29.0,29.07,0.034,35.166
2026-03-14 19:00:00,0.0,27.0,30.09,0.0,35.253
2026-03-14 20:00:00,0.0,25.0,31.11,0.0,35.924
2026-03-14 21:00:00,0.0,24.0,32.14,0.0,33.219
2026-03-14 22:00:00,0.0,23.0,33.16,0.0,26.519
2026-03-14 23:00:00,0.0,22.0,34.18,0.0,14.11
2026-03-15 00:00:00,0.0,21.0,35.21,0.0,12.789
2026-03-15 01:00:00,0.0,21.0,36.23,0.0,11.636
2026-03-15 02:00:00,0.0,21.0,37.26,0.0,10.0
2026-03-15 03:00:00,0.0,21.0,38.28,0.0,10.0
2026-03-15 04:00:00,0.0,20.0,39.3,0.0,10.978
2026-03-15 05:00:00,0.0,20.0,40.33,0.0,10.107
2026-03-15 06:00:00,0.0,21.0,41.35,0.0,13.788
2026-03-15 07:00:00,111.0,25.0,42.37,5.109,20.936
2026-03-15 08:00:00,352.0,30.0,17.55,14.163,31.197
2026-03-15 09:00:00,586.0,34.0,8.94,23.893,35.964
2026-03-15 10:00:00,780.0,36.0,4.5,29.456,35.6
2026-03-15 11:00:00,912.0,38.0,1.75,30.64,39.185
2026-03-15 12:00:00,962.0,40.0,0.48,34.274,39.211
2026-03-15 13:00:00,947.0,40.0,0.0,35.158,37.644
2026-03-15 14:00:00,846.0,39.0,0.0,29.142,38.218
2026-03-15 15:00:00,678.0,38.0,0.0,24.941,37.18
2026-03-15 16:00:00,459.0,36.0,0.0,17.806,39.898
2026-03-15 17:00:00,201.0,33.0,0.0,8.98,38.603
2026-03-15 18:00:00,3.0,30.0,4.58,0.039,37.705
2026-03-15 19:00:00,0.0,29.0,9.15,0.0,38.671
2026-03-15 20:00:00,0.0,27.0,13.73,0.0,39.146
2026-03-15 21:00:00,0.0,26.0,18.31,0.0,36.573
2026-03-15 22:00:00,0.0,24.0,22.88,0.0,26.48
2026-03-15 23:00:00,0.0,24.0,27.46,0.0,15.123
2026-03-16 00:00:00,0.0,23.0,32.04,0.0,10.717
2026-03-16 01:00:00,0.0,22.0,36.61,0.0,10.0
2026-03-16 02:00:00,0.0,22.0,41.19,0.0,10.74
2026-03-16 03:00:00,0.0,22.0,45.77,0.0,10.0
2026-03-16 04:00:00,0.0,21.0,50.35,0.0,10.0
2026-03-16 05:00:00,0.0,20.0,54.92,0.0,11.058
2026-03-16 06:00:00,0.0,21.0,59.5,0.0,13.915
2026-03-16 07:00:00,70.0,25.0,64.08,3.047,20.871
2026-03-16 08:00:00,315.0,30.0,26.65,13.505,34.286
2026-03-16 09:00:00,584.0,34.0,9.64,23.003,36.964
2026-03-16 10:00:00,776.0,37.0,5.33,31.8,44.239
2026-03-16 11:00:00,907.0,39.0,2.6,32.508,46.011
2026-03-16 12:00:00,964.0,39.0,0.59,33.593,41.541
2026-03-16 13:00:00,941.0,40.0,0.0,33.192,50.075
2026-03-16 14:00:00,842.0,39.0,0.0,28.176,43.763
2026-03-16 15:00:00,120.0,37.0,81.43,5.193,41.347
2026-03-16 16:00:00,84.0,35.0,80.44,3.652,42.226
2026-03-16 17:00:00,39.0,32.0,79.98,1.676,40.963
2026-03-16 18:00:00,3.0,30.0,77.32,0.025,43.544
2026-03-16 19:00:00,0.0,28.0,74.65,0.0,45.104
2026-03-16 20:00:00,0.0,27.0,71.99,0.0,42.93
2026-03-16 21:00:00,0.0,25.0,69.32,0.0,37.649
2026-03-16 22:00:00,0.0,25.0,66.66,0.0,32.152
2026-03-16 23:00:00,0.0,24.0,63.99,0.0,17.489
2026-03-17 00:00:00,0.0,24.0,61.32,0.0,10.304
2026-03-17 01:00:00,0.0,24.0,58.66,0.0,10.0
2026-03-17 02:00:00,0.0,23.0,55.99,0.0,10.0
2026-03-17 03:00:00,0.0,23.0,53.33,0.0,10.328
2026-03-17 04:00:00,0.0,23.0,50.66,0.0,10.0
2026-03-17 05:00:00,0.0,23.0,47.99,0.0,12.486
2026-03-17 06:00:00,0.0,24.0,45.33,0.0,14.972
2026-03-17 07:00:00,113.0,27.0,42.66,5.286,24.836
2026-03-17 08:00:00,356.0,32.0,17.59,13.985,37.53
2026-03-17 09:00:00,590.0,35.0,9.1,24.613,44.377
2026-03-17 10:00:00,783.0,38.0,4.81,28.809,41.383
2026-03-17 11:00:00,914.0,39.0,2.16,29.972,44.07
2026-03-17 12:00:00,971.0,40.0,0.17,34.675,40.501
2026-03-17 13:00:00,948.0,40.0,0.0,34.521,44.551
2026-03-17 14:00:00,847.0,40.0,0.0,29.188,44.592
2026-03-17 15:00:00,678.0,38.0,0.0,24.94,43.734
2026-03-17 16:00:00,460.0,35.0,0.0,19.894,37.022
2026-03-17 17:00:00,210.0,33.0,0.0,9.339,40.387
2026-03-17 18:00:00,3.0,31.0,2.99,0.037,42.468
2026-03-17 19:00:00,0.0,29.0,5.97,0.0,46.824
2026-03-17 20:00:00,0.0,27.0,8.96,0.0,44.724
2026-03-17 21:00:00,0.0,26.0,11.94,0.0,40.543
2026-03-17 22:00:00,0.0,25.0,14.93,0.0,31.066
2026-03-17 23:00:00,0.0,24.0,17.91,0.0,18.592
2026-03-18 00:00:00,0.0,24.0,20.9,0.0,10.433
2026-03-18 01:00:00,0.0,23.0,23.88,0.0,13.028
2026-03-18 02:00:00,0.0,23.0,26.87,0.0,10.572
2026-03-18 03:00:00,0.0,22.0,29.86,0.0,10.91
2026-03-18 04:00:00,0.0,22.0,32.84,0.0,10.0
2026-03-18 05:00:00,0.0,22.0,35.83,0.0,13.17
2026-03-18 06:00:00,0.0,23.0,38.81,0.0,16.852
2026-03-18 07:00:00,116.0,26.0,41.8,5.201,26.52
2026-03-18 08:00:00,358.0,31.0,17.61,15.062,33.999
2026-03-18 09:00:00,591.0,35.0,9.32,24.125,44.598
2026-03-18 10:00:00,784.0,38.0,5.01,29.1,48.924
2026-03-18 11:00:00,915.0,39.0,2.36,32.299,52.856
2026-03-18 12:00:00,971.0,40.0,0.47,35.761,52.338
2026-03-18 13:00:00,947.0,40.0,0.0,33.713,42.994
2026-03-18 14:00:00,846.0,40.0,0.0,33.394,40.6
2026-03-18 15:00:00,678.0,38.0,0.0,25.799,44.135
2026-03-18 16:00:00,459.0,35.0,0.0,18.903,46.68
2026-03-18 17:00:00,198.0,33.0,0.65,7.986,40.799
2026-03-18 18:00:00,3.0,31.0,3.67,0.04,44.088
2026-03-18 19:00:00,0.0,29.0,6.69,0.0,43.265
2026-03-18 20:00:00,0.0,27.0,9.71,0.0,43.772
2026-03-18 21:00:00,0.0,26.0,12.73,0.0,43.016
2026-03-18 22:00:00,0.0,24.0,15.75,0.0,31.562
2026-03-18 23:00:00,0.0,23.0,18.77,0.0,17.572
2026-03-19 00:00:00,0.0,23.0,21.79,0.0,14.098
2026-03-19 01:00:00,0.0,22.0,24.81,0.0,11.708
2026-03-19 02:00:00,0.0,22.0,27.83,0.0,10.0
2026-03-19 03:00:00,0.0,21.0,30.85,0.0,10.532
2026-03-19 04:00:00,0.0,21.0,33.87,0.0,11.173
2026-03-19 05:00:00,0.0,21.0,36.89,0.0,13.207
2026-03-19 06:00:00,0.0,22.0,39.91,0.0,17.7
2026-03-19 07:00:00,115.0,25.0,42.93,5.083,19.872
2026-03-19 08:00:00,365.0,30.0,16.48,14.297,31.801
2026-03-19 09:00:00,599.0,34.0,8.47,23.488,37.902
2026-03-19 10:00:00,792.0,37.0,4.37,32.339,39.829
2026-03-19 11:00:00,923.0,39.0,1.81,32.501,38.07
2026-03-19 12:00:00,980.0,40.0,0.0,35.091,41.984
2026-03-19 13:00:00,957.0,40.0,0.0,33.068,42.795
2026-03-19 14:00:00,856.0,39.0,0.0,34.739,41.715
2026-03-19 15:00:00,687.0,38.0,0.0,28.25,41.604
2026-03-19 16:00:00,459.0,35.0,0.0,17.504,41.808
2026-03-19 17:00:00,161.0,32.0,20.11,7.4,40.48
2026-03-19 18:00:00,3.0,29.0,21.5,0.04,42.094
2026-03-19 19:00:00,0.0,27.0,22.9,0.0,45.67
2026-03-19 20:00:00,0.0,25.0,24.29,0.0,41.831
2026-03-19 21:00:00,0.0,23.0,25.68,0.0,37.28
2026-03-19 22:00:00,0.0,23.0,27.08,0.0,30.426
2026-03-19 23:00:00,0.0,22.0,28.47,0.0,16.202
2026-03-20 00:00:00,0.0,21.0,29.87,0.0,12.359
2026-03-20 01:00:00,0.0,21.0,31.26,0.0,10.0
2026-03-20 02:00:00,0.0,21.0,32.66,0.0,11.034
2026-03-20 03:00:00,0.0,21.0,34.05,0.0,10.332
2026-03-20 04:00:00,0.0,21.0,35.44,0.0,13.291
2026-03-20 05:00:00,0.0,21.0,36.84,0.0,11.746
2026-03-20 06:00:00,0.0,22.0,38.23,0.0,15.022
2026-03-20 07:00:00,123.0,25.0,39.63,5.407,24.781
2026-03-20 08:00:00,374.0,31.0,14.9,16.044,34.828
2026-03-20 09:00:00,610.0,34.0,7.17,26.502,37.444
2026-03-20 10:00:00,806.0,37.0,3.0,28.622,39.62
2026-03-20 11:00:00,938.0,38.0,0.51,34.702,43.25
2026-03-20 12:00:00,995.0,39.0,0.0,33.917,42.339
2026-03-20 13:00:00,971.0,39.0,0.0,37.818,39.927
2026-03-20 14:00:00,869.0,38.0,0.0,31.499,49.206
2026-03-20 15:00:00,696.0,36.0,0.0,26.213,50.608
2026-03-20 16:00:00,474.0,34.0,0.0,18.104,38.878
2026-03-20 17:00:00,220.0,30.0,0.0,8.893,38.007
2026-03-20 18:00:00,5.0,28.0,2.91,0.115,43.796
2026-03-20 19:00:00,0.0,26.0,5.82,0.0,44.691
2026-03-20 20:00:00,0.0,25.0,8.73,0.0,43.075
2026-03-20 21:00:00,0.0,23.0,11.65,0.0,38.877
2026-03-20 22:00:00,0.0,23.0,14.56,0.0,32.834
2026-03-20 23:00:00,0.0,22.0,17.47,0.0,16.638
2026-03-21 00:00:00,0.0,21.0,20.38,0.0,10.0
2026-03-21 01:00:00,0.0,21.0,23.29,0.0,10.0
2026-03-21 02:00:00,0.0,20.0,26.2,0.0,10.0
2026-03-21 03:00:00,0.0,20.0,29.11,0.0,12.126
2026-03-21 04:00:00,0.0,19.0,32.03,0.0,11.917
2026-03-21 05:00:00,0.0,19.0,34.94,0.0,10.0
2026-03-21 06:00:00,0.0,20.0,37.85,0.0,14.995
2026-03-21 07:00:00,122.0,24.0,40.76,4.85,20.096
2026-03-21 08:00:00,377.0,30.0,14.7,15.621,29.453
2026-03-21 09:00:00,614.0,35.0,6.93,23.073,34.31
2026-03-21 10:00:00,810.0,38.0,2.84,29.181,40.098
2026-03-21 11:00:00,940.0,40.0,0.59,33.471,40.014
2026-03-21 12:00:00,996.0,41.0,0.0,38.104,40.273
2026-03-21 13:00:00,971.0,41.0,0.0,37.158,40.12
2026-03-21 14:00:00,868.0,40.0,0.0,29.917,37.945
2026-03-21 15:00:00,696.0,38.0,0.0,26.403,39.102
2026-03-21 16:00:00,473.0,36.0,0.0,18.15,39.757
2026-03-21 17:00:00,221.0,33.0,0.0,8.598,38.492
2026-03-21 18:00:00,4.0,30.0,3.2,0.087,36.673
2026-03-21 19:00:00,0.0,28.0,6.39,0.0,36.704
2026-03-21 20:00:00,0.0,26.0,9.59,0.0,37.007
2026-03-21 21:00:00,0.0,24.0,12.79,0.0,34.923
2026-03-21 22:00:00,0.0,23.0,15.98,0.0,28.543
2026-03-21 23:00:00,0.0,22.0,19.18,0.0,16.282
2026-03-22 00:00:00,0.0,21.0,22.37,0.0,10.0
2026-03-22 01:00:00,0.0,20.0,25.57,0.0,10.0
2026-03-22 02:00:00,0.0,20.0,28.77,0.0,10.0
2026-03-22 03:00:00,0.0,20.0,31.96,0.0,10.0
2026-03-22 04:00:00,0.0,19.0,35.16,0.0,10.0
2026-03-22 05:00:00,0.0,19.0,38.36,0.0,12.85
2026-03-22 06:00:00,0.0,21.0,41.55,0.0,17.097
2026-03-22 07:00:00,115.0,25.0,44.75,4.803,21.607
2026-03-22 08:00:00,376.0,31.0,15.39,15.284,28.302
2026-03-22 09:00:00,617.0,35.0,6.84,24.094,35.586
2026-03-22 10:00:00,812.0,39.0,2.91,30.143,41.483
2026-03-22 11:00:00,942.0,41.0,0.66,32.458,41.456
2026-03-22 12:00:00,930.0,42.0,5.76,33.765,42.379
2026-03-22 13:00:00,968.0,41.0,0.0,38.83,39.127
2026-03-22 14:00:00,862.0,40.0,0.0,30.208,38.164
2026-03-22 15:00:00,556.0,39.0,16.05,24.007,39.601
2026-03-22 16:00:00,474.0,36.0,0.0,19.305,35.573
2026-03-22 17:00:00,216.0,33.0,0.0,8.773,39.6
2026-03-22 18:00:00,6.0,29.0,2.63,0.174,37.726
2026-03-22 19:00:00,0.0,27.0,5.25,0.0,39.293
2026-03-22 20:00:00,0.0,25.0,7.88,0.0,35.524
2026-03-22 21:00:00,0.0,23.0,10.5,0.0,31.21
2026-03-22 22:00:00,0.0,23.0,13.13,0.0,30.036
2026-03-22 23:00:00,0.0,22.0,15.76,0.0,13.756
2026-03-23 00:00:00,0.0,22.0,18.38,0.0,11.288
2026-03-23 01:00:00,0.0,21.0,21.01,0.0,11.12
2026-03-23 02:00:00,0.0,21.0,23.63,0.0,10.304
2026-03-23 03:00:00,0.0,21.0,26.26,0.0,10.0
2026-03-23 04:00:00,0.0,20.0,28.89,0.0,10.291
2026-03-23 05:00:00,0.0,20.0,31.51,0.0,10.0
2026-03-23 06:00:00,0.0,21.0,34.14,0.0,17.133
2026-03-23 07:00:00,133.0,23.0,36.76,5.822,23.8
2026-03-23 08:00:00,363.0,26.0,18.76,15.095,29.97
2026-03-23 09:00:00,607.0,30.0,8.69,24.12,34.204
2026-03-23 10:00:00,797.0,34.0,5.0,31.434,41.95
2026-03-23 11:00:00,776.0,36.0,18.39,28.845,39.177
2026-03-23 12:00:00,978.0,38.0,1.16,37.674,39.338
2026-03-23 13:00:00,955.0,39.0,0.0,33.986,48.777
2026-03-23 14:00:00,852.0,38.0,0.0,29.966,41.339
2026-03-23 15:00:00,679.0,37.0,0.0,26.011,43.787
2026-03-23 16:00:00,463.0,34.0,0.0,19.389,41.905
2026-03-23 17:00:00,217.0,32.0,0.0,9.412,40.041
2026-03-23 18:00:00,5.0,29.0,3.41,0.128,43.45
2026-03-23 19:00:00,0.0,27.0,6.82,0.0,44.425
2026-03-23 20:00:00,0.0,25.0,10.24,0.0,44.695
2026-03-23 21:00:00,0.0,24.0,13.65,0.0,38.855
2026-03-23 22:00:00,0.0,23.0,17.06,0.0,31.046
2026-03-23 23:00:00,0.0,22.0,20.47,0.0,16.778
2026-03-24 00:00:00,0.0,21.0,23.88,0.0,10.0
2026-03-24 01:00:00,0.0,21.0,27.29,0.0,10.454
2026-03-24 02:00:00,0.0,20.0,30.71,0.0,11.73
2026-03-24 03:00:00,0.0,20.0,34.12,0.0,11.043
2026-03-24 04:00:00,0.0,20.0,37.53,0.0,10.918
2026-03-24 05:00:00,0.0,20.0,40.94,0.0,12.109
2026-03-24 06:00:00,0.0,21.0,44.35,0.0,17.545
2026-03-24 07:00:00,111.0,23.0,47.77,4.891,24.995
2026-03-24 08:00:00,376.0,27.0,16.29,14.858,31.376
2026-03-24 09:00:00,602.0,32.0,9.79,22.609,36.057
2026-03-24 10:00:00,795.0,36.0,5.52,29.903,37.261
2026-03-24 11:00:00,923.0,39.0,3.2,32.336,48.619
2026-03-24 12:00:00,977.0,40.0,1.52,34.975,43.721
2026-03-24 13:00:00,952.0,40.0,0.16,33.453,43.014
2026-03-24 14:00:00,850.0,40.0,0.0,31.661,42.237
2026-03-24 15:00:00,682.0,38.0,0.0,26.577,44.351
2026-03-24 16:00:00,463.0,36.0,0.0,17.688,42.14
2026-03-24 17:00:00,218.0,34.0,0.0,9.059,41.452
2026-03-24 18:00:00,5.0,31.0,2.48,0.117,44.172
2026-03-24 19:00:00,0.0,30.0,4.97,0.0,46.63
2026-03-24 20:00:00,0.0,29.0,7.45,0.0,43.142
2026-03-24 21:00:00,0.0,28.0,9.94,0.0,42.288
2026-03-24 22:00:00,0.0,27.0,12.42,0.0,33.241
2026-03-24 23:00:00,0.0,26.0,14.91,0.0,17.04
2026-03-25 00:00:00,0.0,25.0,17.39,0.0,12.789
2026-03-25 01:00:00,0.0,25.0,19.88,0.0,10.0
2026-03-25 02:00:00,0.0,25.0,22.36,0.0,12.187
2026-03-25 03:00:00,0.0,24.0,24.85,0.0,10.342
2026-03-25 04:00:00,0.0,24.0,27.33,0.0,10.0
2026-03-25 05:00:00,0.0,24.0,29.82,0.0,13.11
2026-03-25 06:00:00,0.0,25.0,32.3,0.0,17.184
2026-03-25 07:00:00,140.0,27.0,34.78,6.596,25.802
2026-03-25 08:00:00,338.0,30.0,25.15,14.298,34.41
2026-03-25 09:00:00,565.0,36.0,15.64,21.891,41.599
2026-03-25 10:00:00,796.0,39.0,5.69,30.636,43.031
2026-03-25 11:00:00,871.0,41.0,8.9,30.289,45.614
2026-03-25 12:00:00,975.0,42.0,1.98,34.013,51.163
2026-03-25 13:00:00,949.0,42.0,0.74,34.526,43.82
2026-03-25 14:00:00,0.0,41.0,0.37,0.0,41.733
2026-03-25 15:00:00,678.0,39.0,0.0,25.867,52.244
2026-03-25 16:00:00,383.0,36.0,15.18,16.746,48.909
2026-03-25 17:00:00,213.0,33.0,0.78,9.297,41.567
2026-03-25 18:00:00,4.0,31.0,4.14,0.077,42.756
2026-03-25 19:00:00,0.0,29.0,7.51,0.0,46.787
2026-03-25 20:00:00,0.0,28.0,10.87,0.0,43.567
2026-03-25 21:00:00,0.0,26.0,14.24,0.0,37.071
2026-03-25 22:00:00,0.0,26.0,17.6,0.0,34.925
2026-03-25 23:00:00,0.0,25.0,20.97,0.0,15.926
2026-03-26 00:00:00,0.0,25.0,24.33,0.0,14.043
2026-03-26 01:00:00,0.0,24.0,27.7,0.0,12.107
2026-03-26 02:00:00,0.0,24.0,31.06,0.0,10.0
2026-03-26 03:00:00,0.0,24.0,34.43,0.0,10.843
2026-03-26 04:00:00,0.0,24.0,37.79,0.0,13.893
2026-03-26 05:00:00,0.0,23.0,41.16,0.0,12.6
2026-03-26 06:00:00,0.0,24.0,44.52,0.0,16.333
2026-03-26 07:00:00,113.0,27.0,47.89,4.621,29.295
2026-03-26 08:00:00,355.0,32.0,21.79,14.7,34.665
2026-03-26 09:00:00,488.0,36.0,27.4,16.461,40.315
2026-03-26 10:00:00,622.0,38.0,26.52,24.359,40.689
2026-03-26 11:00:00,929.0,40.0,3.08,33.643,41.655
2026-03-26 12:00:00,983.0,41.0,1.42,34.912,43.347
2026-03-26 13:00:00,957.0,41.0,0.16,34.011,43.604
2026-03-26 14:00:00,820.0,40.0,3.13,33.031,52.783
2026-03-26 15:00:00,418.0,38.0,37.82,15.413,41.012
2026-03-26 16:00:00,464.0,36.0,0.0,19.009,43.425
2026-03-26 17:00:00,175.0,32.0,19.29,7.398,38.837
2026-03-26 18:00:00,6.0,29.0,20.91,0.193,43.602
2026-03-26 19:00:00,0.0,27.0,22.54,0.0,45.059
2026-03-26 20:00:00,0.0,25.0,24.16,0.0,41.196
2026-03-26 21:00:00,0.0,24.0,25.78,0.0,37.151
2026-03-26 22:00:00,0.0,23.0,27.4,0.0,34.161
2026-03-26 23:00:00,0.0,23.0,29.02,0.0,17.722
2026-03-27 00:00:00,0.0,22.0,30.65,0.0,11.013
2026-03-27 01:00:00,0.0,21.0,32.27,0.0,12.556
2026-03-27 02:00:00,0.0,21.0,33.89,0.0,10.317
2026-03-27 03:00:00,0.0,21.0,35.51,0.0,10.0
2026-03-27 04:00:00,0.0,21.0,37.14,0.0,10.0
2026-03-27 05:00:00,0.0,21.0,38.76,0.0,11.049
2026-03-27 06:00:00,0.0,21.0,40.38,0.0,17.08
2026-03-27 07:00:00,127.0,24.0,42.0,5.646,24.946
2026-03-27 08:00:00,372.0,28.0,18.46,15.235,37.752
2026-03-27 09:00:00,614.0,33.0,8.98,23.458,38.948
2026-03-27 10:00:00,802.0,37.0,5.52,31.28,40.95
2026-03-27 11:00:00,930.0,39.0,3.22,31.581,49.943
2026-03-27 12:00:00,984.0,41.0,1.56,36.382,41.921
2026-03-27 13:00:00,958.0,41.0,0.31,41.334,42.841
2026-03-27 14:00:00,856.0,40.0,0.0,34.94,41.424
2026-03-27 15:00:00,687.0,39.0,0.0,25.349,46.563
2026-03-27 16:00:00,468.0,36.0,0.0,17.586,43.115
2026-03-27 17:00:00,226.0,33.0,0.0,8.45,40.616
2026-03-27 18:00:00,8.0,30.0,2.75,0.269,45.911
2026-03-27 19:00:00,0.0,28.0,5.5,0.0,42.677
2026-03-27 20:00:00,0.0,25.0,8.25,0.0,41.558
2026-03-27 21:00:00,0.0,24.0,11.0,0.0,41.3
2026-03-27 22:00:00,0.0,22.0,13.75,0.0,31.798
2026-03-27 23:00:00,0.0,22.0,16.5,0.0,19.926
2026-03-28 00:00:00,0.0,21.0,19.25,0.0,11.756
2026-03-28 01:00:00,0.0,20.0,22.0,0.0,12.238
2026-03-28 02:00:00,0.0,20.0,24.74,0.0,12.033
2026-03-28 03:00:00,0.0,20.0,27.49,0.0,10.166
2026-03-28 04:00:00,0.0,19.0,30.24,0.0,10.0
2026-03-28 05:00:00,0.0,19.0,32.99,0.0,10.822
2026-03-28 06:00:00,0.0,20.0,35.74,0.0,13.538
2026-03-28 07:00:00,136.0,24.0,38.49,5.455,20.568
2026-03-28 08:00:00,387.0,29.0,15.59,14.37,28.914
2026-03-28 09:00:00,616.0,34.0,9.0,23.529,36.675
2026-03-28 10:00:00,804.0,37.0,5.55,26.92,38.211
2026-03-28 11:00:00,929.0,39.0,3.57,31.996,42.598
2026-03-28 12:00:00,981.0,40.0,2.1,34.428,36.197
2026-03-28 13:00:00,953.0,39.0,1.08,35.999,36.602
2026-03-28 14:00:00,850.0,38.0,0.15,29.857,37.387
2026-03-28 15:00:00,680.0,37.0,0.0,24.441,40.289
2026-03-28 16:00:00,371.0,34.0,19.08,15.261,36.617
2026-03-28 17:00:00,222.0,31.0,0.0,9.46,32.875
2026-03-28 18:00:00,5.0,28.0,2.38,0.132,36.437
2026-03-28 19:00:00,0.0,26.0,4.75,0.0,35.653
2026-03-28 20:00:00,0.0,25.0,7.13,0.0,34.219
2026-03-28 21:00:00,0.0,24.0,9.5,0.0,36.168
2026-03-28 22:00:00,0.0,23.0,11.88,0.0,27.548
2026-03-28 23:00:00,0.0,22.0,14.25,0.0,15.572
2026-03-29 00:00:00,0.0,22.0,16.63,0.0,10.526
2026-03-29 01:00:00,0.0,21.0,19.0,0.0,10.058
2026-03-29 02:00:00,0.0,20.0,21.38,0.0,10.0
2026-03-29 03:00:00,0.0,20.0,23.75,0.0,10.0
2026-03-29 04:00:00,0.0,20.0,26.13,0.0,10.882
2026-03-29 05:00:00,0.0,19.0,28.5,0.0,12.97
2026-03-29 06:00:00,0.0,20.0,30.88,0.0,16.246
2026-03-29 07:00:00,149.0,24.0,33.25,6.939,18.953
2026-03-29 08:00:00,392.0,29.0,14.92,16.882,30.304
2026-03-29 09:00:00,622.0,32.0,8.42,24.646,33.476
2026-03-29 10:00:00,809.0,35.0,5.22,27.165,35.005
2026-03-29 11:00:00,934.0,37.0,3.28,36.781,38.045
2026-03-29 12:00:00,985.0,38.0,1.92,36.452,38.521
2026-03-29 13:00:00,958.0,38.0,0.8,33.117,37.622
2026-03-29 14:00:00,856.0,38.0,0.0,29.998,38.556
2026-03-29 15:00:00,688.0,36.0,0.0,28.621,36.242
2026-03-29 16:00:00,470.0,34.0,0.0,20.403,39.56
2026-03-29 17:00:00,229.0,31.0,0.0,9.065,32.229
2026-03-29 18:00:00,9.0,28.0,2.29,0.341,37.589
2026-03-29 19:00:00,0.0,26.0,4.59,0.0,37.843
2026-03-29 20:00:00,0.0,25.0,6.88,0.0,37.07
2026-03-29 21:00:00,0.0,23.0,9.17,0.0,32.378
2026-03-29 22:00:00,0.0,22.0,11.46,0.0,29.677
2026-03-29 23:00:00,0.0,22.0,13.76,0.0,15.179
2026-03-30 00:00:00,0.0,21.0,16.05,0.0,10.0
2026-03-30 01:00:00,0.0,20.0,18.34,0.0,10.0
2026-03-30 02:00:00,0.0,20.0,20.64,0.0,10.375
2026-03-30 03:00:00,0.0,19.0,22.93,0.0,10.0
2026-03-30 04:00:00,0.0,19.0,25.22,0.0,13.021
2026-03-30 05:00:00,0.0,18.0,27.51,0.0,12.668
2026-03-30 06:00:00,0.0,20.0,29.81,0.0,18.558
2026-03-30 07:00:00,153.0,24.0,32.1,6.614,25.41
2026-03-30 08:00:00,407.0,30.0,12.09,16.809,32.507
2026-03-30 09:00:00,639.0,34.0,6.23,26.761,40.783
2026-03-30 10:00:00,829.0,37.0,3.14,31.176,37.501
2026-03-30 11:00:00,955.0,39.0,1.34,33.223,49.392
2026-03-30 12:00:00,1006.0,41.0,0.06,35.341,46.222
2026-03-30 13:00:00,978.0,41.0,0.0,34.845,42.391
2026-03-30 14:00:00,873.0,41.0,0.0,33.426,43.656
2026-03-30 15:00:00,701.0,39.0,0.0,23.986,42.974
2026-03-30 16:00:00,479.0,37.0,0.0,18.695,49.543
2026-03-30 17:00:00,230.0,34.0,0.0,10.519,50.703
2026-03-30 18:00:00,10.0,31.0,2.24,0.345,42.095
2026-03-30 19:00:00,0.0,29.0,4.49,0.0,43.363
2026-03-30 20:00:00,0.0,27.0,6.73,0.0,45.331
2026-03-30 21:00:00,0.0,25.0,8.97,0.0,40.276
2026-03-30 22:00:00,0.0,24.0,11.22,0.0,31.637
2026-03-30 23:00:00,0.0,23.0,13.46,0.0,18.89
2026-03-31 00:00:00,0.0,22.0,15.7,0.0,10.0
2026-03-31 01:00:00,0.0,22.0,17.95,0.0,11.804
2026-03-31 02:00:00,0.0,21.0,20.19,0.0,10.104
2026-03-31 03:00:00,0.0,21.0,22.43,0.0,11.049
2026-03-31 04:00:00,0.0,21.0,24.68,0.0,10.0
2026-03-31 05:00:00,0.0,20.0,26.92,0.0,10.835
2026-03-31 06:00:00,0.0,22.0,29.16,0.0,17.032
2026-03-31 07:00:00,156.0,26.0,31.41,6.916,24.411
2026-03-31 08:00:00,406.0,32.0,12.72,16.718,36.257
2026-03-31 09:00:00,638.0,36.0,6.68,23.248,41.211
2026-03-31 10:00:00,827.0,39.0,3.62,31.23,46.012
2026-03-31 11:00:00,953.0,41.0,1.77,35.512,45.904
2026-03-31 12:00:00,1004.0,43.0,0.47,34.698,43.86
2026-03-31 13:00:00,976.0,43.0,0.0,31.39,53.276
2026-03-31 14:00:00,870.0,42.0,0.0,30.955,45.619
2026-03-31 15:00:00,698.0,40.0,0.0,27.452,48.099
2026-03-31 16:00:00,476.0,38.0,0.0,19.674,45.102
2026-03-31 17:00:00,231.0,35.0,0.0,9.467,41.543
2026-03-31 18:00:00,8.0,31.0,2.38,0.279,43.437
2026-03-31 19:00:00,0.0,29.0,4.76,0.0,46.239
2026-03-31 20:00:00,0.0,27.0,7.14,0.0,42.08
2026-03-31 21:00:00,0.0,25.0,9.52,0.0,38.008
2026-03-31 22:00:00,0.0,24.0,11.9,0.0,33.458
2026-03-31 23:00:00,0.0,23.0,14.29,0.0,16.652
2026-04-01 00:00:00,0.0,22.0,16.67,0.0,10.0
2026-04-01 01:00:00,0.0,22.0,19.05,0.0,11.698
2026-04-01 02:00:00,0.0,21.0,21.43,0.0,10.0
2026-04-01 03:00:00,0.0,21.0,23.81,0.0,10.0
2026-04-01 04:00:00,0.0,20.0,26.19,0.0,10.0
2026-04-01 05:00:00,0.0,21.0,28.57,0.0,12.465
2026-04-01 06:00:00,0.0,23.0,30.95,0.0,14.796
2026-04-01 07:00:00,153.0,27.0,33.33,6.15,23.509
2026-04-01 08:00:00,393.0,33.0,15.9,15.716,36.145
2026-04-01 09:00:00,623.0,37.0,9.17,23.834,41.378
2026-04-01 10:00:00,814.0,39.0,5.37,29.981,41.648
2026-04-01 11:00:00,938.0,41.0,3.53,33.818,46.028
2026-04-01 12:00:00,987.0,42.0,2.37,33.528,47.377
2026-04-01 13:00:00,961.0,41.0,1.16,30.719,50.949
2026-04-01 14:00:00,860.0,40.0,0.03,32.158,44.867
2026-04-01 15:00:00,684.0,38.0,0.27,24.154,43.44
2026-04-01 16:00:00,462.0,36.0,1.14,18.567,41.879
2026-04-01 17:00:00,212.0,33.0,7.62,8.926,40.672
2026-04-01 18:00:00,8.0,30.0,9.53,0.276,44.117
2026-04-01 19:00:00,0.0,28.0,11.44,0.0,42.739
2026-04-01 20:00:00,0.0,26.0,13.35,0.0,41.423
2026-04-01 21:00:00,0.0,25.0,15.26,0.0,37.251
2026-04-01 22:00:00,0.0,24.0,17.17,0.0,32.329
2026-04-01 23:00:00,0.0,23.0,19.08,0.0,16.616
2026-04-02 00:00:00,0.0,22.0,20.99,0.0,10.0
2026-04-02 01:00:00,0.0,21.0,22.9,0.0,11.649
2026-04-02 02:00:00,0.0,21.0,24.81,0.0,10.0
2026-04-02 03:00:00,0.0,20.0,26.72,0.0,10.0
2026-04-02 04:00:00,0.0,20.0,28.63,0.0,11.593
2026-04-02 05:00:00,0.0,19.0,30.54,0.0,12.5
2026-04-02 06:00:00,0.0,21.0,32.45,0.0,14.886
2026-04-02 07:00:00,152.0,24.0,34.36,6.43,23.325
2026-04-02 08:00:00,396.0,29.0,15.65,16.738,31.16
2026-04-02 09:00:00,626.0,33.0,9.01,25.992,40.974
2026-04-02 10:00:00,815.0,36.0,5.49,30.086,40.701
2026-04-02 11:00:00,935.0,38.0,4.04,34.694,43.285
2026-04-02 12:00:00,987.0,39.0,2.57,35.609,47.807
2026-04-02 13:00:00,955.0,39.0,1.99,34.926,42.432
2026-04-02 14:00:00,853.0,38.0,1.08,31.673,40.19
2026-04-02 15:00:00,682.0,36.0,0.87,25.686,42.044
2026-04-02 16:00:00,462.0,34.0,1.59,16.184,51.771
2026-04-02 17:00:00,213.0,31.0,8.01,8.946,40.215
2026-04-02 18:00:00,10.0,28.0,9.81,0.333,40.993
2026-04-02 19:00:00,0.0,26.0,11.61,0.0,44.282
2026-04-02 20:00:00,0.0,25.0,13.41,0.0,39.906
2026-04-02 21:00:00,0.0,24.0,15.21,0.0,37.897
2026-04-02 22:00:00,0.0,23.0,17.02,0.0,31.614
2026-04-02 23:00:00,0.0,22.0,18.82,0.0,14.733
2026-04-03 00:00:00,0.0,21.0,20.62,0.0,10.393
2026-04-03 01:00:00,0.0,20.0,22.42,0.0,10.81
2026-04-03 02:00:00,0.0,20.0,24.22,0.0,10.0
2026-04-03 03:00:00,0.0,21.0,26.02,0.0,10.0
2026-04-03 04:00:00,0.0,20.0,27.82,0.0,10.0
2026-04-03 05:00:00,0.0,19.0,29.62,0.0,14.058
2026-04-03 06:00:00,0.0,20.0,31.42,0.0,16.297
2026-04-03 07:00:00,156.0,24.0,33.22,7.177,23.176
2026-04-03 08:00:00,399.0,29.0,15.39,17.456,39.78
2026-04-03 09:00:00,629.0,34.0,8.85,24.678,38.846
2026-04-03 10:00:00,817.0,37.0,5.48,27.057,42.619
2026-04-03 11:00:00,943.0,39.0,3.42,32.63,41.061
2026-04-03 12:00:00,990.0,40.0,2.46,36.787,44.834
2026-04-03 13:00:00,950.0,40.0,2.7,33.306,44.544
2026-04-03 14:00:00,860.0,39.0,0.51,31.593,42.357
2026-04-03 15:00:00,685.0,38.0,0.74,24.328,46.834
2026-04-03 16:00:00,463.0,35.0,1.82,17.105,37.406
2026-04-03 17:00:00,214.0,32.0,8.39,9.84,38.258
2026-04-03 18:00:00,9.0,29.0,43.28,0.34,43.476
2026-04-03 19:00:00,0.0,27.0,42.58,0.0,45.431
2026-04-03 20:00:00,0.0,25.0,41.89,0.0,42.77
2026-04-03 21:00:00,0.0,24.0,41.19,0.0,38.394
2026-04-03 22:00:00,0.0,23.0,40.49,0.0,34.696
2026-04-03 23:00:00,0.0,22.0,39.79,0.0,17.907
2026-04-04 00:00:00,0.0,22.0,39.1,0.0,10.105
2026-04-04 01:00:00,0.0,21.0,38.4,0.0,13.465
2026-04-04 02:00:00,0.0,20.0,37.7,0.0,10.0
2026-04-04 03:00:00,0.0,20.0,37.01,0.0,10.0
2026-04-04 04:00:00,0.0,20.0,36.31,0.0,10.0
2026-04-04 05:00:00,0.0,20.0,35.61,0.0,10.0
2026-04-04 06:00:00,0.0,21.0,34.91,0.0,14.409
2026-04-04 07:00:00,155.0,25.0,34.22,6.928,22.527
2026-04-04 08:00:00,401.0,32.0,15.34,17.234,31.122
2026-04-04 09:00:00,629.0,37.0,9.12,22.975,36.548
2026-04-04 10:00:00,814.0,40.0,6.05,29.059,39.712
2026-04-04 11:00:00,936.0,41.0,4.33,35.964,37.553
2026-04-04 12:00:00,985.0,42.0,3.14,36.05,38.599
2026-04-04 13:00:00,956.0,42.0,2.29,32.041,40.017
2026-04-04 14:00:00,850.0,42.0,1.89,28.624,39.704
2026-04-04 15:00:00,679.0,40.0,1.9,24.537,40.125
2026-04-04 16:00:00,459.0,37.0,3.09,17.58,40.986
2026-04-04 17:00:00,214.0,33.0,9.18,9.524,36.326
2026-04-04 18:00:00,13.0,29.0,25.3,0.478,35.679
2026-04-04 19:00:00,0.0,26.0,25.93,0.0,36.22
2026-04-04 20:00:00,0.0,24.0,26.56,0.0,37.815
2026-04-04 21:00:00,0.0,23.0,27.19,0.0,35.515
2026-04-04 22:00:00,0.0,23.0,27.82,0.0,28.874
2026-04-04 23:00:00,0.0,22.0,28.46,0.0,13.143
2026-04-05 00:00:00,0.0,22.0,29.09,0.0,11.086
2026-04-05 01:00:00,0.0,22.0,29.72,0.0,10.947
2026-04-05 02:00:00,0.0,21.0,30.35,0.0,10.2
2026-04-05 03:00:00,0.0,21.0,30.98,0.0,10.0
2026-04-05 04:00:00,0.0,21.0,31.61,0.0,10.0
2026-04-05 05:00:00,0.0,20.0,32.25,0.0,10.088
2026-04-05 06:00:00,0.0,22.0,32.88,0.0,13.317
2026-04-05 07:00:00,158.0,26.0,33.51,7.406,24.072
2026-04-05 08:00:00,402.0,31.0,15.49,17.472,31.655
2026-04-05 09:00:00,629.0,36.0,9.38,24.683,35.411
2026-04-05 10:00:00,819.0,39.0,5.68,33.129,39.373
2026-04-05 11:00:00,942.0,41.0,3.9,32.914,41.336
2026-04-05 12:00:00,993.0,42.0,2.54,35.531,44.0
2026-04-05 13:00:00,965.0,42.0,1.56,36.454,41.778
2026-04-05 14:00:00,860.0,42.0,0.96,30.43,42.053
2026-04-05 15:00:00,686.0,41.0,1.17,25.574,41.253
2026-04-05 16:00:00,465.0,39.0,2.24,19.404,39.912
2026-04-05 17:00:00,205.0,36.0,13.73,9.776,40.616
2026-04-05 18:00:00,10.0,32.0,47.22,0.337,40.693
2026-04-05 19:00:00,0.0,30.0,47.4,0.0,39.169
2026-04-05 20:00:00,0.0,28.0,47.57,0.0,39.055
2026-04-05 21:00:00,0.0,26.0,47.75,0.0,36.042
2026-04-05 22:00:00,0.0,25.0,47.92,0.0,25.856
2026-04-05 23:00:00,0.0,23.0,48.1,0.0,14.039
2026-04-06 00:00:00,0.0,23.0,48.27,0.0,11.308
2026-04-06 01:00:00,0.0,22.0,48.45,0.0,10.0
2026-04-06 02:00:00,0.0,22.0,48.63,0.0,10.0
2026-04-06 03:00:00,0.0,21.0,48.8,0.0,10.0
2026-04-06 04:00:00,0.0,21.0,48.98,0.0,11.188
2026-04-06 05:00:00,0.0,21.0,49.15,0.0,11.953
2026-04-06 06:00:00,0.0,22.0,49.33,0.0,18.215
2026-04-06 07:00:00,121.0,25.0,49.5,5.842,23.865
2026-04-06 08:00:00,398.0,30.0,16.68,17.828,42.159
2026-04-06 09:00:00,620.0,34.0,10.93,23.325,36.17
2026-04-06 10:00:00,799.0,36.0,8.18,28.768,39.962
2026-04-06 11:00:00,919.0,38.0,6.43,34.189,43.491
2026-04-06 12:00:00,966.0,39.0,5.36,36.753,43.304
2026-04-06 13:00:00,938.0,41.0,4.49,35.153,43.92
2026-04-06 14:00:00,698.0,41.0,19.79,29.146,44.716
2026-04-06 15:00:00,604.0,39.0,13.23,26.092,54.0
2026-04-06 16:00:00,82.0,37.0,82.83,3.798,43.355
2026-04-06 17:00:00,184.0,34.0,23.21,7.834,53.414
2026-04-06 18:00:00,8.0,32.0,60.98,0.232,43.983
2026-04-06 19:00:00,0.0,30.0,58.7,0.0,45.897
2026-04-06 20:00:00,0.0,28.0,56.41,0.0,43.327
2026-04-06 21:00:00,0.0,26.0,54.13,0.0,41.11
2026-04-06 22:00:00,0.0,25.0,51.84,0.0,31.33
2026-04-06 23:00:00,0.0,24.0,49.56,0.0,16.05
2026-04-07 00:00:00,0.0,23.0,47.27,0.0,10.0
2026-04-07 01:00:00,0.0,23.0,44.99,0.0,11.332
2026-04-07 02:00:00,0.0,23.0,42.71,0.0,11.946
2026-04-07 03:00:00,0.0,23.0,40.42,0.0,11.475
2026-04-07 04:00:00,0.0,22.0,38.14,0.0,11.638
2026-04-07 05:00:00,0.0,22.0,35.85,0.0,12.375
2026-04-07 06:00:00,0.0,24.0,33.57,0.0,16.98
2026-04-07 07:00:00,166.0,28.0,31.29,7.14,26.86
2026-04-07 08:00:00,399.0,33.0,16.81,16.894,36.2
2026-04-07 09:00:00,622.0,35.0,10.89,26.041,41.832
2026-04-07 10:00:00,802.0,37.0,8.03,31.133,40.97
2026-04-07 11:00:00,922.0,38.0,6.29,29.376,42.598
2026-04-07 12:00:00,968.0,38.0,5.33,38.914,45.819
2026-04-07 13:00:00,937.0,37.0,4.77,35.242,38.357
2026-04-07 14:00:00,833.0,35.0,4.48,34.413,37.721
2026-04-07 15:00:00,363.0,33.0,47.99,15.673,39.572
2026-04-07 16:00:00,83.0,31.0,82.7,3.717,44.018
2026-04-07 17:00:00,39.0,28.0,83.86,1.798,42.087
2026-04-07 18:00:00,4.0,26.0,81.87,0.088,44.371
2026-04-07 19:00:00,0.0,25.0,77.99,0.0,40.962
2026-04-07 20:00:00,0.0,24.0,74.11,0.0,41.623
2026-04-07 21:00:00,0.0,23.0,70.23,0.0,40.308
2026-04-07 22:00:00,0.0,23.0,66.35,0.0,33.492
2026-04-07 23:00:00,0.0,23.0,62.47,0.0,17.417
2026-04-08 00:00:00,0.0,22.0,58.59,0.0,12.298
2026-04-08 01:00:00,0.0,22.0,54.71,0.0,10.578
2026-04-08 02:00:00,0.0,22.0,50.83,0.0,12.528
2026-04-08 03:00:00,0.0,21.0,46.95,0.0,11.996
2026-04-08 04:00:00,0.0,21.0,43.07,0.0,10.0
2026-04-08 05:00:00,0.0,21.0,39.19,0.0,11.65
2026-04-08 06:00:00,0.0,22.0,35.3,0.0,13.834
2026-04-08 07:00:00,167.0,26.0,31.42,7.394,26.631
2026-04-08 08:00:00,404.0,31.0,16.11,18.432,34.064
2026-04-08 09:00:00,627.0,33.0,10.41,26.716,39.138
2026-04-08 10:00:00,808.0,35.0,7.53,34.336,39.597
2026-04-08 11:00:00,928.0,37.0,5.85,37.615,49.151
2026-04-08 12:00:00,974.0,38.0,4.9,38.802,50.965
2026-04-08 13:00:00,944.0,38.0,4.22,34.078,49.923
2026-04-08 14:00:00,839.0,38.0,3.99,28.116,40.3
2026-04-08 15:00:00,300.0,36.0,57.13,12.445,43.104
2026-04-08 16:00:00,161.0,34.0,66.57,7.26,43.85
2026-04-08 17:00:00,78.0,32.0,67.97,3.355,44.105
2026-04-08 18:00:00,4.0,30.0,83.07,0.084,43.361
2026-04-08 19:00:00,0.0,29.0,83.82,0.0,45.583
2026-04-08 20:00:00,0.0,28.0,84.57,0.0,42.445
2026-04-08 21:00:00,0.0,27.0,85.32,0.0,39.783
2026-04-08 22:00:00,0.0,26.0,86.07,0.0,35.995
2026-04-08 23:00:00,0.0,25.0,86.82,0.0,17.065
2026-04-09 00:00:00,0.0,25.0,87.57,0.0,10.377
2026-04-09 01:00:00,0.0,24.0,88.32,0.0,10.0
2026-04-09 02:00:00,0.0,24.0,89.07,0.0,11.702
2026-04-09 03:00:00,0.0,23.0,89.82,0.0,10.0
2026-04-09 04:00:00,0.0,23.0,90.57,0.0,10.857
2026-04-09 05:00:00,0.0,23.0,91.32,0.0,14.647
2026-04-09 06:00:00,2.0,23.0,92.06,0.0,18.843
2026-04-09 07:00:00,174.0,27.0,29.11,8.052,26.052
2026-04-09 08:00:00,411.0,32.0,14.99,17.137,36.343
2026-04-09 09:00:00,636.0,35.0,9.36,24.443,44.58
2026-04-09 10:00:00,819.0,38.0,6.46,29.793,41.824
2026-04-09 11:00:00,940.0,40.0,4.79,33.495,45.295
2026-04-09 12:00:00,986.0,41.0,3.88,38.494,46.254
2026-04-09 13:00:00,955.0,41.0,3.27,36.788,41.781
2026-04-09 14:00:00,849.0,40.0,3.03,31.242,44.007
2026-04-09 15:00:00,678.0,39.0,3.38,25.192,44.256
2026-04-09 16:00:00,449.0,37.0,7.13,17.796,43.394
2026-04-09 17:00:00,176.0,34.0,28.3,7.439,41.52
2026-04-09 18:00:00,9.0,32.0,64.29,0.261,45.324
2026-04-09 19:00:00,0.0,31.0,66.96,0.0,47.192
2026-04-09 20:00:00,0.0,29.0,69.62,0.0,46.316
2026-04-09 21:00:00,0.0,27.0,72.29,0.0,41.417
2026-04-09 22:00:00,0.0,26.0,74.95,0.0,33.251
2026-04-09 23:00:00,0.0,25.0,77.61,0.0,16.074
2026-04-10 00:00:00,0.0,24.0,80.28,0.0,10.139
2026-04-10 01:00:00,0.0,24.0,82.94,0.0,10.866
2026-04-10 02:00:00,0.0,23.0,85.61,0.0,10.0
2026-04-10 03:00:00,0.0,23.0,88.27,0.0,11.524
2026-04-10 04:00:00,0.0,23.0,90.94,0.0,11.102
2026-04-10 05:00:00,0.0,22.0,93.6,0.0,12.801
2026-04-10 06:00:00,1.0,24.0,96.27,0.0,15.106
2026-04-10 07:00:00,173.0,28.0,30.06,7.877,24.837
2026-04-10 08:00:00,418.0,33.0,13.88,17.094,43.676
2026-04-10 09:00:00,645.0,36.0,8.31,23.661,39.682
2026-04-10 10:00:00,828.0,39.0,5.61,27.083,42.466
2026-04-10 11:00:00,949.0,41.0,4.03,35.166,54.0
2026-04-10 12:00:00,995.0,42.0,3.15,34.389,45.426
2026-04-10 13:00:00,956.0,42.0,3.33,33.477,49.041
2026-04-10 14:00:00,858.0,41.0,2.19,27.923,45.889
2026-04-10 15:00:00,687.0,40.0,2.34,27.919,43.925
2026-04-10 16:00:00,467.0,37.0,3.78,17.112,45.63
2026-04-10 17:00:00,219.0,35.0,11.46,9.41,46.015
2026-04-10 18:00:00,12.0,32.0,55.19,0.387,45.444
2026-04-10 19:00:00,0.0,30.0,58.63,0.0,45.74
2026-04-10 20:00:00,0.0,28.0,62.07,0.0,41.235
2026-04-10 21:00:00,0.0,27.0,65.51,0.0,41.671
2026-04-10 22:00:00,0.0,26.0,68.95,0.0,30.806
2026-04-10 23:00:00,0.0,25.0,72.39,0.0,16.842
2026-04-11 00:00:00,0.0,24.0,75.83,0.0,12.202
2026-04-11 01:00:00,0.0,24.0,79.27,0.0,10.0
2026-04-11 02:00:00,0.0,23.0,82.71,0.0,10.0
2026-04-11 03:00:00,0.0,23.0,86.15,0.0,11.284
2026-04-11 04:00:00,0.0,23.0,89.59,0.0,10.061
2026-04-11 05:00:00,0.0,22.0,93.03,0.0,10.417
2026-04-11 06:00:00,1.0,24.0,96.47,0.0,16.705
2026-04-11 07:00:00,176.0,28.0,29.39,7.609,22.026
2026-04-11 08:00:00,422.0,34.0,13.38,15.764,32.027
2026-04-11 09:00:00,649.0,37.0,7.97,24.264,37.773
2026-04-11 10:00:00,836.0,40.0,4.88,31.466,37.905
2026-04-11 11:00:00,957.0,42.0,3.38,35.219,44.025
2026-04-11 12:00:00,1004.0,43.0,2.42,33.947,41.166
2026-04-11 13:00:00,973.0,43.0,1.76,34.209,42.53
2026-04-11 14:00:00,866.0,43.0,1.46,30.322,42.855
2026-04-11 15:00:00,689.0,41.0,2.3,26.282,40.987
2026-04-11 16:00:00,468.0,38.0,3.94,18.112,39.099
2026-04-11 17:00:00,214.0,36.0,14.14,8.957,38.62
2026-04-11 18:00:00,12.0,32.0,57.68,0.479,40.778
2026-04-11 19:00:00,0.0,30.0,60.65,0.0,38.949
2026-04-11 20:00:00,0.0,29.0,63.62,0.0,37.485
2026-04-11 21:00:00,0.0,27.0,66.59,0.0,37.698
2026-04-11 22:00:00,0.0,26.0,69.56,0.0,28.511
2026-04-11 23:00:00,0.0,25.0,72.53,0.0,16.576
2026-04-12 00:00:00,0.0,25.0,75.5,0.0,11.123
2026-04-12 01:00:00,0.0,24.0,78.47,0.0,10.189
2026-04-12 02:00:00,0.0,24.0,81.44,0.0,12.167
2026-04-12 03:00:00,0.0,23.0,84.41,0.0,10.045
2026-04-12 04:00:00,0.0,23.0,87.38,0.0,10.0
2026-04-12 05:00:00,0.0,22.0,90.35,0.0,10.606
2026-04-12 06:00:00,2.0,24.0,93.32,0.0,14.215
2026-04-12 07:00:00,171.0,28.0,31.9,7.509,22.722
2026-04-12 08:00:00,423.0,34.0,13.5,15.723,31.971
2026-04-12 09:00:00,651.0,38.0,7.9,26.488,39.638
2026-04-12 10:00:00,837.0,40.0,4.93,30.034,40.626
2026-04-12 11:00:00,960.0,42.0,3.22,32.367,41.057
2026-04-12 12:00:00,1008.0,43.0,2.17,34.364,42.844
2026-04-12 13:00:00,975.0,43.0,1.71,34.018,39.084
2026-04-12 14:00:00,865.0,43.0,1.75,31.823,43.56
2026-04-12 15:00:00,689.0,41.0,2.53,25.947,43.013
2026-04-12 16:00:00,468.0,39.0,4.29,18.169,43.651
2026-04-12 17:00:00,220.0,36.0,12.39,9.162,40.096
2026-04-12 18:00:00,18.0,33.0,39.87,0.643,41.142
2026-04-12 19:00:00,0.0,31.0,44.08,0.0,42.888
2026-04-12 20:00:00,0.0,30.0,48.3,0.0,39.044
2026-04-12 21:00:00,0.0,28.0,52.52,0.0,35.816
2026-04-12 22:00:00,0.0,27.0,56.74,0.0,30.2
2026-04-12 23:00:00,0.0,26.0,60.96,0.0,18.746
2026-04-13 00:00:00,0.0,25.0,65.17,0.0,10.352
2026-04-13 01:00:00,0.0,25.0,69.39,0.0,10.0
2026-04-13 02:00:00,0.0,24.0,73.61,0.0,10.531
2026-04-13 03:00:00,0.0,24.0,77.83,0.0,11.205
2026-04-13 04:00:00,0.0,24.0,82.04,0.0,10.0
2026-04-13 05:00:00,0.0,23.0,86.26,0.0,12.139
2026-04-13 06:00:00,3.0,25.0,90.48,0.031,18.666
2026-04-13 07:00:00,178.0,29.0,29.63,7.226,28.431
2026-04-13 08:00:00,425.0,34.0,13.4,19.145,36.495
2026-04-13 09:00:00,650.0,38.0,8.26,26.449,48.981
2026-04-13 10:00:00,831.0,40.0,5.78,27.431,45.93
2026-04-13 11:00:00,951.0,42.0,4.26,30.647,45.522
2026-04-13 12:00:00,997.0,43.0,3.37,33.206,46.566
2026-04-13 13:00:00,965.0,43.0,2.86,34.82,47.792
2026-04-13 14:00:00,858.0,42.0,2.71,29.183,51.685
2026-04-13 15:00:00,686.0,41.0,3.18,22.448,43.854
2026-04-13 16:00:00,467.0,38.0,4.84,19.799,42.265
2026-04-13 17:00:00,221.0,36.0,12.63,9.056,42.583
2026-04-13 18:00:00,13.0,33.0,58.74,0.481,46.743
2026-04-13 19:00:00,0.0,31.0,61.17,0.0,47.373
2026-04-13 20:00:00,0.0,28.0,63.6,0.0,47.09
2026-04-13 21:00:00,0.0,27.0,66.03,0.0,41.359
2026-04-13 22:00:00,0.0,26.0,68.47,0.0,33.042
2026-04-13 23:00:00,0.0,25.0,70.9,0.0,15.663
2026-04-14 00:00:00,0.0,24.0,73.33,0.0,12.453
2026-04-14 01:00:00,0.0,23.0,75.76,0.0,10.492
2026-04-14 02:00:00,0.0,23.0,78.19,0.0,10.0
2026-04-14 03:00:00,0.0,22.0,80.62,0.0,10.231
2026-04-14 04:00:00,0.0,22.0,83.05,0.0,10.0
2026-04-14 05:00:00,0.0,22.0,85.48,0.0,10.604
2026-04-14 06:00:00,4.0,23.0,87.91,0.078,16.009
2026-04-14 07:00:00,181.0,28.0,28.95,7.807,24.733
2026-04-14 08:00:00,429.0,34.0,12.89,18.283,35.317
2026-04-14 09:00:00,654.0,37.0,7.9,22.907,39.208
2026-04-14 10:00:00,835.0,40.0,5.48,31.147,48.285
2026-04-14 11:00:00,953.0,42.0,4.2,33.635,44.089
2026-04-14 12:00:00,997.0,43.0,3.49,34.388,44.574
2026-04-14 13:00:00,964.0,43.0,3.09,30.611,43.797
2026-04-14 14:00:00,856.0,42.0,3.1,32.334,45.521
2026-04-14 15:00:00,684.0,41.0,3.68,25.102,45.531
2026-04-14 16:00:00,465.0,38.0,5.58,19.37,53.719
2026-04-14 17:00:00,221.0,35.0,13.25,8.912,44.891
2026-04-14 18:00:00,14.0,31.0,57.68,0.538,45.198
2026-04-14 19:00:00,0.0,29.0,60.01,0.0,45.879
2026-04-14 20:00:00,0.0,27.0,62.33,0.0,44.286
2026-04-14 21:00:00,0.0,26.0,64.66,0.0,40.653
2026-04-14 22:00:00,0.0,25.0,66.98,0.0,32.82
2026-04-14 23:00:00,0.0,24.0,69.3,0.0,16.459
2026-04-15 00:00:00,0.0,23.0,71.63,0.0,10.0
2026-04-15 01:00:00,0.0,23.0,73.95,0.0,11.674
2026-04-15 02:00:00,0.0,22.0,76.28,0.0,10.156
2026-04-15 03:00:00,0.0,21.0,78.6,0.0,12.229
2026-04-15 04:00:00,0.0,21.0,80.92,0.0,11.781
2026-04-15 05:00:00,0.0,21.0,83.25,0.0,10.324
2026-04-15 06:00:00,5.0,22.0,85.57,0.144,17.745
2026-04-15 07:00:00,184.0,27.0,28.28,8.509,21.665
2026-04-15 08:00:00,426.0,32.0,13.8,18.07,37.202
2026-04-15 09:00:00,648.0,37.0,8.94,26.743,45.065
2026-04-15 10:00:00,827.0,40.0,6.53,29.752,44.193
2026-04-15 11:00:00,943.0,42.0,5.33,31.664,46.098
2026-04-15 12:00:00,987.0,43.0,4.58,32.229,46.823
2026-04-15 13:00:00,953.0,43.0,4.32,34.917,44.59
2026-04-15 14:00:00,846.0,42.0,4.39,31.236,41.696
2026-04-15 15:00:00,676.0,40.0,5.01,28.201,44.042
2026-04-15 16:00:00,459.0,38.0,7.12,17.801,48.495
2026-04-15 17:00:00,224.0,34.0,12.69,9.424,42.742
2026-04-15 18:00:00,14.0,31.0,59.6,0.529,44.314
2026-04-15 19:00:00,0.0,28.0,61.59,0.0,42.994
2026-04-15 20:00:00,0.0,26.0,63.58,0.0,43.409
2026-04-15 21:00:00,0.0,25.0,65.56,0.0,38.905
2026-04-15 22:00:00,0.0,24.0,67.55,0.0,34.746
2026-04-15 23:00:00,0.0,24.0,69.53,0.0,16.141
2026-04-16 00:00:00,0.0,23.0,71.52,0.0,11.403
2026-04-16 01:00:00,0.0,23.0,73.51,0.0,10.202
2026-04-16 02:00:00,0.0,22.0,75.49,0.0,10.0
2026-04-16 03:00:00,0.0,23.0,77.48,0.0,10.0
2026-04-16 04:00:00,0.0,23.0,79.46,0.0,11.555
2026-04-16 05:00:00,0.0,23.0,81.45,0.0,12.043
2026-04-16 06:00:00,6.0,23.0,83.44,0.189,15.589
2026-04-16 07:00:00,155.0,26.0,40.0,6.876,22.461
2026-04-16 08:00:00,366.0,29.0,26.19,16.937,33.152
2026-04-16 09:00:00,642.0,33.0,9.98,22.972,37.837
2026-04-16 10:00:00,818.0,37.0,7.69,34.604,42.431
2026-04-16 11:00:00,934.0,40.0,6.35,32.024,43.616
2026-04-16 12:00:00,977.0,41.0,5.66,33.333,41.392
2026-04-16 13:00:00,945.0,42.0,5.24,33.109,49.507
2026-04-16 14:00:00,840.0,41.0,5.21,32.56,43.937
2026-04-16 15:00:00,671.0,39.0,5.91,26.775,45.698
2026-04-16 16:00:00,335.0,36.0,32.44,13.276,42.54
2026-04-16 17:00:00,218.0,34.0,15.61,8.336,41.436
2026-04-16 18:00:00,17.0,31.0,53.07,0.639,44.834
2026-04-16 19:00:00,0.0,29.0,55.0,0.0,44.414
2026-04-16 20:00:00,0.0,27.0,56.92,0.0,42.347
2026-04-16 21:00:00,0.0,26.0,58.85,0.0,39.863
2026-04-16 22:00:00,0.0,25.0,60.77,0.0,31.461
2026-04-16 23:00:00,0.0,25.0,62.7,0.0,16.929
2026-04-17 00:00:00,0.0,24.0,64.63,0.0,13.515
2026-04-17 01:00:00,0.0,24.0,66.55,0.0,11.96
2026-04-17 02:00:00,0.0,24.0,68.48,0.0,10.631
2026-04-17 03:00:00,0.0,24.0,70.4,0.0,12.372
2026-04-17 04:00:00,0.0,23.0,72.33,0.0,10.0
2026-04-17 05:00:00,0.0,23.0,74.26,0.0,14.687
2026-04-17 06:00:00,9.0,24.0,76.18,0.299,15.355
2026-04-17 07:00:00,185.0,27.0,28.86,8.175,28.055
2026-04-17 08:00:00,427.0,32.0,14.17,16.735,37.299
2026-04-17 09:00:00,647.0,36.0,9.46,23.484,37.045
2026-04-17 10:00:00,799.0,39.0,9.97,28.514,44.804
2026-04-17 11:00:00,938.0,41.0,6.06,33.215,44.353
2026-04-17 12:00:00,981.0,42.0,5.38,28.182,51.536
2026-04-17 13:00:00,948.0,40.0,5.06,32.782,43.534
2026-04-17 14:00:00,675.0,39.0,23.94,26.947,41.039
2026-04-17 15:00:00,514.0,39.0,28.07,23.555,48.715
2026-04-17 16:00:00,410.0,37.0,17.58,15.525,41.933
2026-04-17 17:00:00,79.0,35.0,69.62,3.193,42.498
2026-04-17 18:00:00,15.0,33.0,60.3,0.606,47.62
2026-04-17 19:00:00,0.0,30.0,61.92,0.0,46.541
2026-04-17 20:00:00,0.0,28.0,63.53,0.0,43.496
2026-04-17 21:00:00,0.0,27.0,65.14,0.0,41.508
2026-04-17 22:00:00,0.0,26.0,66.76,0.0,31.531
2026-04-17 23:00:00,0.0,25.0,68.37,0.0,16.076
2026-04-18 00:00:00,0.0,24.0,69.98,0.0,10.054
2026-04-18 01:00:00,0.0,24.0,71.6,0.0,11.512
2026-04-18 02:00:00,0.0,24.0,73.21,0.0,10.732
2026-04-18 03:00:00,0.0,23.0,74.82,0.0,10.913
2026-04-18 04:00:00,0.0,23.0,76.44,0.0,10.372
2026-04-18 05:00:00,0.0,23.0,78.05,0.0,10.0
2026-04-18 06:00:00,8.0,24.0,79.67,0.266,17.003
2026-04-18 07:00:00,151.0,28.0,42.32,6.241,22.683
2026-04-18 08:00:00,416.0,33.0,16.64,15.866,32.507
2026-04-18 09:00:00,648.0,38.0,9.5,25.424,37.153
2026-04-18 10:00:00,678.0,41.0,23.71,26.753,41.168
2026-04-18 11:00:00,632.0,43.0,36.78,25.631,41.442
2026-04-18 12:00:00,895.0,44.0,13.76,29.896,43.694
2026-04-18 13:00:00,595.0,45.0,40.48,23.416,44.736
2026-04-18 14:00:00,774.0,44.0,12.91,26.582,43.772
2026-04-18 15:00:00,568.0,43.0,20.67,22.184,42.921
2026-04-18 16:00:00,448.0,40.0,10.23,18.253,40.661
2026-04-18 17:00:00,214.0,37.0,18.25,9.304,43.381
2026-04-18 18:00:00,5.0,35.0,87.29,0.114,40.642
2026-04-18 19:00:00,0.0,33.0,86.72,0.0,43.814
2026-04-18 20:00:00,0.0,31.0,86.15,0.0,41.136
2026-04-18 21:00:00,0.0,29.0,85.58,0.0,37.032
2026-04-18 22:00:00,0.0,28.0,85.01,0.0,31.299
2026-04-18 23:00:00,0.0,27.0,84.43,0.0,16.866
2026-04-19 00:00:00,0.0,26.0,83.86,0.0,12.754
2026-04-19 01:00:00,0.0,26.0,83.29,0.0,12.354
2026-04-19 02:00:00,0.0,26.0,82.72,0.0,15.413
2026-04-19 03:00:00,0.0,25.0,82.15,0.0,12.413
2026-04-19 04:00:00,0.0,25.0,81.58,0.0,11.882
2026-04-19 05:00:00,0.0,25.0,81.01,0.0,12.54
2026-04-19 06:00:00,8.0,26.0,80.44,0.226,18.995
2026-04-19 07:00:00,148.0,30.0,43.83,6.132,23.801
2026-04-19 08:00:00,430.0,36.0,14.11,16.484,33.914
2026-04-19 09:00:00,648.0,40.0,9.67,26.487,36.14
2026-04-19 10:00:00,687.0,43.0,22.8,24.565,42.662
2026-04-19 11:00:00,939.0,45.0,6.17,33.637,44.977
2026-04-19 12:00:00,982.0,46.0,5.48,33.253,42.326
2026-04-19 13:00:00,950.0,46.0,5.07,31.986,45.565
2026-04-19 14:00:00,796.0,45.0,10.55,26.495,42.128
2026-04-19 15:00:00,415.0,44.0,42.15,16.219,42.971
2026-04-19 16:00:00,234.0,42.0,53.26,9.659,42.937
2026-04-19 17:00:00,40.0,39.0,84.82,1.468,43.162
2026-04-19 18:00:00,5.0,36.0,87.77,0.102,41.579
2026-04-19 19:00:00,0.0,34.0,87.02,0.0,43.738
2026-04-19 20:00:00,0.0,32.0,86.28,0.0,42.505
2026-04-19 21:00:00,0.0,30.0,85.53,0.0,38.666
2026-04-19 22:00:00,0.0,28.0,84.78,0.0,31.888
2026-04-19 23:00:00,0.0,27.0,84.03,0.0,18.646
2026-04-20 00:00:00,0.0,26.0,83.28,0.0,11.523
2026-04-20 01:00:00,0.0,26.0,82.53,0.0,14.363
2026-04-20 02:00:00,0.0,25.0,81.78,0.0,10.794
2026-04-20 03:00:00,0.0,25.0,81.04,0.0,10.609
2026-04-20 04:00:00,0.0,25.0,80.29,0.0,13.137
2026-04-20 05:00:00,0.0,24.0,79.54,0.0,10.317
2026-04-20 06:00:00,9.0,26.0,78.79,0.352,17.948
2026-04-20 07:00:00,103.0,30.0,61.15,4.601,26.488
2026-04-20 08:00:00,319.0,35.0,36.47,12.229,40.277
2026-04-20 09:00:00,647.0,39.0,9.98,23.562,44.982
2026-04-20 10:00:00,780.0,41.0,12.46,31.971,44.096
2026-04-20 11:00:00,934.0,43.0,6.76,33.797,46.978
2026-04-20 12:00:00,976.0,44.0,6.14,35.165,46.007
2026-04-20 13:00:00,943.0,44.0,5.87,32.781,45.312
2026-04-20 14:00:00,837.0,43.0,6.07,30.891,50.846
2026-04-20 15:00:00,458.0,39.0,36.27,16.621,43.693
2026-04-20 16:00:00,338.0,37.0,32.69,13.543,41.121
2026-04-20 17:00:00,169.0,35.0,36.26,6.907,42.618
2026-04-20 18:00:00,15.0,33.0,64.65,0.601,45.691
2026-04-20 19:00:00,0.0,31.0,65.7,0.0,47.187
2026-04-20 20:00:00,0.0,30.0,66.75,0.0,45.391
2026-04-20 21:00:00,0.0,29.0,67.8,0.0,41.746
2026-04-20 22:00:00,0.0,28.0,68.85,0.0,36.225
2026-04-20 23:00:00,0.0,27.0,69.9,0.0,19.496
2026-04-21 00:00:00,0.0,27.0,70.95,0.0,15.004
2026-04-21 01:00:00,0.0,27.0,72.0,0.0,13.443
2026-04-21 02:00:00,0.0,26.0,73.05,0.0,11.423
2026-04-21 03:00:00,0.0,26.0,74.1,0.0,12.563
2026-04-21 04:00:00,0.0,26.0,75.15,0.0,10.0
2026-04-21 05:00:00,0.0,25.0,76.2,0.0,14.895
2026-04-21 06:00:00,10.0,26.0,77.25,0.356,17.884
2026-04-21 07:00:00,187.0,29.0,29.91,7.571,29.808
2026-04-21 08:00:00,436.0,33.0,13.43,18.72,34.033
2026-04-21 09:00:00,655.0,37.0,9.03,27.465,38.685
2026-04-21 10:00:00,831.0,40.0,6.86,27.18,44.012
2026-04-21 11:00:00,946.0,43.0,5.66,32.162,46.758
2026-04-21 12:00:00,988.0,44.0,5.08,35.494,46.474
2026-04-21 13:00:00,955.0,43.0,4.76,31.642,45.31
2026-04-21 14:00:00,848.0,44.0,4.95,28.947,45.321
2026-04-21 15:00:00,678.0,42.0,5.83,26.103,43.921
2026-04-21 16:00:00,462.0,39.0,8.26,16.815,45.146
2026-04-21 17:00:00,228.0,37.0,14.54,8.764,41.954
2026-04-21 18:00:00,15.0,35.0,65.88,0.562,45.322
2026-04-21 19:00:00,0.0,33.0,67.08,0.0,47.717
2026-04-21 20:00:00,0.0,32.0,68.27,0.0,47.603
2026-04-21 21:00:00,0.0,31.0,69.46,0.0,46.533
2026-04-21 22:00:00,0.0,30.0,70.66,0.0,37.871
2026-04-21 23:00:00,0.0,29.0,71.85,0.0,22.257
2026-04-22 00:00:00,0.0,28.0,73.05,0.0,14.715
2026-04-22 01:00:00,0.0,28.0,74.24,0.0,14.014
2026-04-22 02:00:00,0.0,27.0,75.44,0.0,15.958
2026-04-22 03:00:00,0.0,27.0,76.63,0.0,10.598
2026-04-22 04:00:00,0.0,26.0,77.83,0.0,11.421
2026-04-22 05:00:00,0.0,25.0,79.02,0.0,11.481
2026-04-22 06:00:00,9.0,26.0,80.21,0.294,18.751
2026-04-22 07:00:00,202.0,29.0,24.74,9.227,25.38
2026-04-22 08:00:00,426.0,34.0,15.65,16.741,37.069
2026-04-22 09:00:00,659.0,38.0,8.63,27.014,41.812
2026-04-22 10:00:00,777.0,41.0,13.01,28.668,45.389
2026-04-22 11:00:00,951.0,42.0,5.25,36.567,46.613
2026-04-22 12:00:00,926.0,43.0,11.11,36.005,47.404
2026-04-22 13:00:00,915.0,43.0,8.83,33.444,44.981
2026-04-22 14:00:00,852.0,42.0,4.62,30.354,45.442
2026-04-22 15:00:00,681.0,40.0,5.58,27.16,43.469
2026-04-22 16:00:00,315.0,38.0,37.63,13.773,42.649
2026-04-22 17:00:00,230.0,34.0,14.31,8.623,43.971
2026-04-22 18:00:00,6.0,31.0,86.81,0.169,43.113
2026-04-22 19:00:00,0.0,29.0,85.6,0.0,46.148
2026-04-22 20:00:00,0.0,28.0,84.4,0.0,44.743
2026-04-22 21:00:00,0.0,26.0,83.19,0.0,41.645
2026-04-22 22:00:00,0.0,25.0,81.99,0.0,30.429
2026-04-22 23:00:00,0.0,24.0,80.78,0.0,17.748
2026-04-23 00:00:00,0.0,24.0,79.57,0.0,10.719
2026-04-23 01:00:00,0.0,23.0,78.37,0.0,10.0
2026-04-23 02:00:00,0.0,23.0,77.16,0.0,10.0
2026-04-23 03:00:00,0.0,22.0,75.96,0.0,11.651
2026-04-23 04:00:00,0.0,22.0,74.75,0.0,11.524
2026-04-23 05:00:00,0.0,21.0,73.55,0.0,11.021
2026-04-23 06:00:00,13.0,23.0,72.34,0.561,14.405
2026-04-23 07:00:00,209.0,27.0,22.59,9.249,23.754
2026-04-23 08:00:00,445.0,33.0,12.14,17.906,36.304
2026-04-23 09:00:00,665.0,37.0,7.95,27.383,47.074
2026-04-23 10:00:00,841.0,40.0,5.95,32.32,43.335
2026-04-23 11:00:00,955.0,42.0,4.93,31.745,49.254
2026-04-23 12:00:00,996.0,43.0,4.46,34.287,45.893
2026-04-23 13:00:00,962.0,43.0,4.24,34.912,46.089
2026-04-23 14:00:00,854.0,42.0,4.5,32.099,43.215
2026-04-23 15:00:00,684.0,40.0,5.32,25.171,42.782
2026-04-23 16:00:00,469.0,38.0,7.4,17.258,45.114
2026-04-23 17:00:00,228.0,35.0,15.55,9.001,41.855
2026-04-23 18:00:00,19.0,33.0,59.57,0.717,47.393
2026-04-23 19:00:00,0.0,31.0,60.54,0.0,46.95
2026-04-23 20:00:00,0.0,29.0,61.5,0.0,49.729
2026-04-23 21:00:00,0.0,28.0,62.46,0.0,40.839
2026-04-23 22:00:00,0.0,27.0,63.43,0.0,34.795
2026-04-23 23:00:00,0.0,26.0,64.39,0.0,16.888
2026-04-24 00:00:00,0.0,25.0,65.35,0.0,13.135
2026-04-24 01:00:00,0.0,24.0,66.32,0.0,11.257
2026-04-24 02:00:00,0.0,24.0,67.28,0.0,10.0
2026-04-24 03:00:00,0.0,23.0,68.24,0.0,10.0
2026-04-24 04:00:00,0.0,23.0,69.21,0.0,12.561
2026-04-24 05:00:00,0.0,22.0,70.17,0.0,13.092
2026-04-24 06:00:00,14.0,24.0,71.13,0.574,14.16
2026-04-24 07:00:00,207.0,29.0,23.77,9.543,26.238
2026-04-24 08:00:00,450.0,35.0,11.39,18.958,39.44
2026-04-24 09:00:00,670.0,39.0,7.4,25.429,41.656
2026-04-24 10:00:00,846.0,42.0,5.49,29.56,45.397
2026-04-24 11:00:00,961.0,44.0,4.41,32.969,48.578
2026-04-24 12:00:00,1002.0,45.0,3.96,35.153,51.486
2026-04-24 13:00:00,969.0,45.0,3.62,31.434,45.374
2026-04-24 14:00:00,861.0,44.0,3.82,28.449,45.887
2026-04-24 15:00:00,691.0,42.0,4.5,26.171,52.845
2026-04-24 16:00:00,382.0,39.0,24.78,17.084,46.318
2026-04-24 17:00:00,219.0,35.0,19.35,8.939,43.398
2026-04-24 18:00:00,20.0,32.0,58.76,0.788,44.945
2026-04-24 19:00:00,0.0,30.0,59.7,0.0,47.721
2026-04-24 20:00:00,0.0,28.0,60.63,0.0,43.926
2026-04-24 21:00:00,0.0,26.0,61.57,0.0,40.949
2026-04-24 22:00:00,0.0,25.0,62.51,0.0,34.167
2026-04-24 23:00:00,0.0,24.0,63.44,0.0,19.016
2026-04-25 00:00:00,0.0,23.0,64.38,0.0,10.717
2026-04-25 01:00:00,0.0,23.0,65.31,0.0,10.042
2026-04-25 02:00:00,0.0,22.0,66.25,0.0,12.117
2026-04-25 03:00:00,0.0,21.0,67.19,0.0,12.225
2026-04-25 04:00:00,0.0,21.0,68.12,0.0,10.0
2026-04-25 05:00:00,0.0,21.0,69.06,0.0,10.0
2026-04-25 06:00:00,15.0,23.0,69.99,0.574,16.767
2026-04-25 07:00:00,201.0,27.0,26.4,7.886,20.752
2026-04-25 08:00:00,452.0,33.0,11.23,19.32,29.69
2026-04-25 09:00:00,674.0,37.0,6.99,26.936,36.324
2026-04-25 10:00:00,850.0,40.0,5.14,35.121,39.773
2026-04-25 11:00:00,963.0,42.0,4.29,35.203,40.056
2026-04-25 12:00:00,1004.0,44.0,3.84,34.099,42.531
2026-04-25 13:00:00,968.0,44.0,3.79,36.401,42.429
2026-04-25 14:00:00,860.0,43.0,4.03,32.065,40.961
2026-04-25 15:00:00,689.0,41.0,4.92,27.171,44.047
2026-04-25 16:00:00,473.0,39.0,7.11,17.175,41.122
2026-04-25 17:00:00,234.0,36.0,14.32,9.816,40.26
2026-04-25 18:00:00,18.0,33.0,63.99,0.729,38.491
2026-04-25 19:00:00,0.0,30.0,64.24,0.0,38.279
2026-04-25 20:00:00,0.0,29.0,64.49,0.0,39.814
2026-04-25 21:00:00,0.0,28.0,64.74,0.0,38.967
2026-04-25 22:00:00,0.0,26.0,64.98,0.0,28.126
2026-04-25 23:00:00,0.0,26.0,65.23,0.0,17.031
2026-04-26 00:00:00,0.0,25.0,65.48,0.0,10.0
2026-04-26 01:00:00,0.0,24.0,65.73,0.0,10.0
2026-04-26 02:00:00,0.0,23.0,65.98,0.0,10.434
2026-04-26 03:00:00,0.0,23.0,66.22,0.0,10.0
2026-04-26 04:00:00,0.0,22.0,66.47,0.0,10.0
2026-04-26 05:00:00,0.0,22.0,66.72,0.0,10.0
2026-04-26 06:00:00,17.0,24.0,66.97,0.674,12.28
2026-04-26 07:00:00,211.0,28.0,23.16,9.781,24.327
2026-04-26 08:00:00,454.0,34.0,11.07,18.502,33.507
2026-04-26 09:00:00,674.0,38.0,7.13,26.607,38.14
2026-04-26 10:00:00,849.0,41.0,5.35,32.717,39.107
2026-04-26 11:00:00,963.0,43.0,4.36,34.049,43.698
2026-04-26 12:00:00,1004.0,45.0,3.9,37.151,43.959
2026-04-26 13:00:00,969.0,45.0,3.76,34.904,42.816
2026-04-26 14:00:00,861.0,45.0,4.01,29.112,42.914
2026-04-26 15:00:00,690.0,43.0,4.93,30.32,41.791
2026-04-26 16:00:00,472.0,41.0,7.54,18.86,42.289
2026-04-26 17:00:00,230.0,38.0,16.24,8.899,42.444
2026-04-26 18:00:00,21.0,35.0,59.19,0.812,43.623
2026-04-26 19:00:00,0.0,33.0,59.76,0.0,42.221
2026-04-26 20:00:00,0.0,30.0,60.33,0.0,40.674
2026-04-26 21:00:00,0.0,29.0,60.89,0.0,35.578
2026-04-26 22:00:00,0.0,28.0,61.46,0.0,32.062
2026-04-26 23:00:00,0.0,27.0,62.03,0.0,16.417
2026-04-27 00:00:00,0.0,26.0,62.59,0.0,13.266
2026-04-27 01:00:00,0.0,25.0,63.16,0.0,15.407
2026-04-27 02:00:00,0.0,24.0,63.73,0.0,10.0
2026-04-27 03:00:00,0.0,24.0,64.29,0.0,14.292
2026-04-27 04:00:00,0.0,24.0,64.86,0.0,11.187
2026-04-27 05:00:00,0.0,23.0,65.42,0.0,10.151
2026-04-27 06:00:00,18.0,26.0,65.99,0.814,16.386
2026-04-27 07:00:00,210.0,30.0,23.94,8.871,30.811
2026-04-27 08:00:00,455.0,36.0,11.09,17.492,38.19
2026-04-27 09:00:00,677.0,40.0,6.85,25.78,41.707
2026-04-27 10:00:00,855.0,43.0,4.76,31.256,45.465
2026-04-27 11:00:00,972.0,45.0,3.53,32.857,48.353
2026-04-27 12:00:00,1014.0,46.0,3.0,37.981,47.488
2026-04-27 13:00:00,978.0,46.0,2.93,33.167,47.784
2026-04-27 14:00:00,867.0,46.0,3.43,31.566,50.183
2026-04-27 15:00:00,692.0,44.0,4.78,24.393,45.921
2026-04-27 16:00:00,474.0,42.0,7.38,19.326,47.902
2026-04-27 17:00:00,226.0,39.0,18.14,9.955,45.148
2026-04-27 18:00:00,19.0,35.0,64.1,0.757,46.551
2026-04-27 19:00:00,0.0,33.0,64.03,0.0,49.751
2026-04-27 20:00:00,0.0,30.0,63.95,0.0,43.454
2026-04-27 21:00:00,0.0,28.0,63.88,0.0,38.187
2026-04-27 22:00:00,0.0,27.0,63.81,0.0,34.564
2026-04-27 23:00:00,0.0,26.0,63.73,0.0,17.807
2026-04-28 00:00:00,0.0,25.0,63.66,0.0,10.0
2026-04-28 01:00:00,0.0,25.0,63.59,0.0,10.0
2026-04-28 02:00:00,0.0,24.0,63.51,0.0,12.903
2026-04-28 03:00:00,0.0,23.0,63.44,0.0,10.848
2026-04-28 04:00:00,0.0,23.0,63.36,0.0,10.528
2026-04-28 05:00:00,0.0,22.0,63.29,0.0,14.273
2026-04-28 06:00:00,20.0,24.0,63.22,0.814,17.431
2026-04-28 07:00:00,207.0,29.0,25.42,8.804,29.227
2026-04-28 08:00:00,453.0,34.0,11.7,17.826,34.348
2026-04-28 09:00:00,674.0,39.0,7.39,25.925,40.046
2026-04-28 10:00:00,850.0,42.0,5.4,31.848,45.864
2026-04-28 11:00:00,972.0,44.0,3.59,35.42,47.58
2026-04-28 12:00:00,1014.0,45.0,3.05,31.997,48.5
2026-04-28 13:00:00,978.0,45.0,2.99,35.523,44.267
2026-04-28 14:00:00,867.0,44.0,3.51,29.521,51.812
2026-04-28 15:00:00,692.0,43.0,4.91,27.005,48.135
2026-04-28 16:00:00,474.0,40.0,7.6,19.283,46.811
2026-04-28 17:00:00,227.0,37.0,18.21,9.638,43.181
2026-04-28 18:00:00,20.0,33.0,63.22,0.787,46.476
2026-04-28 19:00:00,0.0,31.0,63.15,0.0,45.664
2026-04-28 20:00:00,0.0,29.0,63.08,0.0,44.34
2026-04-28 21:00:00,0.0,27.0,63.01,0.0,39.29
2026-04-28 22:00:00,0.0,26.0,62.93,0.0,32.438
2026-04-28 23:00:00,0.0,25.0,62.86,0.0,16.913
2026-04-29 00:00:00,0.0,24.0,62.79,0.0,10.113
2026-04-29 01:00:00,0.0,23.0,62.72,0.0,10.0
2026-04-29 02:00:00,0.0,22.0,62.65,0.0,10.0
2026-04-29 03:00:00,0.0,21.0,62.58,0.0,12.946
2026-04-29 04:00:00,0.0,21.0,62.51,0.0,10.0
2026-04-29 05:00:00,0.0,21.0,62.44,0.0,11.662
2026-04-29 06:00:00,21.0,22.0,62.37,0.955,13.537
2026-04-29 07:00:00,209.0,27.0,25.08,9.059,27.151
2026-04-29 08:00:00,450.0,32.0,12.49,18.334,34.734
2026-04-29 09:00:00,666.0,37.0,8.61,26.649,39.629
2026-04-29 10:00:00,836.0,40.0,7.04,29.925,42.891
2026-04-29 11:00:00,957.0,42.0,5.13,34.113,46.717
2026-04-29 12:00:00,1002.0,43.0,4.25,33.648,45.271
2026-04-29 13:00:00,974.0,43.0,3.45,31.07,43.896
2026-04-29 14:00:00,865.0,42.0,3.81,30.145,44.533
2026-04-29 15:00:00,692.0,40.0,5.04,24.34,52.711
2026-04-29 16:00:00,465.0,38.0,9.57,19.428,47.507
2026-04-29 17:00:00,223.0,35.0,20.06,9.927,41.777
2026-04-29 18:00:00,20.0,31.0,64.16,0.748,45.636
2026-04-29 19:00:00,0.0,29.0,64.23,0.0,47.786
2026-04-29 20:00:00,0.0,27.0,64.31,0.0,44.189
2026-04-29 21:00:00,0.0,26.0,64.38,0.0,39.057
2026-04-29 22:00:00,0.0,25.0,64.46,0.0,30.952
2026-04-29 23:00:00,0.0,24.0,64.53,0.0,17.544
2026-04-30 00:00:00,0.0,23.0,64.6,0.0,13.103
2026-04-30 01:00:00,0.0,23.0,64.68,0.0,11.264
2026-04-30 02:00:00,0.0,22.0,64.75,0.0,11.927
2026-04-30 03:00:00,0.0,21.0,64.83,0.0,13.829
2026-04-30 04:00:00,0.0,21.0,64.9,0.0,11.672
2026-04-30 05:00:00,0.0,21.0,64.97,0.0,10.0
2026-04-30 06:00:00,20.0,23.0,65.05,0.756,16.071
2026-04-30 07:00:00,202.0,27.0,27.95,10.154,27.168
2026-04-30 08:00:00,442.0,32.0,14.24,18.222,34.152
2026-04-30 09:00:00,667.0,37.0,8.58,23.39,52.356
2026-04-30 10:00:00,847.0,41.0,5.89,31.225,44.156
2026-04-30 11:00:00,963.0,43.0,4.59,35.783,46.718
2026-04-30 12:00:00,1002.0,44.0,4.3,33.414,45.509
2026-04-30 13:00:00,972.0,45.0,3.7,31.811,50.773
2026-04-30 14:00:00,863.0,44.0,4.11,28.141,46.497
2026-04-30 15:00:00,691.0,42.0,5.29,24.875,43.748
2026-04-30 16:00:00,475.0,40.0,7.83,16.76,49.109
2026-04-30 17:00:00,224.0,37.0,20.11,8.754,42.024
2026-04-30 18:00:00,21.0,34.0,63.3,0.878,45.93
2026-04-30 19:00:00,0.0,32.0,63.8,0.0,46.387
2026-04-30 20:00:00,0.0,30.0,64.3,0.0,46.917
2026-04-30 21:00:00,0.0,28.0,64.8,0.0,42.933
2026-04-30 22:00:00,0.0,27.0,65.3,0.0,35.034
2026-04-30 23:00:00,0.0,26.0,65.8,0.0,16.225
2026-05-01 00:00:00,0.0,25.0,66.3,0.0,11.413
2026-05-01 01:00:00,0.0,25.0,66.8,0.0,10.0
2026-05-01 02:00:00,0.0,24.0,67.3,0.0,10.0
2026-05-01 03:00:00,0.0,23.0,67.8,0.0,11.106
2026-05-01 04:00:00,0.0,23.0,68.3,0.0,11.889
2026-05-01 05:00:00,0.0,22.0,68.79,0.0,11.862
2026-05-01 06:00:00,18.0,24.0,69.29,0.748,17.762
2026-05-01 07:00:00,202.0,27.0,28.3,8.385,25.614
2026-05-01 08:00:00,442.0,32.0,14.43,16.724,38.253
2026-05-01 09:00:00,657.0,36.0,10.06,24.784,50.064
2026-05-01 10:00:00,832.0,40.0,7.62,28.111,48.769
2026-05-01 11:00:00,942.0,42.0,6.72,35.23,44.766
2026-05-01 12:00:00,981.0,43.0,6.34,34.087,45.781
2026-05-01 13:00:00,945.0,43.0,6.42,32.024,44.638
2026-05-01 14:00:00,838.0,43.0,6.95,28.762,42.638
2026-05-01 15:00:00,669.0,41.0,8.42,24.574,50.582
2026-05-01 16:00:00,455.0,39.0,11.91,18.664,42.938
2026-05-01 17:00:00,219.0,36.0,22.27,9.251,47.713
2026-05-01 18:00:00,19.0,33.0,67.59,0.727,43.601
2026-05-01 19:00:00,0.0,31.0,67.23,0.0,45.742
2026-05-01 20:00:00,0.0,29.0,66.88,0.0,44.143
2026-05-01 21:00:00,0.0,28.0,66.53,0.0,43.182
2026-05-01 22:00:00,0.0,27.0,66.17,0.0,33.503
2026-05-01 23:00:00,0.0,26.0,65.82,0.0,16.495
2026-05-02 00:00:00,0.0,25.0,65.46,0.0,11.916
2026-05-02 01:00:00,0.0,24.0,65.11,0.0,10.106
2026-05-02 02:00:00,0.0,23.0,64.75,0.0,11.271
2026-05-02 03:00:00,0.0,23.0,64.4,0.0,10.0
2026-05-02 04:00:00,0.0,22.0,64.04,0.0,10.705
2026-05-02 05:00:00,0.0,22.0,63.69,0.0,14.441
2026-05-02 06:00:00,22.0,24.0,63.34,0.89,14.585
2026-05-02 07:00:00,208.0,28.0,26.53,9.879,23.921
2026-05-02 08:00:00,443.0,33.0,14.42,19.428,29.595
2026-05-02 09:00:00,658.0,37.0,10.03,25.041,35.366
2026-05-02 10:00:00,831.0,41.0,7.79,30.791,41.024
2026-05-02 11:00:00,941.0,43.0,6.86,35.883,41.828
2026-05-02 12:00:00,979.0,44.0,6.57,36.63,43.08
2026-05-02 13:00:00,944.0,44.0,6.56,35.989,42.651
2026-05-02 14:00:00,838.0,44.0,7.02,28.112,40.539
2026-05-02 15:00:00,669.0,42.0,8.52,27.115,43.371
2026-05-02 16:00:00,455.0,39.0,12.1,17.722,38.78
2026-05-02 17:00:00,214.0,36.0,24.41,9.005,37.609
2026-05-02 18:00:00,20.0,33.0,66.67,0.706,40.851
2026-05-02 19:00:00,0.0,31.0,66.59,0.0,43.274
2026-05-02 20:00:00,0.0,29.0,66.52,0.0,37.765
2026-05-02 21:00:00,0.0,28.0,66.45,0.0,36.577
2026-05-02 22:00:00,0.0,27.0,66.37,0.0,30.508
2026-05-02 23:00:00,0.0,26.0,66.3,0.0,17.75
2026-05-03 00:00:00,0.0,25.0,66.22,0.0,13.064
2026-05-03 01:00:00,0.0,25.0,66.15,0.0,10.594
2026-05-03 02:00:00,0.0,24.0,66.08,0.0,11.581
2026-05-03 03:00:00,0.0,23.0,66.0,0.0,12.026
2026-05-03 04:00:00,0.0,23.0,65.93,0.0,12.908
2026-05-03 05:00:00,0.0,23.0,65.85,0.0,11.687
2026-05-03 06:00:00,21.0,24.0,65.78,0.817,15.14
2026-05-03 07:00:00,205.0,29.0,27.92,7.685,23.746
2026-05-03 08:00:00,444.0,34.0,14.4,17.398,30.627
2026-05-03 09:00:00,659.0,38.0,9.99,26.593,36.921
2026-05-03 10:00:00,833.0,41.0,7.63,30.587,40.537
2026-05-03 11:00:00,942.0,43.0,6.8,32.477,42.137
2026-05-03 12:00:00,981.0,44.0,6.41,35.723,43.057
2026-05-03 13:00:00,945.0,43.0,6.5,37.981,39.27
2026-05-03 14:00:00,839.0,42.0,6.97,29.195,40.629
2026-05-03 15:00:00,669.0,40.0,8.62,26.016,43.243
2026-05-03 16:00:00,456.0,38.0,12.09,18.471,41.164
2026-05-03 17:00:00,221.0,35.0,22.29,8.733,38.793
2026-05-03 18:00:00,24.0,32.0,60.89,0.998,40.327
2026-05-03 19:00:00,0.0,30.0,61.23,0.0,39.818
2026-05-03 20:00:00,0.0,29.0,61.56,0.0,36.714
2026-05-03 21:00:00,0.0,28.0,61.9,0.0,37.01
2026-05-03 22:00:00,0.0,26.0,62.23,0.0,26.112
2026-05-03 23:00:00,0.0,25.0,62.57,0.0,15.624
2026-05-04 00:00:00,0.0,25.0,62.91,0.0,11.545
2026-05-04 01:00:00,0.0,24.0,63.24,0.0,10.0
2026-05-04 02:00:00,0.0,23.0,63.58,0.0,13.24
2026-05-04 03:00:00,0.0,23.0,63.91,0.0,12.754
2026-05-04 04:00:00,0.0,23.0,64.25,0.0,11.946
2026-05-04 05:00:00,0.0,22.0,64.58,0.0,10.0
2026-05-04 06:00:00,22.0,24.0,64.92,0.848,18.69
2026-05-04 07:00:00,212.0,29.0,25.8,9.844,27.617
2026-05-04 08:00:00,445.0,35.0,14.38,16.22,35.431
2026-05-04 09:00:00,660.0,38.0,9.95,24.895,41.046
2026-05-04 10:00:00,833.0,41.0,7.69,30.097,49.813
2026-05-04 11:00:00,947.0,42.0,6.34,31.602,44.662
2026-05-04 12:00:00,987.0,43.0,5.87,35.201,45.447
2026-05-04 13:00:00,950.0,43.0,6.04,27.914,45.493
2026-05-04 14:00:00,840.0,42.0,6.91,31.81,43.159
2026-05-04 15:00:00,669.0,40.0,8.72,24.76,44.122
2026-05-04 16:00:00,456.0,38.0,12.26,18.339,42.564
2026-05-04 17:00:00,222.0,35.0,22.3,9.889,47.824
2026-05-04 18:00:00,21.0,32.0,66.51,0.851,43.729
2026-05-04 19:00:00,0.0,30.0,65.92,0.0,46.409
2026-05-04 20:00:00,0.0,28.0,65.33,0.0,42.054
2026-05-04 21:00:00,0.0,27.0,64.74,0.0,39.163
2026-05-04 22:00:00,0.0,26.0,64.14,0.0,31.845
2026-05-04 23:00:00,0.0,25.0,63.55,0.0,16.845
2026-05-05 00:00:00,0.0,24.0,62.96,0.0,11.053
2026-05-05 01:00:00,0.0,23.0,62.37,0.0,11.011
2026-05-05 02:00:00,0.0,23.0,61.77,0.0,10.0
2026-05-05 03:00:00,0.0,22.0,61.18,0.0,10.0
2026-05-05 04:00:00,0.0,22.0,60.59,0.0,10.0
2026-05-05 05:00:00,0.0,23.0,59.99,0.0,11.948
2026-05-05 06:00:00,26.0,24.0,59.4,1.099,15.625
2026-05-05 07:00:00,198.0,27.0,31.0,8.812,25.137
2026-05-05 08:00:00,428.0,31.0,17.81,15.473,37.01
2026-05-05 09:00:00,614.0,36.0,16.31,23.995,41.915
2026-05-05 10:00:00,833.0,39.0,7.74,28.989,50.953
2026-05-05 11:00:00,946.0,41.0,6.47,33.384,44.19
2026-05-05 12:00:00,983.0,41.0,6.28,35.89,53.032
2026-05-05 13:00:00,945.0,41.0,6.57,33.974,43.198
2026-05-05 14:00:00,837.0,40.0,7.29,31.644,42.13
2026-05-05 15:00:00,669.0,38.0,8.81,27.314,40.464
2026-05-05 16:00:00,457.0,35.0,12.24,18.521,40.782
2026-05-05 17:00:00,217.0,32.0,24.38,9.661,38.657
2026-05-05 18:00:00,25.0,30.0,60.96,1.047,45.851
2026-05-05 19:00:00,0.0,28.0,60.77,0.0,47.671
2026-05-05 20:00:00,0.0,27.0,60.58,0.0,43.179
2026-05-05 21:00:00,0.0,26.0,60.39,0.0,38.033
2026-05-05 22:00:00,0.0,25.0,60.2,0.0,33.783
2026-05-05 23:00:00,0.0,24.0,60.01,0.0,15.126
2026-05-06 00:00:00,0.0,24.0,59.82,0.0,10.031
2026-05-06 01:00:00,0.0,23.0,59.63,0.0,10.0
2026-05-06 02:00:00,0.0,23.0,59.44,0.0,10.0
2026-05-06 03:00:00,0.0,23.0,59.25,0.0,10.0
2026-05-06 04:00:00,0.0,22.0,59.06,0.0,10.0
2026-05-06 05:00:00,0.0,22.0,58.87,0.0,10.217
2026-05-06 06:00:00,27.0,24.0,58.68,1.054,17.428
2026-05-06 07:00:00,219.0,28.0,24.01,10.033,25.953
2026-05-06 08:00:00,447.0,32.0,14.32,17.479,39.965
2026-05-06 09:00:00,661.0,36.0,9.99,26.188,36.375
2026-05-06 10:00:00,830.0,39.0,8.12,33.074,44.077
2026-05-06 11:00:00,939.0,40.0,7.19,35.411,43.04
2026-05-06 12:00:00,978.0,41.0,6.78,33.635,45.324
2026-05-06 13:00:00,943.0,41.0,6.79,33.324,43.766
2026-05-06 14:00:00,838.0,40.0,7.23,30.862,42.413
2026-05-06 15:00:00,669.0,38.0,8.9,23.878,40.651
2026-05-06 16:00:00,457.0,36.0,12.4,18.348,45.545
2026-05-06 17:00:00,218.0,33.0,24.36,9.521,48.611
2026-05-06 18:00:00,23.0,31.0,64.8,0.949,45.458
2026-05-06 19:00:00,0.0,29.0,64.61,0.0,47.796
2026-05-06 20:00:00,0.0,28.0,64.42,0.0,44.314
2026-05-06 21:00:00,0.0,27.0,64.22,0.0,42.643
2026-05-06 22:00:00,0.0,26.0,64.03,0.0,32.83
2026-05-06 23:00:00,0.0,25.0,63.84,0.0,18.283
2026-05-07 00:00:00,0.0,25.0,63.64,0.0,10.668
2026-05-07 01:00:00,0.0,24.0,63.45,0.0,10.0
2026-05-07 02:00:00,0.0,24.0,63.26,0.0,10.336
2026-05-07 03:00:00,0.0,23.0,63.06,0.0,10.0
2026-05-07 04:00:00,0.0,23.0,62.87,0.0,10.961
2026-05-07 05:00:00,0.0,23.0,62.68,0.0,10.763
2026-05-07 06:00:00,25.0,25.0,62.48,1.02,13.967
2026-05-07 07:00:00,216.0,29.0,25.36,8.837,26.109
2026-05-07 08:00:00,448.0,35.0,14.28,17.041,36.267
2026-05-07 09:00:00,662.0,39.0,9.93,25.08,42.944
2026-05-07 10:00:00,835.0,42.0,7.61,29.818,45.399
2026-05-07 11:00:00,944.0,44.0,6.72,35.419,49.026
2026-05-07 12:00:00,982.0,45.0,6.41,36.834,47.478
2026-05-07 13:00:00,947.0,45.0,6.42,33.365,54.0
2026-05-07 14:00:00,840.0,44.0,7.05,29.11,53.034
2026-05-07 15:00:00,660.0,42.0,10.2,25.331,45.513
2026-05-07 16:00:00,448.0,40.0,14.28,18.448,46.183
2026-05-07 17:00:00,213.0,37.0,26.4,8.43,43.834
2026-05-07 18:00:00,21.0,34.0,68.49,0.778,45.62
2026-05-07 19:00:00,0.0,32.0,67.92,0.0,47.512
2026-05-07 20:00:00,0.0,31.0,67.36,0.0,46.896
2026-05-07 21:00:00,0.0,29.0,66.79,0.0,40.841
2026-05-07 22:00:00,0.0,28.0,66.23,0.0,35.444
2026-05-07 23:00:00,0.0,27.0,65.66,0.0,16.54
2026-05-08 00:00:00,0.0,26.0,65.1,0.0,13.848
2026-05-08 01:00:00,0.0,26.0,64.53,0.0,12.738
2026-05-08 02:00:00,0.0,25.0,63.97,0.0,13.231
2026-05-08 03:00:00,0.0,25.0,63.4,0.0,10.0
2026-05-08 04:00:00,0.0,24.0,62.84,0.0,12.087
2026-05-08 05:00:00,0.0,24.0,62.27,0.0,12.51
2026-05-08 06:00:00,26.0,25.0,61.71,1.086,16.495
2026-05-08 07:00:00,213.0,28.0,26.7,8.816,25.473
2026-05-08 08:00:00,449.0,33.0,14.24,17.206,33.731
2026-05-08 09:00:00,662.0,37.0,10.01,26.864,43.553
2026-05-08 10:00:00,831.0,40.0,8.09,28.355,52.448
2026-05-08 11:00:00,940.0,43.0,7.14,33.961,44.492
2026-05-08 12:00:00,980.0,44.0,6.62,35.277,48.234
2026-05-08 13:00:00,947.0,44.0,6.45,33.608,43.697
2026-05-08 14:00:00,836.0,44.0,7.54,30.868,46.408
2026-05-08 15:00:00,647.0,42.0,12.05,26.199,46.61
2026-05-08 16:00:00,103.0,40.0,80.33,4.205,46.0
2026-05-08 17:00:00,102.0,37.0,64.9,4.097,44.373
2026-05-08 18:00:00,21.0,34.0,69.07,0.886,47.825
2026-05-08 19:00:00,0.0,32.0,68.4,0.0,46.876
2026-05-08 20:00:00,0.0,31.0,67.72,0.0,46.373
2026-05-08 21:00:00,0.0,29.0,67.04,0.0,41.839
2026-05-08 22:00:00,0.0,27.0,66.37,0.0,36.074
2026-05-08 23:00:00,0.0,26.0,65.69,0.0,20.94
2026-05-09 00:00:00,0.0,25.0,65.01,0.0,10.0
2026-05-09 01:00:00,0.0,25.0,64.34,0.0,10.0
2026-05-09 02:00:00,0.0,24.0,63.66,0.0,10.961
2026-05-09 03:00:00,0.0,23.0,62.98,0.0,11.663
2026-05-09 04:00:00,0.0,23.0,62.31,0.0,13.15
2026-05-09 05:00:00,0.0,22.0,61.63,0.0,12.017
2026-05-09 06:00:00,27.0,24.0,60.95,1.026,16.874
2026-05-09 07:00:00,219.0,28.0,24.93,9.698,25.984
2026-05-09 08:00:00,450.0,33.0,14.19,18.121,33.971
2026-05-09 09:00:00,663.0,37.0,9.95,25.832,37.794
2026-05-09 10:00:00,834.0,40.0,7.79,29.934,37.835
2026-05-09 11:00:00,946.0,42.0,6.56,35.785,41.528
2026-05-09 12:00:00,985.0,43.0,6.16,36.075,41.89
2026-05-09 13:00:00,949.0,43.0,6.27,34.138,41.166
2026-05-09 14:00:00,839.0,42.0,7.24,27.91,40.831
2026-05-09 15:00:00,669.0,40.0,9.13,22.991,42.644
2026-05-09 16:00:00,458.0,38.0,12.67,18.526,38.71
2026-05-09 17:00:00,220.0,35.0,24.59,9.264,39.049
2026-05-09 18:00:00,25.0,31.0,63.85,1.124,39.473
2026-05-09 19:00:00,0.0,29.0,63.54,0.0,38.379
2026-05-09 20:00:00,0.0,28.0,63.24,0.0,36.913
2026-05-09 21:00:00,0.0,26.0,62.94,0.0,32.488
2026-05-09 22:00:00,0.0,25.0,62.63,0.0,29.47
2026-05-09 23:00:00,0.0,24.0,62.33,0.0,15.241
2026-05-10 00:00:00,0.0,23.0,62.03,0.0,10.0
2026-05-10 01:00:00,0.0,23.0,61.73,0.0,10.0
2026-05-10 02:00:00,0.0,22.0,61.42,0.0,10.77
2026-05-10 03:00:00,0.0,22.0,61.12,0.0,10.0
2026-05-10 04:00:00,0.0,22.0,60.82,0.0,10.0
2026-05-10 05:00:00,0.0,22.0,60.51,0.0,10.0
2026-05-10 06:00:00,28.0,23.0,60.21,1.241,14.586
2026-05-10 07:00:00,220.0,27.0,24.87,10.219,23.568
2026-05-10 08:00:00,451.0,32.0,14.14,18.844,30.708
2026-05-10 09:00:00,663.0,36.0,10.02,25.511,34.146
2026-05-10 10:00:00,834.0,39.0,7.83,33.306,38.799
2026-05-10 11:00:00,946.0,41.0,6.58,33.888,42.254
2026-05-10 12:00:00,984.0,41.0,6.27,34.22,40.026
2026-05-10 13:00:00,947.0,41.0,6.48,32.794,39.902
2026-05-10 14:00:00,840.0,40.0,7.17,32.005,38.928
2026-05-10 15:00:00,670.0,38.0,9.07,26.403,37.704
2026-05-10 16:00:00,459.0,36.0,12.62,20.765,36.978
2026-05-10 17:00:00,227.0,33.0,22.48,10.661,34.103
2026-05-10 18:00:00,26.0,30.0,63.05,1.124,39.934
2026-05-10 19:00:00,0.0,28.0,63.1,0.0,39.477
2026-05-10 20:00:00,0.0,27.0,63.16,0.0,37.785
2026-05-10 21:00:00,0.0,26.0,63.21,0.0,35.284
2026-05-10 22:00:00,0.0,25.0,63.26,0.0,29.265
2026-05-10 23:00:00,0.0,24.0,63.31,0.0,14.302
2026-05-11 00:00:00,0.0,23.0,63.36,0.0,10.345
2026-05-11 01:00:00,0.0,22.0,63.41,0.0,10.0
2026-05-11 02:00:00,0.0,22.0,63.47,0.0,13.716
2026-05-11 03:00:00,0.0,22.0,63.52,0.0,11.628
2026-05-11 04:00:00,0.0,22.0,63.57,0.0,10.735
2026-05-11 05:00:00,0.0,22.0,63.62,0.0,13.112
2026-05-11 06:00:00,26.0,23.0,63.67,1.114,17.736
2026-05-11 07:00:00,221.0,27.0,24.81,9.397,23.317
2026-05-11 08:00:00,452.0,31.0,14.09,18.127,33.438
2026-05-11 09:00:00,663.0,35.0,10.08,28.575,38.727
2026-05-11 10:00:00,838.0,38.0,7.42,31.531,42.856
2026-05-11 11:00:00,945.0,40.0,6.69,32.833,43.686
2026-05-11 12:00:00,983.0,41.0,6.37,37.284,48.337
2026-05-11 13:00:00,948.0,41.0,6.4,35.467,49.267
2026-05-11 14:00:00,839.0,40.0,7.31,29.256,44.669
2026-05-11 15:00:00,670.0,39.0,9.13,24.328,41.729
2026-05-11 16:00:00,459.0,37.0,12.76,18.739,42.652
2026-05-11 17:00:00,227.0,34.0,22.77,9.939,46.131
2026-05-11 18:00:00,27.0,31.0,62.28,1.187,42.809
2026-05-11 19:00:00,0.0,29.0,61.98,0.0,45.694
2026-05-11 20:00:00,0.0,27.0,61.69,0.0,43.721
2026-05-11 21:00:00,0.0,26.0,61.4,0.0,39.562
2026-05-11 22:00:00,0.0,25.0,61.11,0.0,34.324
2026-05-11 23:00:00,0.0,24.0,60.81,0.0,18.396
2026-05-12 00:00:00,0.0,23.0,60.52,0.0,10.703
2026-05-12 01:00:00,0.0,22.0,60.23,0.0,10.851
2026-05-12 02:00:00,0.0,21.0,59.93,0.0,10.0
2026-05-12 03:00:00,0.0,22.0,59.64,0.0,11.078
2026-05-12 04:00:00,0.0,22.0,59.35,0.0,10.0
2026-05-12 05:00:00,0.0,21.0,59.06,0.0,13.714
2026-05-12 06:00:00,30.0,22.0,58.76,1.224,17.596
2026-05-12 07:00:00,222.0,26.0,24.75,9.311,22.822
2026-05-12 08:00:00,452.0,31.0,14.22,17.178,32.645
2026-05-12 09:00:00,663.0,35.0,10.15,25.299,43.903
2026-05-12 10:00:00,834.0,39.0,7.89,30.686,49.288
2026-05-12 11:00:00,945.0,41.0,6.71,33.416,45.512
2026-05-12 12:00:00,984.0,42.0,6.28,37.741,49.582
2026-05-12 13:00:00,948.0,42.0,6.41,33.654,50.435
2026-05-12 14:00:00,839.0,41.0,7.34,28.206,43.962
2026-05-12 15:00:00,670.0,39.0,9.2,25.01,47.139
2026-05-12 16:00:00,460.0,36.0,12.7,18.456,43.344
2026-05-12 17:00:00,228.0,33.0,22.71,9.459,38.861
2026-05-12 18:00:00,27.0,30.0,62.89,1.153,46.421
2026-05-12 19:00:00,0.0,28.0,62.48,0.0,46.038
2026-05-12 20:00:00,0.0,27.0,62.08,0.0,43.782
2026-05-12 21:00:00,0.0,26.0,61.68,0.0,40.905
2026-05-12 22:00:00,0.0,25.0,61.28,0.0,31.085
2026-05-12 23:00:00,0.0,24.0,60.87,0.0,13.974
2026-05-13 00:00:00,0.0,23.0,60.47,0.0,10.742
2026-05-13 01:00:00,0.0,22.0,60.07,0.0,12.43
2026-05-13 02:00:00,0.0,22.0,59.67,0.0,10.754
2026-05-13 03:00:00,0.0,22.0,59.26,0.0,12.593
2026-05-13 04:00:00,0.0,22.0,58.86,0.0,12.35
2026-05-13 05:00:00,0.0,22.0,58.46,0.0,11.229
2026-05-13 06:00:00,31.0,23.0,58.05,1.321,17.657
2026-05-13 07:00:00,223.0,26.0,24.67,8.403,26.632
2026-05-13 08:00:00,453.0,31.0,14.15,18.766,33.638
2026-05-13 09:00:00,664.0,35.0,10.07,27.015,38.451
2026-05-13 10:00:00,834.0,39.0,7.91,31.945,47.624
2026-05-13 11:00:00,945.0,42.0,6.71,36.959,42.123
2026-05-13 12:00:00,984.0,43.0,6.28,35.06,45.643
2026-05-13 13:00:00,947.0,42.0,6.52,33.159,45.309
2026-05-13 14:00:00,841.0,41.0,7.14,32.907,44.152
2026-05-13 15:00:00,670.0,39.0,9.26,26.01,52.654
2026-05-13 16:00:00,460.0,35.0,12.83,19.019,51.689
2026-05-13 17:00:00,229.0,31.0,22.64,9.283,42.733
2026-05-13 18:00:00,28.0,28.0,62.11,1.204,44.328
2026-05-13 19:00:00,0.0,27.0,61.72,0.0,43.235
2026-05-13 20:00:00,0.0,25.0,61.32,0.0,40.885
2026-05-13 21:00:00,0.0,24.0,60.92,0.0,40.401
2026-05-13 22:00:00,0.0,24.0,60.53,0.0,33.37
2026-05-13 23:00:00,0.0,23.0,60.13,0.0,16.882
2026-05-14 00:00:00,0.0,23.0,59.73,0.0,11.877
2026-05-14 01:00:00,0.0,22.0,59.34,0.0,10.0
2026-05-14 02:00:00,0.0,22.0,58.94,0.0,10.087
2026-05-14 03:00:00,0.0,22.0,58.54,0.0,12.013
2026-05-14 04:00:00,0.0,22.0,58.15,0.0,10.0
2026-05-14 05:00:00,0.0,22.0,57.75,0.0,10.0
2026-05-14 06:00:00,32.0,23.0,57.35,1.597,16.11
2026-05-14 07:00:00,224.0,27.0,24.59,9.61,25.393
2026-05-14 08:00:00,453.0,30.0,14.27,17.813,33.907
2026-05-14 09:00:00,664.0,34.0,10.13,25.453,36.071
2026-05-14 10:00:00,833.0,37.0,8.05,32.814,37.681
2026-05-14 11:00:00,939.0,39.0,7.31,35.066,44.54
2026-05-14 12:00:00,974.0,40.0,7.24,34.453,41.484
2026-05-14 13:00:00,938.0,39.0,7.41,34.45,41.196
2026-05-14 14:00:00,833.0,38.0,8.05,32.599,46.725
2026-05-14 15:00:00,670.0,37.0,9.31,26.875,48.035
2026-05-14 16:00:00,460.0,34.0,12.95,19.283,46.245
2026-05-14 17:00:00,230.0,32.0,22.57,9.633,44.506
2026-05-14 18:00:00,29.0,29.0,61.35,1.225,43.175
2026-05-14 19:00:00,0.0,27.0,61.4,0.0,40.866
2026-05-14 20:00:00,0.0,26.0,61.45,0.0,41.121
2026-05-14 21:00:00,0.0,25.0,61.49,0.0,38.618
2026-05-14 22:00:00,0.0,24.0,61.54,0.0,30.952
2026-05-14 23:00:00,0.0,24.0,61.59,0.0,16.12
2026-05-15 00:00:00,0.0,23.0,61.63,0.0,11.145
2026-05-15 01:00:00,0.0,23.0,61.68,0.0,11.909
2026-05-15 02:00:00,0.0,23.0,61.73,0.0,10.0
2026-05-15 03:00:00,0.0,23.0,61.77,0.0,10.188
2026-05-15 04:00:00,0.0,23.0,61.82,0.0,11.496
2026-05-15 05:00:00,0.0,23.0,61.87,0.0,10.0
2026-05-15 06:00:00,29.0,24.0,61.91,1.096,15.73
2026-05-15 07:00:00,220.0,26.0,26.18,9.001,25.153
2026-05-15 08:00:00,454.0,31.0,14.2,18.459,39.632
2026-05-15 09:00:00,663.0,35.0,10.31,24.98,39.694
2026-05-15 10:00:00,827.0,38.0,8.73,30.368,42.133
2026-05-15 11:00:00,932.0,40.0,8.01,31.795,47.563
2026-05-15 12:00:00,968.0,40.0,7.81,33.946,41.358
2026-05-15 13:00:00,932.0,40.0,8.01,31.775,43.146
2026-05-15 14:00:00,827.0,38.0,8.73,30.268,41.84
2026-05-15 15:00:00,663.0,36.0,10.31,25.795,46.564
2026-05-15 16:00:00,459.0,33.0,13.25,18.581,41.065
2026-05-15 17:00:00,226.0,30.0,24.17,9.811,49.877
2026-05-15 18:00:00,30.0,27.0,60.6,1.222,40.326
2026-05-15 19:00:00,0.0,26.0,61.3,0.0,41.981
2026-05-15 20:00:00,0.0,25.0,61.99,0.0,40.68
2026-05-15 21:00:00,0.0,25.0,62.68,0.0,36.9
2026-05-15 22:00:00,0.0,24.0,63.38,0.0,34.806
2026-05-15 23:00:00,0.0,24.0,64.07,0.0,15.872
2026-05-16 00:00:00,0.0,24.0,64.76,0.0,10.0
2026-05-16 01:00:00,0.0,24.0,65.46,0.0,10.0
2026-05-16 02:00:00,0.0,23.0,66.15,0.0,10.0
2026-05-16 03:00:00,0.0,23.0,66.84,0.0,10.0
2026-05-16 04:00:00,0.0,22.0,67.54,0.0,12.423
2026-05-16 05:00:00,0.0,22.0,68.23,0.0,10.0
2026-05-16 06:00:00,24.0,24.0,68.92,0.914,12.766
2026-05-16 07:00:00,111.0,27.0,62.87,4.853,23.682
2026-05-16 08:00:00,454.0,31.0,14.31,18.74,30.27
2026-05-16 09:00:00,578.0,35.0,21.85,24.296,34.748
2026-05-16 10:00:00,827.0,37.0,8.75,32.357,38.163
2026-05-16 11:00:00,931.0,39.0,8.11,34.489,39.481
2026-05-16 12:00:00,967.0,39.0,7.9,33.116,38.404
2026-05-16 13:00:00,931.0,39.0,8.11,30.99,36.338
2026-05-16 14:00:00,827.0,38.0,8.75,28.939,35.549
2026-05-16 15:00:00,665.0,36.0,10.09,25.952,36.469
2026-05-16 16:00:00,460.0,33.0,13.18,18.553,34.502
2026-05-16 17:00:00,221.0,31.0,26.08,9.288,35.307
2026-05-16 18:00:00,25.0,28.0,67.63,0.999,34.262
2026-05-16 19:00:00,0.0,27.0,67.03,0.0,37.454
2026-05-16 20:00:00,0.0,26.0,66.42,0.0,36.678
2026-05-16 21:00:00,0.0,25.0,65.82,0.0,34.064
2026-05-16 22:00:00,0.0,24.0,65.22,0.0,28.599
2026-05-16 23:00:00,0.0,24.0,64.62,0.0,14.873
2026-05-17 00:00:00,0.0,24.0,64.02,0.0,10.0
2026-05-17 01:00:00,0.0,24.0,63.41,0.0,12.152
2026-05-17 02:00:00,0.0,24.0,62.81,0.0,10.0
2026-05-17 03:00:00,0.0,23.0,62.21,0.0,12.151
2026-05-17 04:00:00,0.0,23.0,61.61,0.0,10.0
2026-05-17 05:00:00,0.0,23.0,61.0,0.0,10.961
2026-05-17 06:00:00,31.0,24.0,60.4,1.434,14.726
2026-05-17 07:00:00,222.0,28.0,25.98,9.77,23.984
2026-05-17 08:00:00,455.0,33.0,14.23,18.751,31.332
2026-05-17 09:00:00,660.0,37.0,10.81,25.897,36.695
2026-05-17 10:00:00,823.0,40.0,9.2,25.485,41.773
2026-05-17 11:00:00,926.0,42.0,8.6,34.623,43.008
2026-05-17 12:00:00,962.0,43.0,8.37,35.128,42.948
2026-05-17 13:00:00,926.0,42.0,8.6,32.972,38.677
2026-05-17 14:00:00,822.0,41.0,9.31,26.649,38.482
2026-05-17 15:00:00,614.0,38.0,17.03,23.837,39.255
2026-05-17 16:00:00,456.0,34.0,14.04,19.132,37.849
2026-05-17 17:00:00,228.0,31.0,23.97,10.213,34.203
2026-05-17 18:00:00,32.0,29.0,59.12,1.336,36.553
2026-05-17 19:00:00,0.0,27.0,59.8,0.0,40.031
2026-05-17 20:00:00,0.0,27.0,60.47,0.0,38.63
2026-05-17 21:00:00,0.0,26.0,61.15,0.0,36.351
2026-05-17 22:00:00,0.0,26.0,61.82,0.0,28.922
2026-05-17 23:00:00,0.0,26.0,62.5,0.0,16.102
2026-05-18 00:00:00,0.0,25.0,63.17,0.0,12.878
2026-05-18 01:00:00,0.0,25.0,63.85,0.0,10.882
2026-05-18 02:00:00,0.0,25.0,64.52,0.0,10.095
2026-05-18 03:00:00,0.0,25.0,65.2,0.0,10.0
2026-05-18 04:00:00,0.0,24.0,65.87,0.0,10.0
2026-05-18 05:00:00,0.0,24.0,66.55,0.0,12.425
2026-05-18 06:00:00,26.0,25.0,67.22,0.935,14.636
2026-05-18 07:00:00,130.0,28.0,56.78,5.851,26.881
2026-05-18 08:00:00,273.0,30.0,48.6,12.347,32.008
2026-05-18 09:00:00,388.0,32.0,47.6,16.081,36.206
2026-05-18 10:00:00,689.0,38.0,24.0,25.625,41.795
2026-05-18 11:00:00,912.0,40.0,9.98,32.996,49.936
2026-05-18 12:00:00,949.0,40.0,9.61,35.953,42.598
2026-05-18 13:00:00,916.0,38.0,9.59,34.306,40.678
2026-05-18 14:00:00,814.0,36.0,10.21,33.438,39.4
2026-05-18 15:00:00,655.0,34.0,11.53,26.469,41.848
2026-05-18 16:00:00,454.0,31.0,14.52,19.905,38.785
2026-05-18 17:00:00,224.0,29.0,25.53,10.254,43.757
2026-05-18 18:00:00,11.0,27.0,86.13,0.381,40.347
2026-05-18 19:00:00,0.0,25.0,83.55,0.0,41.679
2026-05-18 20:00:00,0.0,25.0,80.97,0.0,40.852
2026-05-18 21:00:00,0.0,25.0,78.39,0.0,40.321
2026-05-18 22:00:00,0.0,25.0,75.82,0.0,31.695
2026-05-18 23:00:00,0.0,24.0,73.24,0.0,13.355
2026-05-19 00:00:00,0.0,24.0,70.66,0.0,10.882
2026-05-19 01:00:00,0.0,24.0,68.08,0.0,10.109
2026-05-19 02:00:00,0.0,24.0,65.5,0.0,10.0
2026-05-19 03:00:00,0.0,24.0,62.92,0.0,11.476
2026-05-19 04:00:00,0.0,24.0,60.34,0.0,10.0
2026-05-19 05:00:00,0.0,24.0,57.76,0.0,13.407
2026-05-19 06:00:00,36.0,24.0,55.18,1.567,17.477
2026-05-19 07:00:00,203.0,25.0,32.71,9.733,22.871
2026-05-19 08:00:00,444.0,27.0,16.5,17.212,37.933
2026-05-19 09:00:00,645.0,30.0,12.92,24.733,35.706
2026-05-19 10:00:00,805.0,30.0,11.22,30.925,36.744
2026-05-19 11:00:00,908.0,31.0,10.38,33.573,36.363
2026-05-19 12:00:00,944.0,31.0,10.08,36.127,33.987
2026-05-19 13:00:00,910.0,30.0,10.18,34.82,38.259
2026-05-19 14:00:00,756.0,30.0,16.62,31.345,37.039
2026-05-19 15:00:00,572.0,29.0,22.78,23.11,36.47
2026-05-19 16:00:00,89.0,27.0,83.26,3.63,35.996
2026-05-19 17:00:00,42.0,26.0,86.08,1.683,36.37
2026-05-19 18:00:00,8.0,25.0,90.04,0.272,40.787
2026-05-19 19:00:00,0.0,24.0,88.1,0.0,38.579
2026-05-19 20:00:00,0.0,24.0,86.17,0.0,40.509
2026-05-19 21:00:00,0.0,23.0,84.23,0.0,37.863
2026-05-19 22:00:00,0.0,23.0,82.29,0.0,31.774
2026-05-19 23:00:00,0.0,23.0,80.35,0.0,17.579
2026-05-20 00:00:00,0.0,23.0,78.42,0.0,10.0
2026-05-20 01:00:00,0.0,23.0,76.48,0.0,10.0
2026-05-20 02:00:00,0.0,23.0,74.54,0.0,10.0
2026-05-20 03:00:00,0.0,23.0,72.6,0.0,10.416
2026-05-20 04:00:00,0.0,23.0,70.67,0.0,11.665
2026-05-20 05:00:00,0.0,23.0,68.73,0.0,13.484
2026-05-20 06:00:00,27.0,23.0,66.79,1.163,15.599
2026-05-20 07:00:00,97.0,24.0,67.94,4.483,24.163
2026-05-20 08:00:00,438.0,25.0,17.72,17.619,30.244
2026-05-20 09:00:00,643.0,27.0,13.23,26.396,33.508
2026-05-20 10:00:00,802.0,28.0,11.56,30.122,34.466
2026-05-20 11:00:00,905.0,29.0,10.67,35.012,35.191
2026-05-20 12:00:00,883.0,30.0,15.88,36.889,34.008
2026-05-20 13:00:00,346.0,31.0,65.85,15.439,34.466
2026-05-20 14:00:00,144.0,32.0,84.12,6.562,43.249
2026-05-20 15:00:00,422.0,31.0,43.05,17.032,44.711
2026-05-20 16:00:00,239.0,30.0,55.1,10.797,42.532
2026-05-20 17:00:00,45.0,28.0,85.12,1.843,37.931
2026-05-20 18:00:00,17.0,27.0,79.09,0.676,40.969
2026-05-20 19:00:00,0.0,26.0,77.39,0.0,41.722
2026-05-20 20:00:00,0.0,25.0,75.69,0.0,41.377
2026-05-20 21:00:00,0.0,24.0,73.99,0.0,39.649
2026-05-20 22:00:00,0.0,24.0,72.28,0.0,30.567
2026-05-20 23:00:00,0.0,24.0,70.58,0.0,16.793
2026-05-21 00:00:00,0.0,24.0,68.88,0.0,10.722
2026-05-21 01:00:00,0.0,23.0,67.18,0.0,10.0
2026-05-21 02:00:00,0.0,23.0,65.48,0.0,10.0
2026-05-21 03:00:00,0.0,23.0,63.77,0.0,10.0
2026-05-21 04:00:00,0.0,23.0,62.07,0.0,10.653
2026-05-21 05:00:00,0.0,23.0,60.37,0.0,10.0
2026-05-21 06:00:00,34.0,23.0,58.67,1.58,17.501
2026-05-21 07:00:00,209.0,25.0,31.1,9.112,23.621
2026-05-21 08:00:00,443.0,26.0,16.86,18.8,35.519
2026-05-21 09:00:00,643.0,27.0,13.27,26.216,34.375
2026-05-21 10:00:00,802.0,29.0,11.56,30.742,33.805
2026-05-21 11:00:00,905.0,30.0,10.66,32.107,45.453
2026-05-21 12:00:00,941.0,30.0,10.34,34.303,32.939
2026-05-21 13:00:00,908.0,31.0,10.37,33.079,43.102
2026-05-21 14:00:00,770.0,31.0,15.09,29.903,39.072
2026-05-21 15:00:00,573.0,30.0,22.71,22.044,34.657
2026-05-21 16:00:00,450.0,29.0,15.55,19.207,43.424
2026-05-21 17:00:00,92.0,27.0,69.67,4.111,36.348
2026-05-21 18:00:00,11.0,26.0,86.63,0.384,39.778
2026-05-21 19:00:00,0.0,25.0,84.64,0.0,42.206
2026-05-21 20:00:00,0.0,24.0,82.65,0.0,40.835
2026-05-21 21:00:00,0.0,24.0,80.66,0.0,39.071
2026-05-21 22:00:00,0.0,24.0,78.66,0.0,30.655
2026-05-21 23:00:00,0.0,24.0,76.67,0.0,16.77
2026-05-22 00:00:00,0.0,23.0,74.68,0.0,10.0
2026-05-22 01:00:00,0.0,23.0,72.69,0.0,10.0
2026-05-22 02:00:00,0.0,23.0,70.7,0.0,10.0
2026-05-22 03:00:00,0.0,23.0,68.71,0.0,10.0
2026-05-22 04:00:00,0.0,23.0,66.72,0.0,10.0
2026-05-22 05:00:00,0.0,23.0,64.73,0.0,12.521
2026-05-22 06:00:00,31.0,24.0,62.74,1.246,15.917
2026-05-22 07:00:00,137.0,27.0,54.95,5.49,25.422
2026-05-22 08:00:00,409.0,30.0,23.32,16.493,32.969
2026-05-22 09:00:00,578.0,33.0,22.06,21.835,40.029
2026-05-22 10:00:00,778.0,35.0,14.22,27.95,36.954
2026-05-22 11:00:00,885.0,37.0,12.63,35.611,41.304
2026-05-22 12:00:00,925.0,37.0,11.86,32.808,45.465
2026-05-22 13:00:00,898.0,36.0,11.35,32.163,46.407
2026-05-22 14:00:00,667.0,35.0,26.46,23.245,38.24
2026-05-22 15:00:00,538.0,33.0,27.46,22.142,38.914
2026-05-22 16:00:00,451.0,31.0,15.45,17.812,45.307
2026-05-22 17:00:00,183.0,29.0,39.83,8.214,38.841
2026-05-22 18:00:00,21.0,28.0,74.76,0.809,43.012
2026-05-22 19:00:00,0.0,26.0,73.39,0.0,42.225
2026-05-22 20:00:00,0.0,26.0,72.03,0.0,42.43
2026-05-22 21:00:00,0.0,25.0,70.66,0.0,39.637
2026-05-22 22:00:00,0.0,24.0,69.3,0.0,32.595
2026-05-22 23:00:00,0.0,24.0,67.93,0.0,18.814
2026-05-23 00:00:00,0.0,24.0,66.57,0.0,10.617
2026-05-23 01:00:00,0.0,23.0,65.2,0.0,12.046
2026-05-23 02:00:00,0.0,23.0,63.84,0.0,10.0
2026-05-23 03:00:00,0.0,23.0,62.47,0.0,10.0
2026-05-23 04:00:00,0.0,23.0,61.11,0.0,10.0
2026-05-23 05:00:00,0.0,23.0,59.74,0.0,11.196
2026-05-23 06:00:00,35.0,24.0,58.38,1.386,15.827
2026-05-23 07:00:00,210.0,25.0,31.12,9.314,17.832
2026-05-23 08:00:00,439.0,26.0,17.78,18.122,26.934
2026-05-23 09:00:00,647.0,28.0,12.79,25.562,30.656
2026-05-23 10:00:00,808.0,29.0,10.91,33.623,32.146
2026-05-23 11:00:00,911.0,30.0,10.06,37.79,30.866
2026-05-23 12:00:00,947.0,31.0,9.75,32.749,33.552
2026-05-23 13:00:00,913.0,31.0,9.86,32.331,32.319
2026-05-23 14:00:00,813.0,31.0,10.36,33.462,33.461
2026-05-23 15:00:00,655.0,30.0,11.71,24.908,32.774
2026-05-23 16:00:00,456.0,29.0,14.59,21.886,33.553
2026-05-23 17:00:00,224.0,27.0,26.53,10.092,33.483
2026-05-23 18:00:00,31.0,26.0,63.14,1.354,34.994
2026-05-23 19:00:00,0.0,25.0,62.77,0.0,36.978
2026-05-23 20:00:00,0.0,24.0,62.41,0.0,37.17
2026-05-23 21:00:00,0.0,24.0,62.05,0.0,33.183
2026-05-23 22:00:00,0.0,24.0,61.69,0.0,26.464
2026-05-23 23:00:00,0.0,24.0,61.33,0.0,16.276
2026-05-24 00:00:00,0.0,24.0,60.97,0.0,12.665
2026-05-24 01:00:00,0.0,23.0,60.61,0.0,12.214
2026-05-24 02:00:00,0.0,23.0,60.25,0.0,11.165
2026-05-24 03:00:00,0.0,23.0,59.89,0.0,10.0
2026-05-24 04:00:00,0.0,23.0,59.53,0.0,10.0
2026-05-24 05:00:00,0.0,23.0,59.17,0.0,10.166
2026-05-24 06:00:00,35.0,24.0,58.81,1.503,14.983
2026-05-24 07:00:00,216.0,25.0,29.32,9.516,23.774
2026-05-24 08:00:00,428.0,28.0,19.91,19.137,26.657
2026-05-24 09:00:00,652.0,31.0,12.15,25.999,35.199
2026-05-24 10:00:00,802.0,34.0,11.58,33.255,34.595
2026-05-24 11:00:00,916.0,36.0,9.55,30.896,35.966
2026-05-24 12:00:00,952.0,37.0,9.26,35.958,38.153
2026-05-24 13:00:00,919.0,37.0,9.26,35.687,38.1
2026-05-24 14:00:00,819.0,36.0,9.7,30.187,37.294
2026-05-24 15:00:00,661.0,34.0,10.93,26.581,34.873
2026-05-24 16:00:00,461.0,32.0,13.73,17.785,35.973
2026-05-24 17:00:00,225.0,29.0,26.38,9.302,31.983
2026-05-24 18:00:00,35.0,27.0,58.81,1.294,34.914
2026-05-24 19:00:00,0.0,26.0,58.84,0.0,37.197
2026-05-24 20:00:00,0.0,25.0,58.87,0.0,35.022
2026-05-24 21:00:00,0.0,24.0,58.91,0.0,34.844
2026-05-24 22:00:00,0.0,24.0,58.94,0.0,27.231
2026-05-24 23:00:00,0.0,24.0,58.98,0.0,15.021
2026-05-25 00:00:00,0.0,23.0,59.01,0.0,10.0
2026-05-25 01:00:00,0.0,23.0,59.04,0.0,11.953
2026-05-25 02:00:00,0.0,23.0,59.08,0.0,10.0
2026-05-25 03:00:00,0.0,23.0,59.11,0.0,11.799
2026-05-25 04:00:00,0.0,23.0,59.15,0.0,11.996
2026-05-25 05:00:00,0.0,23.0,59.18,0.0,10.576
2026-05-25 06:00:00,35.0,24.0,59.21,1.446,16.042
2026-05-25 07:00:00,235.0,25.0,23.28,9.478,23.087
2026-05-25 08:00:00,455.0,28.0,14.93,19.115,32.264
2026-05-25 09:00:00,663.0,32.0,10.69,25.694,36.228
2026-05-25 10:00:00,830.0,36.0,8.49,32.596,39.916
2026-05-25 11:00:00,939.0,37.0,7.27,31.728,41.815
2026-05-25 12:00:00,978.0,38.0,6.77,35.875,39.285
2026-05-25 13:00:00,943.0,38.0,6.88,34.542,41.194
2026-05-25 14:00:00,837.0,37.0,7.72,29.146,41.859
2026-05-25 15:00:00,672.0,36.0,9.48,26.918,41.693
2026-05-25 16:00:00,467.0,34.0,12.69,20.475,42.332
2026-05-25 17:00:00,237.0,31.0,22.63,9.898,38.722
2026-05-25 18:00:00,36.0,29.0,58.05,1.419,42.107
2026-05-25 19:00:00,0.0,27.0,58.08,0.0,42.186
2026-05-25 20:00:00,0.0,26.0,58.11,0.0,41.932
2026-05-25 21:00:00,0.0,25.0,58.15,0.0,42.002
2026-05-25 22:00:00,0.0,24.0,58.18,0.0,32.386
2026-05-25 23:00:00,0.0,23.0,58.21,0.0,15.68
2026-05-26 00:00:00,0.0,23.0,58.25,0.0,10.0
2026-05-26 01:00:00,0.0,23.0,58.28,0.0,10.0
2026-05-26 02:00:00,0.0,23.0,58.31,0.0,10.0
2026-05-26 03:00:00,0.0,23.0,58.34,0.0,11.263
2026-05-26 04:00:00,0.0,23.0,58.38,0.0,10.0
2026-05-26 05:00:00,0.0,23.0,58.41,0.0,10.0
2026-05-26 06:00:00,36.0,24.0,58.44,1.573,14.813
2026-05-26 07:00:00,226.0,26.0,26.38,10.285,25.409
2026-05-26 08:00:00,455.0,29.0,15.0,18.372,38.566
2026-05-26 09:00:00,661.0,33.0,10.98,24.884,36.372
2026-05-26 10:00:00,823.0,36.0,9.27,30.7,40.068
2026-05-26 11:00:00,927.0,38.0,8.45,31.561,51.229
2026-05-26 12:00:00,964.0,39.0,8.09,36.102,43.957
2026-05-26 13:00:00,930.0,39.0,8.15,34.884,44.106
2026-05-26 14:00:00,829.0,38.0,8.61,31.298,47.383
2026-05-26 15:00:00,670.0,37.0,9.77,25.711,42.038
2026-05-26 16:00:00,467.0,34.0,12.76,19.081,40.097
2026-05-26 17:00:00,243.0,31.0,20.85,10.869,40.011
2026-05-26 18:00:00,37.0,29.0,57.29,1.681,44.234
2026-05-26 19:00:00,0.0,27.0,57.42,0.0,44.207
2026-05-26 20:00:00,0.0,26.0,57.54,0.0,41.279
2026-05-26 21:00:00,0.0,25.0,57.67,0.0,38.325
2026-05-26 22:00:00,0.0,24.0,57.8,0.0,32.869
2026-05-26 23:00:00,0.0,23.0,57.93,0.0,17.508
2026-05-27 00:00:00,0.0,23.0,58.05,0.0,10.997
2026-05-27 01:00:00,0.0,23.0,58.18,0.0,10.682
2026-05-27 02:00:00,0.0,23.0,58.31,0.0,10.27
2026-05-27 03:00:00,0.0,23.0,58.44,0.0,10.577
2026-05-27 04:00:00,0.0,22.0,58.56,0.0,11.502
2026-05-27 05:00:00,0.0,22.0,58.69,0.0,12.082
2026-05-27 06:00:00,36.0,23.0,58.82,1.58,16.033
2026-05-27 07:00:00,211.0,26.0,31.42,9.244,24.431
2026-05-27 08:00:00,445.0,29.0,16.94,16.623,32.128
2026-05-27 09:00:00,646.0,33.0,13.03,27.834,36.158
2026-05-27 10:00:00,806.0,36.0,11.14,29.732,39.39
2026-05-27 11:00:00,926.0,38.0,8.54,34.073,43.262
2026-05-27 12:00:00,969.0,39.0,7.6,34.774,41.252
2026-05-27 13:00:00,911.0,39.0,10.02,32.035,47.19
2026-05-27 14:00:00,831.0,38.0,8.39,32.954,41.628
2026-05-27 15:00:00,666.0,35.0,10.33,28.67,41.897
2026-05-27 16:00:00,467.0,32.0,12.83,18.365,40.392
2026-05-27 17:00:00,228.0,29.0,25.89,9.955,38.93
2026-05-27 18:00:00,38.0,27.0,56.53,1.615,40.583
2026-05-27 19:00:00,0.0,26.0,56.75,0.0,43.572
2026-05-27 20:00:00,0.0,25.0,56.97,0.0,42.783
2026-05-27 21:00:00,0.0,25.0,57.19,0.0,37.078
2026-05-27 22:00:00,0.0,24.0,57.41,0.0,34.382
2026-05-27 23:00:00,0.0,24.0,57.63,0.0,19.672
2026-05-28 00:00:00,0.0,24.0,57.85,0.0,12.126
2026-05-28 01:00:00,0.0,24.0,58.07,0.0,11.628
2026-05-28 02:00:00,0.0,23.0,58.29,0.0,11.024
2026-05-28 03:00:00,0.0,23.0,58.51,0.0,10.0
2026-05-28 04:00:00,0.0,23.0,58.73,0.0,10.346
2026-05-28 05:00:00,0.0,23.0,58.96,0.0,12.55
2026-05-28 06:00:00,36.0,24.0,59.18,1.593,14.637
2026-05-28 07:00:00,227.0,26.0,26.37,8.713,23.015
2026-05-28 08:00:00,455.0,29.0,15.13,18.857,31.694
2026-05-28 09:00:00,659.0,32.0,11.3,26.749,37.419
2026-05-28 10:00:00,821.0,35.0,9.49,32.165,43.277
2026-05-28 11:00:00,924.0,37.0,8.72,33.768,41.434
2026-05-28 12:00:00,961.0,38.0,8.35,35.595,41.351
2026-05-28 13:00:00,927.0,37.0,8.43,38.168,39.133
2026-05-28 14:00:00,826.0,36.0,8.94,30.433,36.784
2026-05-28 15:00:00,668.0,34.0,10.09,28.347,38.563
2026-05-28 16:00:00,463.0,31.0,13.64,18.909,39.115
2026-05-28 17:00:00,246.0,29.0,20.2,11.018,38.431
2026-05-28 18:00:00,42.0,27.0,52.37,1.824,41.942
2026-05-28 19:00:00,0.0,26.0,52.87,0.0,43.853
2026-05-28 20:00:00,0.0,25.0,53.37,0.0,40.873
2026-05-28 21:00:00,0.0,24.0,53.88,0.0,37.323
2026-05-28 22:00:00,0.0,24.0,54.38,0.0,32.525
2026-05-28 23:00:00,0.0,24.0,54.88,0.0,16.204
2026-05-29 00:00:00,0.0,23.0,55.38,0.0,12.07
2026-05-29 01:00:00,0.0,24.0,55.88,0.0,11.034
2026-05-29 02:00:00,0.0,23.0,56.38,0.0,11.997
2026-05-29 03:00:00,0.0,23.0,56.88,0.0,10.0
2026-05-29 04:00:00,0.0,23.0,57.38,0.0,11.995
2026-05-29 05:00:00,0.0,23.0,57.89,0.0,14.049
2026-05-29 06:00:00,37.0,24.0,58.39,1.576,16.075
2026-05-29 07:00:00,206.0,27.0,33.31,9.139,25.949
2026-05-29 08:00:00,439.0,30.0,18.18,18.366,31.697
2026-05-29 09:00:00,658.0,33.0,11.45,27.605,38.502
2026-05-29 10:00:00,819.0,35.0,9.71,29.768,41.331
2026-05-29 11:00:00,923.0,37.0,8.81,34.97,46.159
2026-05-29 12:00:00,960.0,38.0,8.43,37.721,42.321
2026-05-29 13:00:00,926.0,38.0,8.51,34.741,41.693
2026-05-29 14:00:00,826.0,37.0,8.93,32.36,41.497
2026-05-29 15:00:00,668.0,34.0,10.11,27.274,41.137
2026-05-29 16:00:00,468.0,31.0,12.77,19.681,39.476
2026-05-29 17:00:00,242.0,29.0,21.65,11.073,37.555
2026-05-29 18:00:00,33.0,27.0,62.89,1.482,42.417
2026-05-29 19:00:00,0.0,26.0,62.54,0.0,44.557
2026-05-29 20:00:00,0.0,25.0,62.19,0.0,40.974
2026-05-29 21:00:00,0.0,25.0,61.84,0.0,39.247
2026-05-29 22:00:00,0.0,24.0,61.5,0.0,29.524
2026-05-29 23:00:00,0.0,24.0,61.15,0.0,17.317
2026-05-30 00:00:00,0.0,24.0,60.8,0.0,12.368
2026-05-30 01:00:00,0.0,23.0,60.45,0.0,10.05
2026-05-30 02:00:00,0.0,23.0,60.11,0.0,10.351
2026-05-30 03:00:00,0.0,23.0,59.76,0.0,10.0
2026-05-30 04:00:00,0.0,23.0,59.41,0.0,10.0
2026-05-30 05:00:00,0.0,23.0,59.06,0.0,11.309
2026-05-30 06:00:00,37.0,24.0,58.71,1.66,13.822
2026-05-30 07:00:00,232.0,25.0,25.03,9.507,21.081
2026-05-30 08:00:00,454.0,27.0,15.44,17.611,26.154
2026-05-30 09:00:00,660.0,31.0,11.2,29.059,32.885
2026-05-30 10:00:00,830.0,34.0,8.49,30.697,35.465
2026-05-30 11:00:00,934.0,37.0,7.71,35.488,37.186
2026-05-30 12:00:00,970.0,38.0,7.46,33.72,37.772
2026-05-30 13:00:00,935.0,38.0,7.61,31.481,37.247
2026-05-30 14:00:00,833.0,36.0,8.16,29.685,37.985
2026-05-30 15:00:00,673.0,34.0,9.45,27.217,35.333
2026-05-30 16:00:00,470.0,31.0,12.46,19.397,35.409
2026-05-30 17:00:00,243.0,29.0,21.47,10.705,32.443
2026-05-30 18:00:00,44.0,27.0,50.9,1.838,37.17
2026-05-30 19:00:00,0.0,26.0,51.58,0.0,38.782
2026-05-30 20:00:00,0.0,25.0,52.26,0.0,37.688
2026-05-30 21:00:00,0.0,24.0,52.93,0.0,35.429
2026-05-30 22:00:00,0.0,24.0,53.61,0.0,28.449
2026-05-30 23:00:00,0.0,24.0,54.29,0.0,17.063
2026-05-31 00:00:00,0.0,24.0,54.96,0.0,12.93
2026-05-31 01:00:00,0.0,24.0,55.64,0.0,10.0
2026-05-31 02:00:00,0.0,23.0,56.32,0.0,10.0
2026-05-31 03:00:00,0.0,23.0,56.99,0.0,10.0
2026-05-31 04:00:00,0.0,23.0,57.67,0.0,11.896
2026-05-31 05:00:00,0.0,23.0,58.35,0.0,10.0
2026-05-31 06:00:00,37.0,25.0,59.02,1.415,13.178
2026-05-31 07:00:00,227.0,27.0,26.77,10.201,21.374
2026-05-31 08:00:00,454.0,30.0,15.49,18.339,27.236
2026-05-31 09:00:00,656.0,32.0,11.76,26.735,33.191
2026-05-31 10:00:00,818.0,35.0,9.81,29.787,34.362
2026-05-31 11:00:00,923.0,37.0,8.78,31.792,35.424
2026-05-31 12:00:00,961.0,37.0,8.3,35.528,36.911
2026-05-31 13:00:00,928.0,37.0,8.29,32.774,36.83
2026-05-31 14:00:00,828.0,36.0,8.71,27.941,33.766
2026-05-31 15:00:00,670.0,35.0,9.87,27.911,35.701
2026-05-31 16:00:00,470.0,33.0,12.51,20.623,35.916
2026-05-31 17:00:00,244.0,31.0,21.29,10.426,34.43
2026-05-31 18:00:00,38.0,28.0,57.92,1.701,36.319
2026-05-31 19:00:00,0.0,27.0,57.3,0.0,39.731
2026-05-31 20:00:00,0.0,26.0,56.68,0.0,39.925
2026-05-31 21:00:00,0.0,25.0,56.07,0.0,33.681
2026-05-31 22:00:00,0.0,25.0,55.45,0.0,26.939
2026-05-31 23:00:00,0.0,24.0,54.83,0.0,15.002
2026-06-01 00:00:00,0.0,24.0,54.22,0.0,11.072
2026-06-01 01:00:00,0.0,24.0,53.6,0.0,10.425
2026-06-01 02:00:00,0.0,24.0,52.98,0.0,11.055
2026-06-01 03:00:00,0.0,24.0,52.37,0.0,13.297
2026-06-01 04:00:00,0.0,24.0,51.75,0.0,10.0
2026-06-01 05:00:00,0.0,23.0,51.13,0.0,10.49
2026-06-01 06:00:00,45.0,24.0,50.52,2.008,18.158
2026-06-01 07:00:00,194.0,26.0,37.53,9.666,23.769
2026-06-01 08:00:00,394.0,28.0,26.71,16.712,32.605
2026-06-01 09:00:00,649.0,30.0,12.71,27.059,35.883
2026-06-01 10:00:00,830.0,31.0,8.48,31.177,38.482
2026-06-01 11:00:00,917.0,32.0,9.36,33.733,44.679
2026-06-01 12:00:00,971.0,32.0,7.33,35.741,37.466
2026-06-01 13:00:00,900.0,31.0,11.04,37.575,40.277
2026-06-01 14:00:00,202.0,29.0,77.73,9.299,33.969
2026-06-01 15:00:00,129.0,28.0,82.65,5.773,38.56
2026-06-01 16:00:00,92.0,27.0,82.89,4.282,33.77
2026-06-01 17:00:00,50.0,26.0,83.9,2.529,41.528
2026-06-01 18:00:00,12.0,25.0,86.8,0.452,36.23
2026-06-01 19:00:00,0.0,25.0,84.45,0.0,40.358
2026-06-01 20:00:00,0.0,24.0,82.09,0.0,42.242
2026-06-01 21:00:00,0.0,25.0,79.73,0.0,39.3
2026-06-01 22:00:00,0.0,25.0,77.37,0.0,32.223
2026-06-01 23:00:00,0.0,25.0,75.01,0.0,16.11
2026-06-02 00:00:00,0.0,24.0,72.65,0.0,10.0
2026-06-02 01:00:00,0.0,24.0,70.29,0.0,11.471
2026-06-02 02:00:00,0.0,24.0,67.93,0.0,10.0
2026-06-02 03:00:00,0.0,24.0,65.57,0.0,10.0
2026-06-02 04:00:00,0.0,24.0,63.21,0.0,10.542
2026-06-02 05:00:00,0.0,24.0,60.86,0.0,12.014
2026-06-02 06:00:00,38.0,24.0,58.5,1.726,15.719
2026-06-02 07:00:00,243.0,25.0,21.87,10.587,23.912
2026-06-02 08:00:00,465.0,27.0,13.55,20.037,34.803
2026-06-02 09:00:00,666.0,28.0,10.44,31.841,32.51
2026-06-02 10:00:00,826.0,30.0,8.92,32.796,36.076
2026-06-02 11:00:00,930.0,30.0,8.07,37.841,43.527
2026-06-02 12:00:00,928.0,30.0,11.42,34.324,41.317
2026-06-02 13:00:00,679.0,30.0,32.88,29.781,36.407
2026-06-02 14:00:00,148.0,29.0,83.68,6.813,34.005
2026-06-02 15:00:00,120.0,28.0,83.86,5.543,36.391
2026-06-02 16:00:00,93.0,27.0,82.71,4.372,36.402
2026-06-02 17:00:00,50.0,26.0,83.92,2.208,34.506
2026-06-02 18:00:00,12.0,25.0,86.89,0.466,39.1
2026-06-02 19:00:00,0.0,25.0,84.28,0.0,43.202
2026-06-02 20:00:00,0.0,24.0,81.66,0.0,42.928
2026-06-02 21:00:00,0.0,24.0,79.05,0.0,35.964
2026-06-02 22:00:00,0.0,24.0,76.43,0.0,34.296
2026-06-02 23:00:00,0.0,23.0,73.81,0.0,18.13
2026-06-03 00:00:00,0.0,23.0,71.2,0.0,11.079
2026-06-03 01:00:00,0.0,23.0,68.58,0.0,10.163
2026-06-03 02:00:00,0.0,23.0,65.97,0.0,10.747
2026-06-03 03:00:00,0.0,23.0,63.35,0.0,10.0
2026-06-03 04:00:00,0.0,23.0,60.74,0.0,10.251
2026-06-03 05:00:00,0.0,23.0,58.12,0.0,10.0
2026-06-03 06:00:00,41.0,24.0,55.5,1.814,13.562
2026-06-03 07:00:00,238.0,25.0,23.59,11.635,27.015
2026-06-03 08:00:00,448.0,27.0,16.75,18.305,30.838
2026-06-03 09:00:00,663.0,29.0,10.86,29.195,39.378
2026-06-03 10:00:00,823.0,30.0,9.25,36.457,35.957
2026-06-03 11:00:00,909.0,31.0,10.13,37.263,36.091
2026-06-03 12:00:00,927.0,30.0,11.5,34.173,41.015
2026-06-03 13:00:00,931.0,30.0,7.95,35.947,42.37
2026-06-03 14:00:00,833.0,28.0,8.15,31.993,33.925
2026-06-03 15:00:00,135.0,27.0,81.85,6.482,33.697
2026-06-03 16:00:00,96.0,26.0,82.16,4.993,35.671
2026-06-03 17:00:00,55.0,26.0,82.34,2.571,35.764
2026-06-03 18:00:00,15.0,25.0,83.72,0.63,40.3
2026-06-03 19:00:00,0.0,24.0,82.02,0.0,42.487
2026-06-03 20:00:00,0.0,24.0,80.32,0.0,40.761
2026-06-03 21:00:00,0.0,24.0,78.62,0.0,38.264
2026-06-03 22:00:00,0.0,24.0,76.92,0.0,34.075
2026-06-03 23:00:00,0.0,23.0,75.22,0.0,15.178
2026-06-04 00:00:00,0.0,23.0,73.52,0.0,10.0
2026-06-04 01:00:00,0.0,23.0,71.82,0.0,11.278
2026-06-04 02:00:00,0.0,23.0,70.12,0.0,10.0
2026-06-04 03:00:00,0.0,23.0,68.42,0.0,10.0
2026-06-04 04:00:00,0.0,23.0,66.72,0.0,11.739
2026-06-04 05:00:00,0.0,23.0,65.02,0.0,10.997
2026-06-04 06:00:00,34.0,24.0,63.32,1.542,14.231
2026-06-04 07:00:00,242.0,25.0,22.42,12.0,26.459
2026-06-04 08:00:00,463.0,28.0,14.01,21.134,39.245
2026-06-04 09:00:00,664.0,29.0,10.74,27.784,39.183
2026-06-04 10:00:00,823.0,31.0,9.24,32.529,34.105
2026-06-04 11:00:00,926.0,32.0,8.44,35.735,38.379
2026-06-04 12:00:00,964.0,31.0,7.95,39.584,35.352
2026-06-04 13:00:00,932.0,30.0,7.84,38.34,36.447
2026-06-04 14:00:00,833.0,29.0,8.14,34.233,34.926
2026-06-04 15:00:00,562.0,28.0,24.45,26.344,37.391
2026-06-04 16:00:00,120.0,27.0,77.71,5.619,35.148
2026-06-04 17:00:00,125.0,26.0,59.93,6.084,33.254
2026-06-04 18:00:00,13.0,25.0,85.98,0.526,40.083
2026-06-04 19:00:00,0.0,25.0,83.12,0.0,41.896
2026-06-04 20:00:00,0.0,24.0,80.27,0.0,38.453
2026-06-04 21:00:00,0.0,24.0,77.42,0.0,37.022
2026-06-04 22:00:00,0.0,24.0,74.56,0.0,30.968
2026-06-04 23:00:00,0.0,24.0,71.71,0.0,18.678
2026-06-05 00:00:00,0.0,24.0,68.85,0.0,11.79
2026-06-05 01:00:00,0.0,24.0,66.0,0.0,10.013
2026-06-05 02:00:00,0.0,24.0,63.15,0.0,10.859
2026-06-05 03:00:00,0.0,24.0,60.29,0.0,10.0
2026-06-05 04:00:00,0.0,24.0,57.44,0.0,10.0
2026-06-05 05:00:00,0.0,24.0,54.59,0.0,11.761
2026-06-05 06:00:00,45.0,24.0,51.73,2.188,16.232
2026-06-05 07:00:00,244.0,26.0,21.89,10.877,23.745
2026-06-05 08:00:00,462.0,27.0,14.24,19.699,30.696
2026-06-05 09:00:00,662.0,29.0,11.01,28.186,34.723
2026-06-05 10:00:00,821.0,31.0,9.46,35.735,36.737
2026-06-05 11:00:00,925.0,32.0,8.52,36.87,39.205
2026-06-05 12:00:00,962.0,32.0,8.13,42.854,37.446
2026-06-05 13:00:00,892.0,31.0,11.79,36.081,36.766
2026-06-05 14:00:00,834.0,30.0,8.03,33.462,43.171
2026-06-05 15:00:00,679.0,29.0,8.73,28.428,37.409
2026-06-05 16:00:00,483.0,28.0,10.34,20.396,38.937
2026-06-05 17:00:00,247.0,27.0,20.92,11.778,35.309
2026-06-05 18:00:00,13.0,26.0,86.06,0.481,38.271
2026-06-05 19:00:00,0.0,25.0,84.46,0.0,42.054
2026-06-05 20:00:00,0.0,25.0,82.87,0.0,41.434
2026-06-05 21:00:00,0.0,24.0,81.27,0.0,40.543
2026-06-05 22:00:00,0.0,24.0,79.68,0.0,30.418
2026-06-05 23:00:00,0.0,24.0,78.08,0.0,16.39
2026-06-06 00:00:00,0.0,24.0,76.49,0.0,11.223
2026-06-06 01:00:00,0.0,24.0,74.9,0.0,10.55
2026-06-06 02:00:00,0.0,24.0,73.3,0.0,10.0
2026-06-06 03:00:00,0.0,24.0,71.71,0.0,10.666
2026-06-06 04:00:00,0.0,24.0,70.11,0.0,11.921
2026-06-06 05:00:00,0.0,24.0,68.52,0.0,13.134
2026-06-06 06:00:00,31.0,24.0,66.92,1.5,14.966
2026-06-06 07:00:00,204.0,26.0,34.77,9.431,21.018
2026-06-06 08:00:00,445.0,29.0,17.43,18.79,31.068
2026-06-06 09:00:00,663.0,32.0,10.89,26.773,31.301
2026-06-06 10:00:00,816.0,33.0,10.01,32.545,36.887
2026-06-06 11:00:00,926.0,33.0,8.41,37.584,36.672
2026-06-06 12:00:00,964.0,33.0,7.92,37.583,36.055
2026-06-06 13:00:00,932.0,32.0,7.82,36.532,34.016
2026-06-06 14:00:00,835.0,30.0,7.91,34.492,28.927
2026-06-06 15:00:00,681.0,29.0,8.47,27.832,30.745
2026-06-06 16:00:00,344.0,28.0,36.17,14.408,32.7
2026-06-06 17:00:00,266.0,27.0,14.95,13.154,30.984
2026-06-06 18:00:00,42.0,26.0,55.19,1.881,34.839
2026-06-06 19:00:00,0.0,25.0,56.71,0.0,37.438
2026-06-06 20:00:00,0.0,25.0,58.23,0.0,35.932
2026-06-06 21:00:00,0.0,24.0,59.76,0.0,31.663
2026-06-06 22:00:00,0.0,25.0,61.28,0.0,30.03
2026-06-06 23:00:00,0.0,25.0,62.8,0.0,16.801
2026-06-07 00:00:00,0.0,25.0,64.32,0.0,11.057
2026-06-07 01:00:00,0.0,25.0,65.85,0.0,12.156
2026-06-07 02:00:00,0.0,25.0,67.37,0.0,11.047
2026-06-07 03:00:00,0.0,25.0,68.89,0.0,12.778
2026-06-07 04:00:00,0.0,25.0,70.41,0.0,11.372
2026-06-07 05:00:00,0.0,25.0,71.94,0.0,13.587
2026-06-07 06:00:00,25.0,25.0,73.46,1.217,13.047
2026-06-07 07:00:00,135.0,26.0,56.89,6.25,22.803
2026-06-07 08:00:00,315.0,27.0,41.57,13.66,26.863
2026-06-07 09:00:00,655.0,28.0,11.97,28.628,28.607
2026-06-07 10:00:00,819.0,29.0,9.67,34.463,33.002
2026-06-07 11:00:00,918.0,30.0,9.19,34.697,33.785
2026-06-07 12:00:00,944.0,31.0,9.82,39.197,29.661
2026-06-07 13:00:00,737.0,31.0,27.1,30.041,33.308
2026-06-07 14:00:00,822.0,30.0,9.34,32.787,32.716
2026-06-07 15:00:00,645.0,29.0,13.32,25.465,31.188
2026-06-07 16:00:00,484.0,28.0,10.23,23.934,31.101
2026-06-07 17:00:00,187.0,27.0,40.28,8.223,29.703
2026-06-07 18:00:00,29.0,26.0,69.21,1.254,34.807
2026-06-07 19:00:00,0.0,25.0,68.17,0.0,36.332
2026-06-07 20:00:00,0.0,24.0,67.12,0.0,36.536
2026-06-07 21:00:00,0.0,24.0,66.08,0.0,33.747
2026-06-07 22:00:00,0.0,24.0,65.03,0.0,26.556
2026-06-07 23:00:00,0.0,24.0,63.99,0.0,15.664
2026-06-08 00:00:00,0.0,24.0,62.94,0.0,10.444
2026-06-08 01:00:00,0.0,24.0,61.9,0.0,10.0
2026-06-08 02:00:00,0.0,24.0,60.85,0.0,10.0
2026-06-08 03:00:00,0.0,23.0,59.81,0.0,11.075
2026-06-08 04:00:00,0.0,24.0,58.76,0.0,11.125
2026-06-08 05:00:00,0.0,24.0,57.72,0.0,11.979
2026-06-08 06:00:00,41.0,24.0,56.67,1.995,14.98
2026-06-08 07:00:00,165.0,26.0,47.36,7.523,24.74
2026-06-08 08:00:00,460.0,28.0,14.71,19.675,34.469
2026-06-08 09:00:00,607.0,30.0,18.43,26.159,39.758
2026-06-08 10:00:00,810.0,31.0,10.66,34.51,36.797
2026-06-08 11:00:00,911.0,32.0,9.87,37.156,44.956
2026-06-08 12:00:00,911.0,31.0,12.96,36.288,40.824
2026-06-08 13:00:00,930.0,30.0,7.99,33.722,38.921
2026-06-08 14:00:00,815.0,29.0,10.11,30.789,34.438
2026-06-08 15:00:00,679.0,28.0,8.76,29.072,36.842
2026-06-08 16:00:00,333.0,27.0,38.26,15.307,34.612
2026-06-08 17:00:00,244.0,26.0,22.16,11.326,35.697
2026-06-08 18:00:00,13.0,25.0,86.26,0.549,40.094
2026-06-08 19:00:00,0.0,25.0,83.81,0.0,41.9
2026-06-08 20:00:00,0.0,25.0,81.36,0.0,42.125
2026-06-08 21:00:00,0.0,25.0,78.91,0.0,37.367
2026-06-08 22:00:00,0.0,25.0,76.46,0.0,31.832
2026-06-08 23:00:00,0.0,25.0,74.01,0.0,19.258
2026-06-09 00:00:00,0.0,25.0,71.56,0.0,13.657
2026-06-09 01:00:00,0.0,25.0,69.11,0.0,12.43
2026-06-09 02:00:00,0.0,24.0,66.66,0.0,11.741
2026-06-09 03:00:00,0.0,24.0,64.21,0.0,10.0
2026-06-09 04:00:00,0.0,24.0,61.76,0.0,10.0
2026-06-09 05:00:00,0.0,24.0,59.31,0.0,10.764
2026-06-09 06:00:00,41.0,24.0,56.86,1.988,19.382
2026-06-09 07:00:00,180.0,26.0,42.64,8.785,24.062
2026-06-09 08:00:00,326.0,27.0,39.58,15.013,31.793
2026-06-09 09:00:00,335.0,29.0,54.99,16.514,34.78
2026-06-09 10:00:00,419.0,30.0,53.78,18.901,36.499
2026-06-09 11:00:00,779.0,30.0,22.92,35.689,36.467
2026-06-09 12:00:00,917.0,29.0,12.38,38.937,33.07
2026-06-09 13:00:00,927.0,28.0,8.28,38.528,30.018
2026-06-09 14:00:00,807.0,28.0,10.98,32.075,35.995
2026-06-09 15:00:00,640.0,27.0,14.0,30.563,33.887
2026-06-09 16:00:00,374.0,26.0,30.68,17.847,32.386
2026-06-09 17:00:00,259.0,25.0,17.46,11.102,35.363
2026-06-09 18:00:00,54.0,25.0,43.18,2.639,40.336
2026-06-09 19:00:00,0.0,24.0,44.68,0.0,42.575
2026-06-09 20:00:00,0.0,24.0,46.19,0.0,42.562
2026-06-09 21:00:00,0.0,24.0,47.69,0.0,37.213
2026-06-09 22:00:00,0.0,25.0,49.19,0.0,31.525
2026-06-09 23:00:00,0.0,24.0,50.7,0.0,16.054
2026-06-10 00:00:00,0.0,24.0,52.2,0.0,11.95
2026-06-10 01:00:00,0.0,24.0,53.7,0.0,10.0
2026-06-10 02:00:00,0.0,24.0,55.21,0.0,10.379
2026-06-10 03:00:00,0.0,24.0,56.71,0.0,11.505
2026-06-10 04:00:00,0.0,24.0,58.21,0.0,11.747
2026-06-10 05:00:00,0.0,24.0,59.72,0.0,12.192
2026-06-10 06:00:00,37.0,24.0,61.22,1.724,17.488
2026-06-10 07:00:00,180.0,25.0,42.69,8.828,19.904
2026-06-10 08:00:00,382.0,27.0,29.22,17.068,33.009
2026-06-10 09:00:00,630.0,29.0,15.35,26.326,34.713
2026-06-10 10:00:00,785.0,30.0,13.41,33.381,37.869
2026-06-10 11:00:00,843.0,29.0,16.58,32.956,34.106
2026-06-10 12:00:00,937.0,29.0,10.45,35.161,32.295
2026-06-10 13:00:00,723.0,29.0,28.46,30.26,37.051
2026-06-10 14:00:00,736.0,28.0,18.81,32.382,32.903
2026-06-10 15:00:00,670.0,27.0,9.98,26.742,39.714
2026-06-10 16:00:00,329.0,26.0,39.04,15.426,35.738
2026-06-10 17:00:00,215.0,26.0,31.55,9.714,36.582
2026-06-10 18:00:00,32.0,25.0,66.46,1.453,41.26
2026-06-10 19:00:00,0.0,25.0,65.43,0.0,42.563
2026-06-10 20:00:00,0.0,25.0,64.39,0.0,40.274
2026-06-10 21:00:00,0.0,25.0,63.36,0.0,40.239
2026-06-10 22:00:00,0.0,24.0,62.32,0.0,33.012
2026-06-10 23:00:00,0.0,24.0,61.29,0.0,13.959
2026-06-11 00:00:00,0.0,24.0,60.25,0.0,12.786
2026-06-11 01:00:00,0.0,24.0,59.22,0.0,10.0
2026-06-11 02:00:00,0.0,24.0,58.19,0.0,11.648
2026-06-11 03:00:00,0.0,24.0,57.15,0.0,10.0
2026-06-11 04:00:00,0.0,24.0,56.12,0.0,11.488
2026-06-11 05:00:00,0.0,24.0,55.08,0.0,11.914
2026-06-11 06:00:00,44.0,24.0,54.05,2.098,15.948
2026-06-11 07:00:00,185.0,26.0,41.15,8.931,25.132
2026-06-11 08:00:00,362.0,27.0,32.95,15.613,34.629
2026-06-11 09:00:00,459.0,29.0,38.33,21.233,41.713
2026-06-11 10:00:00,813.0,30.0,10.31,32.633,39.059
2026-06-11 11:00:00,814.0,31.0,19.44,33.385,35.372
2026-06-11 12:00:00,956.0,31.0,8.63,35.444,36.034
2026-06-11 13:00:00,934.0,30.0,7.57,37.806,34.718
2026-06-11 14:00:00,838.0,29.0,7.56,30.167,42.033
2026-06-11 15:00:00,685.0,29.0,7.97,28.731,35.721
2026-06-11 16:00:00,489.0,28.0,9.42,20.795,35.203
2026-06-11 17:00:00,272.0,26.0,13.47,12.502,36.721
2026-06-11 18:00:00,60.0,25.0,37.34,2.919,37.816
2026-06-11 19:00:00,0.0,25.0,39.44,0.0,42.881
2026-06-11 20:00:00,0.0,25.0,41.54,0.0,42.644
2026-06-11 21:00:00,0.0,25.0,43.64,0.0,39.693
2026-06-11 22:00:00,0.0,24.0,45.74,0.0,32.682
2026-06-11 23:00:00,0.0,24.0,47.83,0.0,17.829
2026-06-12 00:00:00,0.0,24.0,49.93,0.0,10.875
2026-06-12 01:00:00,0.0,24.0,52.03,0.0,10.015
2026-06-12 02:00:00,0.0,24.0,54.13,0.0,10.881
2026-06-12 03:00:00,0.0,24.0,56.23,0.0,11.041
2026-06-12 04:00:00,0.0,24.0,58.33,0.0,11.746
2026-06-12 05:00:00,0.0,24.0,60.43,0.0,10.0
2026-06-12 06:00:00,36.0,24.0,62.53,1.739,15.743
2026-06-12 07:00:00,195.0,26.0,38.02,8.477,23.008
2026-06-12 08:00:00,458.0,28.0,15.19,19.696,32.285
2026-06-12 09:00:00,658.0,30.0,11.6,28.394,36.017
2026-06-12 10:00:00,818.0,31.0,9.76,31.448,41.768
2026-06-12 11:00:00,922.0,32.0,8.75,37.005,46.979
2026-06-12 12:00:00,924.0,32.0,11.68,40.313,41.987
2026-06-12 13:00:00,884.0,32.0,12.51,36.834,36.613
2026-06-12 14:00:00,592.0,31.0,34.69,23.88,38.447
2026-06-12 15:00:00,349.0,30.0,53.11,16.578,39.482
2026-06-12 16:00:00,134.0,29.0,75.19,5.823,38.651
2026-06-12 17:00:00,114.0,27.0,63.76,6.277,36.576
2026-06-12 18:00:00,61.0,26.0,36.5,2.623,43.056
2026-06-12 19:00:00,0.0,26.0,38.94,0.0,43.337
2026-06-12 20:00:00,0.0,25.0,41.38,0.0,41.079
2026-06-12 21:00:00,0.0,25.0,43.82,0.0,38.305
2026-06-12 22:00:00,0.0,25.0,46.25,0.0,31.765
2026-06-12 23:00:00,0.0,25.0,48.69,0.0,17.241
2026-06-13 00:00:00,0.0,25.0,51.13,0.0,12.054
2026-06-13 01:00:00,0.0,25.0,53.56,0.0,10.0
2026-06-13 02:00:00,0.0,25.0,56.0,0.0,10.286
2026-06-13 03:00:00,0.0,25.0,58.44,0.0,11.212
2026-06-13 04:00:00,0.0,24.0,60.88,0.0,11.311
2026-06-13 05:00:00,0.0,24.0,63.31,0.0,10.948
2026-06-13 06:00:00,33.0,25.0,65.75,1.459,16.012
2026-06-13 07:00:00,173.0,27.0,45.05,8.089,21.176
2026-06-13 08:00:00,418.0,28.0,22.61,19.789,26.893
2026-06-13 09:00:00,634.0,30.0,14.83,26.159,31.225
2026-06-13 10:00:00,758.0,30.0,16.37,30.909,32.845
2026-06-13 11:00:00,711.0,30.0,29.62,30.858,32.864
2026-06-13 12:00:00,575.0,29.0,45.03,26.482,29.782
2026-06-13 13:00:00,621.0,29.0,38.53,26.052,30.475
2026-06-13 14:00:00,366.0,28.0,59.62,17.622,32.501
2026-06-13 15:00:00,251.0,27.0,66.28,11.005,31.462
2026-06-13 16:00:00,172.0,26.0,68.16,7.97,30.542
2026-06-13 17:00:00,52.0,26.0,83.48,2.282,29.744
2026-06-13 18:00:00,14.0,25.0,85.47,0.561,33.531
2026-06-13 19:00:00,0.0,25.0,83.58,0.0,36.589
2026-06-13 20:00:00,0.0,25.0,81.68,0.0,36.556
2026-06-13 21:00:00,0.0,25.0,79.79,0.0,34.912
2026-06-13 22:00:00,0.0,25.0,77.89,0.0,29.333
2026-06-13 23:00:00,0.0,24.0,76.0,0.0,14.812
2026-06-14 00:00:00,0.0,24.0,74.1,0.0,10.0
2026-06-14 01:00:00,0.0,24.0,72.21,0.0,13.276
2026-06-14 02:00:00,0.0,24.0,70.31,0.0,10.0
2026-06-14 03:00:00,0.0,24.0,68.42,0.0,10.0
2026-06-14 04:00:00,0.0,24.0,66.52,0.0,10.0
2026-06-14 05:00:00,0.0,23.0,64.63,0.0,10.49
2026-06-14 06:00:00,36.0,24.0,62.73,1.606,16.236
2026-06-14 07:00:00,183.0,25.0,41.91,8.872,20.604
2026-06-14 08:00:00,323.0,27.0,40.21,14.967,29.489
2026-06-14 09:00:00,516.0,28.0,30.69,24.156,29.8
2026-06-14 10:00:00,494.0,29.0,45.5,24.673,32.933
2026-06-14 11:00:00,552.0,29.0,45.36,22.755,30.729
2026-06-14 12:00:00,720.0,29.0,31.16,33.726,29.931
2026-06-14 13:00:00,472.0,28.0,53.28,20.54,30.183
2026-06-14 14:00:00,310.0,28.0,65.8,13.205,31.06
2026-06-14 15:00:00,172.0,27.0,76.9,8.534,30.449
2026-06-14 16:00:00,95.0,26.0,82.42,4.435,31.179
2026-06-14 17:00:00,66.0,26.0,79.05,3.321,32.004
2026-06-14 18:00:00,14.0,25.0,85.51,0.58,32.541
2026-06-14 19:00:00,0.0,24.0,83.96,0.0,35.353
2026-06-14 20:00:00,0.0,24.0,82.41,0.0,34.694
2026-06-14 21:00:00,0.0,24.0,80.87,0.0,32.712
2026-06-14 22:00:00,0.0,24.0,79.32,0.0,28.61
2026-06-14 23:00:00,0.0,24.0,77.78,0.0,14.623
2026-06-15 00:00:00,0.0,23.0,76.23,0.0,10.0
2026-06-15 01:00:00,0.0,23.0,74.68,0.0,10.169
2026-06-15 02:00:00,0.0,23.0,73.14,0.0,10.0
2026-06-15 03:00:00,0.0,23.0,71.59,0.0,10.895
2026-06-15 04:00:00,0.0,23.0,70.04,0.0,11.628
2026-06-15 05:00:00,0.0,23.0,68.5,0.0,10.0
2026-06-15 06:00:00,32.0,24.0,66.95,1.526,14.916
2026-06-15 07:00:00,238.0,25.0,24.49,10.533,24.245
2026-06-15 08:00:00,299.0,27.0,44.67,13.441,28.778
2026-06-15 09:00:00,463.0,28.0,37.81,19.447,42.193
2026-06-15 10:00:00,805.0,28.0,11.18,31.413,35.969
2026-06-15 11:00:00,915.0,29.0,9.42,35.238,41.049
2026-06-15 12:00:00,764.0,29.0,26.95,30.523,33.667
2026-06-15 13:00:00,899.0,28.0,11.0,36.575,36.858
2026-06-15 14:00:00,771.0,28.0,14.93,33.102,42.094
2026-06-15 15:00:00,513.0,27.0,31.09,21.617,45.888
2026-06-15 16:00:00,488.0,26.0,9.69,23.408,46.933
2026-06-15 17:00:00,273.0,25.0,13.39,12.033,40.94
2026-06-15 18:00:00,51.0,25.0,47.33,2.595,38.22
2026-06-15 19:00:00,0.0,24.0,48.37,0.0,42.673
2026-06-15 20:00:00,0.0,24.0,49.41,0.0,40.822
2026-06-15 21:00:00,0.0,24.0,50.44,0.0,39.169
2026-06-15 22:00:00,0.0,23.0,51.48,0.0,32.424
2026-06-15 23:00:00,0.0,23.0,52.52,0.0,16.63
2026-06-16 00:00:00,0.0,23.0,53.56,0.0,12.24
2026-06-16 01:00:00,0.0,23.0,54.6,0.0,11.992
2026-06-16 02:00:00,0.0,23.0,55.64,0.0,10.0
2026-06-16 03:00:00,0.0,23.0,56.68,0.0,10.0
2026-06-16 04:00:00,0.0,23.0,57.72,0.0,10.0
2026-06-16 05:00:00,0.0,23.0,58.76,0.0,10.715
2026-06-16 06:00:00,39.0,23.0,59.8,1.795,14.469
2026-06-16 07:00:00,231.0,24.0,26.75,10.601,23.587
2026-06-16 08:00:00,409.0,24.0,24.32,18.182,32.344
2026-06-16 09:00:00,637.0,25.0,14.44,26.607,30.932
2026-06-16 10:00:00,776.0,27.0,14.38,32.137,34.887
2026-06-16 11:00:00,805.0,28.0,20.3,32.13,40.282
2026-06-16 12:00:00,300.0,30.0,71.31,14.912,39.783
2026-06-16 13:00:00,529.0,30.0,47.63,22.012,37.661
2026-06-16 14:00:00,772.0,29.0,14.82,32.614,35.983
2026-06-16 15:00:00,564.0,28.0,24.24,23.632,44.918
2026-06-16 16:00:00,432.0,27.0,20.06,19.639,35.23
2026-06-16 17:00:00,235.0,25.0,25.48,10.942,35.854
2026-06-16 18:00:00,60.0,24.0,38.15,2.81,39.284
2026-06-16 19:00:00,0.0,23.0,40.05,0.0,39.93
2026-06-16 20:00:00,0.0,23.0,41.94,0.0,42.253
2026-06-16 21:00:00,0.0,23.0,43.84,0.0,40.26
2026-06-16 22:00:00,0.0,23.0,45.73,0.0,33.654
2026-06-16 23:00:00,0.0,23.0,47.63,0.0,18.66
2026-06-17 00:00:00,0.0,23.0,49.52,0.0,13.697
2026-06-17 01:00:00,0.0,22.0,51.42,0.0,12.922
2026-06-17 02:00:00,0.0,22.0,53.31,0.0,10.677
2026-06-17 03:00:00,0.0,22.0,55.21,0.0,10.0
2026-06-17 04:00:00,0.0,22.0,57.1,0.0,10.0
2026-06-17 05:00:00,0.0,22.0,59.0,0.0,11.215
2026-06-17 06:00:00,38.0,23.0,60.89,1.744,16.727
2026-06-17 07:00:00,237.0,25.0,24.87,11.165,23.811
2026-06-17 08:00:00,327.0,26.0,39.5,15.449,27.356
2026-06-17 09:00:00,588.0,28.0,21.02,26.376,33.099
2026-06-17 10:00:00,695.0,30.0,23.31,29.926,43.199
2026-06-17 11:00:00,834.0,30.0,17.43,36.083,35.064
2026-06-17 12:00:00,459.0,29.0,56.11,21.342,34.982
2026-06-17 13:00:00,680.0,28.0,32.67,29.673,41.046
2026-06-17 14:00:00,230.0,27.0,74.62,11.208,35.015
2026-06-17 15:00:00,249.0,27.0,66.55,10.799,37.148
2026-06-17 16:00:00,286.0,26.0,47.09,12.031,34.471
2026-06-17 17:00:00,170.0,25.0,46.11,7.308,35.007
2026-06-17 18:00:00,14.0,24.0,85.59,0.61,39.301
2026-06-17 19:00:00,0.0,24.0,83.88,0.0,42.409
2026-06-17 20:00:00,0.0,24.0,82.17,0.0,41.752
2026-06-17 21:00:00,0.0,23.0,80.46,0.0,40.495
2026-06-17 22:00:00,0.0,23.0,78.75,0.0,28.736
2026-06-17 23:00:00,0.0,23.0,77.04,0.0,17.085
2026-06-18 00:00:00,0.0,23.0,75.32,0.0,11.482
2026-06-18 01:00:00,0.0,23.0,73.61,0.0,10.171
2026-06-18 02:00:00,0.0,23.0,71.9,0.0,10.0
2026-06-18 03:00:00,0.0,23.0,70.19,0.0,10.115
2026-06-18 04:00:00,0.0,23.0,68.48,0.0,10.0
2026-06-18 05:00:00,0.0,23.0,66.77,0.0,13.549
2026-06-18 06:00:00,34.0,23.0,65.06,1.441,16.525
2026-06-18 07:00:00,186.0,25.0,41.06,9.653,22.636
2026-06-18 08:00:00,339.0,26.0,37.29,16.445,27.126
2026-06-18 09:00:00,282.0,28.0,62.12,13.553,34.327
2026-06-18 10:00:00,798.0,30.0,11.95,32.213,42.381
2026-06-18 11:00:00,564.0,31.0,44.16,23.309,36.948
2026-06-18 12:00:00,543.0,31.0,48.07,22.178,37.095
2026-06-18 13:00:00,616.0,30.0,39.01,25.115,34.812
2026-06-18 14:00:00,485.0,29.0,46.48,20.96,36.444
2026-06-18 15:00:00,396.0,27.0,46.81,18.565,36.14
2026-06-18 16:00:00,442.0,26.0,18.23,20.313,32.706
2026-06-18 17:00:00,257.0,25.0,18.56,11.454,32.797
2026-06-18 18:00:00,14.0,24.0,85.61,0.602,41.844
2026-06-18 19:00:00,0.0,24.0,83.9,0.0,42.805
2026-06-18 20:00:00,0.0,24.0,82.19,0.0,39.233
2026-06-18 21:00:00,0.0,24.0,80.48,0.0,36.301
2026-06-18 22:00:00,0.0,24.0,78.77,0.0,32.291
2026-06-18 23:00:00,0.0,23.0,77.06,0.0,14.901
2026-06-19 00:00:00,0.0,23.0,75.35,0.0,10.357
2026-06-19 01:00:00,0.0,23.0,73.64,0.0,10.434
2026-06-19 02:00:00,0.0,23.0,71.93,0.0,10.073
2026-06-19 03:00:00,0.0,23.0,70.22,0.0,11.777
2026-06-19 04:00:00,0.0,23.0,68.51,0.0,13.069
2026-06-19 05:00:00,0.0,23.0,66.8,0.0,10.53
2026-06-19 06:00:00,34.0,23.0,65.09,1.583,14.417
2026-06-19 07:00:00,129.0,24.0,59.13,5.667,23.544
2026-06-19 08:00:00,450.0,25.0,16.76,20.36,37.691
2026-06-19 09:00:00,649.0,26.0,12.83,29.16,31.435
2026-06-19 10:00:00,611.0,26.0,32.58,24.069,34.191
2026-06-19 11:00:00,724.0,26.0,28.31,30.702,32.328
2026-06-19 12:00:00,923.0,27.0,11.73,40.554,33.28
2026-06-19 13:00:00,498.0,27.0,50.69,20.947,35.423
2026-06-19 14:00:00,833.0,28.0,8.08,31.549,34.215
2026-06-19 15:00:00,298.0,27.0,59.97,14.002,34.587
2026-06-19 16:00:00,177.0,26.0,67.26,8.04,35.851
2026-06-19 17:00:00,277.0,25.0,12.24,13.619,46.42
2026-06-19 18:00:00,50.0,24.0,48.66,2.173,38.456
2026-06-19 19:00:00,0.0,23.0,50.12,0.0,38.7
2026-06-19 20:00:00,0.0,23.0,51.57,0.0,40.717
2026-06-19 21:00:00,0.0,23.0,53.03,0.0,38.919
2026-06-19 22:00:00,0.0,23.0,54.49,0.0,32.283
2026-06-19 23:00:00,0.0,23.0,55.94,0.0,16.28
2026-06-20 00:00:00,0.0,22.0,57.4,0.0,12.739
2026-06-20 01:00:00,0.0,22.0,58.86,0.0,10.601
2026-06-20 02:00:00,0.0,22.0,60.31,0.0,10.017
2026-06-20 03:00:00,0.0,22.0,61.77,0.0,10.0
2026-06-20 04:00:00,0.0,22.0,63.23,0.0,10.0
2026-06-20 05:00:00,0.0,22.0,64.68,0.0,11.445
2026-06-20 06:00:00,33.0,23.0,66.14,1.488,15.264
2026-06-20 07:00:00,128.0,24.0,59.45,5.889,19.177
2026-06-20 08:00:00,267.0,25.0,50.61,12.409,25.858
2026-06-20 09:00:00,486.0,27.0,34.72,23.214,28.859
2026-06-20 10:00:00,473.0,27.0,47.81,22.689,29.006
2026-06-20 11:00:00,753.0,27.0,25.44,33.45,29.179
2026-06-20 12:00:00,765.0,27.0,26.84,31.84,30.037
2026-06-20 13:00:00,771.0,27.0,23.66,32.058,28.99
2026-06-20 14:00:00,759.0,26.0,16.25,33.435,28.057
2026-06-20 15:00:00,449.0,26.0,39.69,20.001,28.744
2026-06-20 16:00:00,110.0,25.0,79.65,5.459,29.838
2026-06-20 17:00:00,53.0,24.0,83.21,2.526,30.974
2026-06-20 18:00:00,15.0,24.0,84.61,0.632,34.069
2026-06-20 19:00:00,0.0,23.0,82.81,0.0,35.498
2026-06-20 20:00:00,0.0,23.0,81.02,0.0,35.852
2026-06-20 21:00:00,0.0,23.0,79.23,0.0,35.28
2026-06-20 22:00:00,0.0,23.0,77.43,0.0,28.727
2026-06-20 23:00:00,0.0,23.0,75.64,0.0,15.694
2026-06-21 00:00:00,0.0,22.0,73.84,0.0,11.55
2026-06-21 01:00:00,0.0,22.0,72.05,0.0,10.189
2026-06-21 02:00:00,0.0,22.0,70.25,0.0,10.422
2026-06-21 03:00:00,0.0,22.0,68.46,0.0,10.0
2026-06-21 04:00:00,0.0,22.0,66.66,0.0,10.0
2026-06-21 05:00:00,0.0,22.0,64.87,0.0,11.464
2026-06-21 06:00:00,36.0,23.0,63.07,1.705,15.405
2026-06-21 07:00:00,157.0,24.0,50.27,8.088,20.257
2026-06-21 08:00:00,449.0,26.0,16.95,20.679,28.12
2026-06-21 09:00:00,622.0,28.0,16.46,27.471,28.8
2026-06-21 10:00:00,760.0,29.0,16.14,29.388,28.9
2026-06-21 11:00:00,906.0,29.0,10.29,34.741,30.814
2026-06-21 12:00:00,786.0,29.0,24.83,33.074,28.813
2026-06-21 13:00:00,886.0,28.0,12.27,39.609,30.529
2026-06-21 14:00:00,833.0,28.0,8.08,35.982,29.331
2026-06-21 15:00:00,350.0,27.0,52.99,15.718,32.079
2026-06-21 16:00:00,409.0,27.0,24.35,17.756,32.869
2026-06-21 17:00:00,148.0,26.0,53.12,7.555,29.885
2026-06-21 18:00:00,52.0,25.0,46.66,2.254,33.399
2026-06-21 19:00:00,0.0,24.0,48.63,0.0,36.578
2026-06-21 20:00:00,0.0,24.0,50.59,0.0,36.792
2026-06-21 21:00:00,0.0,23.0,52.56,0.0,30.552
2026-06-21 22:00:00,0.0,23.0,54.53,0.0,28.434
2026-06-21 23:00:00,0.0,23.0,56.49,0.0,12.253
2026-06-22 00:00:00,0.0,23.0,58.46,0.0,10.032
2026-06-22 01:00:00,0.0,23.0,60.42,0.0,12.031
2026-06-22 02:00:00,0.0,23.0,62.39,0.0,14.414
2026-06-22 03:00:00,0.0,23.0,64.36,0.0,10.0
2026-06-22 04:00:00,0.0,23.0,66.32,0.0,10.0
2026-06-22 05:00:00,0.0,23.0,68.29,0.0,10.481
2026-06-22 06:00:00,29.0,23.0,70.25,1.249,16.092
2026-06-22 07:00:00,109.0,24.0,65.48,5.056,22.062
2026-06-22 08:00:00,166.0,25.0,69.3,8.357,27.955
2026-06-22 09:00:00,343.0,26.0,53.93,15.662,31.402
2026-06-22 10:00:00,528.0,27.0,41.74,22.448,34.304
2026-06-22 11:00:00,694.0,27.0,31.28,29.965,34.013
2026-06-22 12:00:00,713.0,28.0,31.81,30.063,32.766
2026-06-22 13:00:00,764.0,28.0,24.35,35.645,32.862
2026-06-22 14:00:00,308.0,27.0,66.01,14.753,37.286
2026-06-22 15:00:00,149.0,27.0,79.99,6.443,33.351
2026-06-22 16:00:00,239.0,26.0,55.79,12.381,34.01
2026-06-22 17:00:00,192.0,25.0,39.19,8.46,35.651
2026-06-22 18:00:00,21.0,24.0,78.46,0.958,38.678
2026-06-22 19:00:00,0.0,24.0,78.63,0.0,39.045
2026-06-22 20:00:00,0.0,24.0,78.8,0.0,42.435
2026-06-22 21:00:00,0.0,24.0,78.97,0.0,39.083
2026-06-22 22:00:00,0.0,24.0,79.14,0.0,30.064
2026-06-22 23:00:00,0.0,24.0,79.31,0.0,15.988
2026-06-23 00:00:00,0.0,24.0,79.48,0.0,10.0
2026-06-23 01:00:00,0.0,24.0,79.65,0.0,11.448
2026-06-23 02:00:00,0.0,24.0,79.82,0.0,10.0
2026-06-23 03:00:00,0.0,24.0,79.99,0.0,10.098
2026-06-23 04:00:00,0.0,24.0,80.16,0.0,10.235
2026-06-23 05:00:00,0.0,24.0,80.34,0.0,10.0
2026-06-23 06:00:00,19.0,25.0,80.51,0.859,18.718
2026-06-23 07:00:00,112.0,25.0,64.52,5.231,24.677
2026-06-23 08:00:00,254.0,26.0,53.02,10.994,28.954
2026-06-23 09:00:00,395.0,28.0,46.95,14.946,33.769
2026-06-23 10:00:00,508.0,28.0,43.94,22.085,35.864
2026-06-23 11:00:00,651.0,28.0,35.54,28.01,35.078
2026-06-23 12:00:00,501.0,28.0,52.08,21.59,36.179
2026-06-23 13:00:00,259.0,27.0,74.35,11.956,37.135
2026-06-23 14:00:00,359.0,26.0,60.39,14.413,36.523
2026-06-23 15:00:00,208.0,25.0,72.06,8.861,32.434
2026-06-23 16:00:00,166.0,24.0,69.3,8.212,32.115
2026-06-23 17:00:00,72.0,24.0,77.19,3.554,30.901
2026-06-23 18:00:00,15.0,24.0,84.61,0.631,40.747
2026-06-23 19:00:00,0.0,24.0,83.5,0.0,41.005
2026-06-23 20:00:00,0.0,24.0,82.38,0.0,42.225
2026-06-23 21:00:00,0.0,24.0,81.27,0.0,40.007
2026-06-23 22:00:00,0.0,24.0,80.16,0.0,30.487
2026-06-23 23:00:00,0.0,24.0,79.04,0.0,15.197
2026-06-24 00:00:00,0.0,23.0,77.93,0.0,13.243
2026-06-24 01:00:00,0.0,23.0,76.82,0.0,10.402
2026-06-24 02:00:00,0.0,23.0,75.71,0.0,10.0
2026-06-24 03:00:00,0.0,23.0,74.59,0.0,10.0
2026-06-24 04:00:00,0.0,23.0,73.48,0.0,10.302
2026-06-24 05:00:00,0.0,23.0,72.37,0.0,13.311
2026-06-24 06:00:00,28.0,24.0,71.25,1.202,16.96
2026-06-24 07:00:00,121.0,25.0,61.67,6.17,24.004
2026-06-24 08:00:00,183.0,26.0,66.15,8.392,32.224
2026-06-24 09:00:00,137.0,27.0,81.6,5.806,34.704
2026-06-24 10:00:00,368.0,27.0,59.39,17.815,38.218
2026-06-24 11:00:00,623.0,28.0,38.31,27.123,47.905
2026-06-24 12:00:00,398.0,28.0,61.94,16.553,43.053
2026-06-24 13:00:00,646.0,28.0,36.04,30.582,35.337
2026-06-24 14:00:00,450.0,27.0,50.35,20.732,38.024
2026-06-24 15:00:00,335.0,26.0,55.0,15.676,35.264
2026-06-24 16:00:00,104.0,25.0,80.76,4.893,33.902
2026-06-24 17:00:00,225.0,24.0,28.72,10.354,34.646
2026-06-24 18:00:00,58.0,24.0,40.45,2.773,42.346
2026-06-24 19:00:00,0.0,23.0,43.1,0.0,42.833
2026-06-24 20:00:00,0.0,23.0,45.75,0.0,41.668
2026-06-24 21:00:00,0.0,23.0,48.4,0.0,37.415
2026-06-24 22:00:00,0.0,23.0,51.05,0.0,32.264
2026-06-24 23:00:00,0.0,23.0,53.7,0.0,15.089
2026-06-25 00:00:00,0.0,23.0,56.35,0.0,12.042
2026-06-25 01:00:00,0.0,22.0,59.0,0.0,11.707
2026-06-25 02:00:00,0.0,22.0,61.65,0.0,10.0
2026-06-25 03:00:00,0.0,22.0,64.3,0.0,12.529
2026-06-25 04:00:00,0.0,22.0,66.95,0.0,12.632
2026-06-25 05:00:00,0.0,23.0,69.6,0.0,11.41
2026-06-25 06:00:00,27.0,23.0,72.25,1.272,16.792
2026-06-25 07:00:00,191.0,25.0,39.48,9.371,22.926
2026-06-25 08:00:00,142.0,26.0,73.73,7.075,29.619
2026-06-25 09:00:00,376.0,27.0,49.5,15.883,36.984
2026-06-25 10:00:00,514.0,28.0,43.28,22.76,33.83
2026-06-25 11:00:00,874.0,28.0,13.46,34.817,34.854
2026-06-25 12:00:00,629.0,28.0,39.85,27.912,31.675
2026-06-25 13:00:00,683.0,28.0,32.37,26.558,44.608
2026-06-25 14:00:00,543.0,27.0,40.08,22.565,34.881
2026-06-25 15:00:00,550.0,26.0,26.13,26.67,37.989
2026-06-25 16:00:00,264.0,25.0,51.16,13.007,30.474
2026-06-25 17:00:00,245.0,24.0,22.36,11.441,39.004
2026-06-25 18:00:00,43.0,23.0,55.81,2.074,37.049
2026-06-25 19:00:00,0.0,23.0,56.41,0.0,40.647
2026-06-25 20:00:00,0.0,23.0,57.0,0.0,43.033
2026-06-25 21:00:00,0.0,23.0,57.6,0.0,35.092
2026-06-25 22:00:00,0.0,23.0,58.19,0.0,30.857
2026-06-25 23:00:00,0.0,22.0,58.79,0.0,17.661
2026-06-26 00:00:00,0.0,22.0,59.39,0.0,10.0
2026-06-26 01:00:00,0.0,22.0,59.98,0.0,10.0
2026-06-26 02:00:00,0.0,22.0,60.58,0.0,13.045
2026-06-26 03:00:00,0.0,22.0,61.17,0.0,10.73
2026-06-26 04:00:00,0.0,22.0,61.77,0.0,11.808
2026-06-26 05:00:00,0.0,22.0,62.36,0.0,11.893
2026-06-26 06:00:00,36.0,23.0,62.96,1.761,16.226
2026-06-26 07:00:00,196.0,25.0,37.87,9.889,25.52
2026-06-26 08:00:00,430.0,26.0,20.45,18.724,32.667
2026-06-26 09:00:00,252.0,27.0,66.15,12.77,30.393
2026-06-26 10:00:00,739.0,28.0,18.46,33.422,40.535
2026-06-26 11:00:00,914.0,29.0,9.51,39.746,40.449
2026-06-26 12:00:00,883.0,28.0,15.56,35.831,33.399
2026-06-26 13:00:00,759.0,28.0,24.85,32.245,35.173
2026-06-26 14:00:00,402.0,27.0,55.64,18.098,33.81
2026-06-26 15:00:00,515.0,27.0,30.83,23.88,37.446
2026-06-26 16:00:00,429.0,26.0,20.63,19.889,36.54
2026-06-26 17:00:00,157.0,25.0,50.23,7.224,36.661
2026-06-26 18:00:00,15.0,24.0,84.57,0.634,37.321
2026-06-26 19:00:00,0.0,23.0,83.88,0.0,40.371
2026-06-26 20:00:00,0.0,23.0,83.19,0.0,39.987
2026-06-26 21:00:00,0.0,23.0,82.5,0.0,40.352
2026-06-26 22:00:00,0.0,23.0,81.81,0.0,30.646
2026-06-26 23:00:00,0.0,23.0,81.12,0.0,15.187
2026-06-27 00:00:00,0.0,23.0,80.43,0.0,10.0
2026-06-27 01:00:00,0.0,23.0,79.74,0.0,14.264
2026-06-27 02:00:00,0.0,23.0,79.05,0.0,10.0
2026-06-27 03:00:00,0.0,23.0,78.36,0.0,10.906
2026-06-27 04:00:00,0.0,23.0,77.68,0.0,10.0
2026-06-27 05:00:00,0.0,23.0,76.99,0.0,12.327
2026-06-27 06:00:00,23.0,24.0,76.3,0.948,12.437
2026-06-27 07:00:00,152.0,25.0,51.8,7.296,20.039
2026-06-27 08:00:00,284.0,26.0,47.45,12.368,25.646
2026-06-27 09:00:00,645.0,26.0,13.36,28.06,28.616
2026-06-27 10:00:00,388.0,27.0,57.19,18.587,28.77
2026-06-27 11:00:00,911.0,27.0,9.81,37.249,32.424
2026-06-27 12:00:00,361.0,27.0,65.48,16.158,30.175
2026-06-27 13:00:00,612.0,26.0,39.41,28.616,27.591
2026-06-27 14:00:00,587.0,26.0,35.23,24.742,30.281
2026-06-27 15:00:00,678.0,25.0,8.93,32.874,28.649
2026-06-27 16:00:00,373.0,25.0,30.98,16.562,29.193
2026-06-27 17:00:00,132.0,24.0,58.14,5.902,30.934
2026-06-27 18:00:00,48.0,24.0,50.53,2.101,30.346
2026-06-27 19:00:00,0.0,24.0,52.76,0.0,36.859
2026-06-27 20:00:00,0.0,24.0,54.99,0.0,34.422
2026-06-27 21:00:00,0.0,24.0,57.22,0.0,32.37
2026-06-27 22:00:00,0.0,23.0,59.45,0.0,30.781
2026-06-27 23:00:00,0.0,23.0,61.68,0.0,14.586
2026-06-28 00:00:00,0.0,23.0,63.91,0.0,11.994
2026-06-28 01:00:00,0.0,23.0,66.14,0.0,10.801
2026-06-28 02:00:00,0.0,23.0,68.37,0.0,10.7
2026-06-28 03:00:00,0.0,23.0,70.6,0.0,10.0
2026-06-28 04:00:00,0.0,23.0,72.83,0.0,10.0
2026-06-28 05:00:00,0.0,23.0,75.05,0.0,13.123
2026-06-28 06:00:00,22.0,23.0,77.28,0.961,16.223
2026-06-28 07:00:00,39.0,24.0,87.63,1.904,19.96
2026-06-28 08:00:00,214.0,26.0,60.4,11.201,25.206
2026-06-28 09:00:00,307.0,27.0,58.76,13.596,28.242
2026-06-28 10:00:00,683.0,27.0,24.64,29.308,31.254
2026-06-28 11:00:00,401.0,27.0,60.3,17.459,31.94
2026-06-28 12:00:00,477.0,27.0,54.39,20.506,30.247
2026-06-28 13:00:00,367.0,27.0,63.67,17.307,27.043
2026-06-28 14:00:00,295.0,26.0,67.45,14.139,29.939
2026-06-28 15:00:00,202.0,26.0,72.87,9.18,31.775
2026-06-28 16:00:00,105.0,25.0,80.57,4.936,30.263
2026-06-28 17:00:00,113.0,25.0,64.15,5.593,33.202
2026-06-28 18:00:00,30.0,24.0,69.02,1.262,31.931
2026-06-28 19:00:00,0.0,24.0,69.54,0.0,36.789
2026-06-28 20:00:00,0.0,24.0,70.05,0.0,33.992
2026-06-28 21:00:00,0.0,24.0,70.56,0.0,34.852
2026-06-28 22:00:00,0.0,24.0,71.07,0.0,28.898
2026-06-28 23:00:00,0.0,24.0,71.58,0.0,17.852
2026-06-29 00:00:00,0.0,24.0,72.09,0.0,11.5
2026-06-29 01:00:00,0.0,23.0,72.61,0.0,10.0
2026-06-29 02:00:00,0.0,23.0,73.12,0.0,10.0
2026-06-29 03:00:00,0.0,23.0,73.63,0.0,10.0
2026-06-29 04:00:00,0.0,23.0,74.14,0.0,10.0
2026-06-29 05:00:00,0.0,23.0,74.65,0.0,13.086
2026-06-29 06:00:00,24.0,23.0,75.16,1.045,17.786
2026-06-29 07:00:00,43.0,23.0,86.35,1.935,20.905
2026-06-29 08:00:00,139.0,24.0,74.27,6.426,33.151
2026-06-29 09:00:00,286.0,24.0,61.58,13.291,36.243
2026-06-29 10:00:00,393.0,25.0,56.64,19.529,31.156
2026-06-29 11:00:00,451.0,25.0,55.35,22.002,33.364
2026-06-29 12:00:00,460.0,26.0,56.02,20.226,34.545
2026-06-29 13:00:00,477.0,26.0,52.78,20.558,33.549
2026-06-29 14:00:00,357.0,26.0,60.61,16.349,34.586
2026-06-29 15:00:00,316.0,25.0,57.55,14.87,32.244
2026-06-29 16:00:00,341.0,25.0,36.88,15.356,34.301
2026-06-29 17:00:00,217.0,24.0,31.12,10.735,32.928
2026-06-29 18:00:00,21.0,24.0,78.27,0.909,39.335
2026-06-29 19:00:00,0.0,23.0,78.96,0.0,41.961
2026-06-29 20:00:00,0.0,23.0,79.64,0.0,42.344
2026-06-29 21:00:00,0.0,23.0,80.33,0.0,40.339
2026-06-29 22:00:00,0.0,23.0,81.02,0.0,32.965
2026-06-29 23:00:00,0.0,23.0,81.7,0.0,15.296
2026-06-30 00:00:00,0.0,23.0,82.39,0.0,10.0
2026-06-30 01:00:00,0.0,23.0,83.08,0.0,11.228
2026-06-30 02:00:00,0.0,23.0,83.76,0.0,12.301
2026-06-30 03:00:00,0.0,23.0,84.45,0.0,10.165
2026-06-30 04:00:00,0.0,23.0,85.14,0.0,10.0
2026-06-30 05:00:00,0.0,23.0,85.83,0.0,14.119
2026-06-30 06:00:00,13.0,24.0,86.51,0.545,16.685
2026-06-30 07:00:00,94.0,24.0,70.14,4.683,23.24
2026-06-30 08:00:00,197.0,25.0,63.53,8.927,27.615
2026-06-30 09:00:00,344.0,26.0,53.79,15.23,32.023
2026-06-30 10:00:00,303.0,26.0,66.57,15.251,40.729
2026-06-30 11:00:00,173.0,26.0,82.88,8.418,34.204
2026-06-30 12:00:00,228.0,26.0,78.2,11.673,36.154
2026-06-30 13:00:00,187.0,26.0,81.49,9.234,32.22
2026-06-30 14:00:00,178.0,25.0,80.36,9.017,31.088
2026-06-30 15:00:00,153.0,25.0,79.45,7.175,45.58
2026-06-30 16:00:00,228.0,24.0,57.79,10.634,40.743
2026-06-30 17:00:00,124.0,24.0,60.62,5.557,38.505
2026-06-30 18:00:00,15.0,23.0,84.44,0.626,37.364
2026-06-30 19:00:00,0.0,23.0,83.65,0.0,41.889
2026-06-30 20:00:00,0.0,23.0,82.87,0.0,40.31
2026-06-30 21:00:00,0.0,23.0,82.08,0.0,37.914
2026-06-30 22:00:00,0.0,23.0,81.3,0.0,30.411
2026-06-30 23:00:00,0.0,23.0,80.52,0.0,15.084
2026-07-01 00:00:00,0.0,23.0,79.73,0.0,11.028
2026-07-01 01:00:00,0.0,24.0,78.95,0.0,10.126
2026-07-01 02:00:00,0.0,24.0,78.16,0.0,13.695
2026-07-01 03:00:00,0.0,24.0,77.38,0.0,11.032
2026-07-01 04:00:00,0.0,24.0,76.6,0.0,10.0
2026-07-01 05:00:00,0.0,23.0,75.81,0.0,10.0
2026-07-01 06:00:00,24.0,24.0,75.03,1.034,16.557
2026-07-01 07:00:00,102.0,25.0,67.58,4.793,23.194
2026-07-01 08:00:00,241.0,26.0,55.37,11.87,31.864
2026-07-01 09:00:00,476.0,27.0,36.05,18.867,40.562
2026-07-01 10:00:00,799.0,28.0,11.85,32.868,31.724
2026-07-01 11:00:00,906.0,29.0,10.33,37.991,34.323
2026-07-01 12:00:00,949.0,29.0,9.28,41.232,33.805
2026-07-01 13:00:00,924.0,29.0,8.55,33.805,35.169
2026-07-01 14:00:00,732.0,28.0,19.25,29.487,32.726
2026-07-01 15:00:00,517.0,27.0,30.55,23.352,34.964
2026-07-01 16:00:00,494.0,26.0,8.52,22.506,33.129
2026-07-01 17:00:00,201.0,25.0,36.12,9.664,34.759
2026-07-01 18:00:00,22.0,24.0,77.11,0.862,39.518
2026-07-01 19:00:00,0.0,24.0,76.93,0.0,43.546
2026-07-01 20:00:00,0.0,24.0,76.75,0.0,41.344
2026-07-01 21:00:00,0.0,24.0,76.57,0.0,37.357
2026-07-01 22:00:00,0.0,24.0,76.39,0.0,34.09
2026-07-01 23:00:00,0.0,24.0,76.21,0.0,16.244
2026-07-02 00:00:00,0.0,24.0,76.03,0.0,11.883
2026-07-02 01:00:00,0.0,24.0,75.85,0.0,10.0
2026-07-02 02:00:00,0.0,23.0,75.67,0.0,10.327
2026-07-02 03:00:00,0.0,23.0,75.49,0.0,10.0
2026-07-02 04:00:00,0.0,23.0,75.31,0.0,10.951
2026-07-02 05:00:00,0.0,23.0,75.13,0.0,12.325
2026-07-02 06:00:00,24.0,24.0,74.95,1.162,15.307
2026-07-02 07:00:00,97.0,24.0,69.15,4.189,22.229
2026-07-02 08:00:00,135.0,26.0,74.99,5.69,30.5
2026-07-02 09:00:00,229.0,27.0,69.23,10.821,36.21
2026-07-02 10:00:00,348.0,28.0,61.61,15.724,32.375
2026-07-02 11:00:00,553.0,29.0,45.27,23.656,40.244
2026-07-02 12:00:00,358.0,29.0,65.78,16.581,34.599
2026-07-02 13:00:00,340.0,28.0,66.35,16.808,33.62
2026-07-02 14:00:00,271.0,28.0,70.1,13.081,34.929
2026-07-02 15:00:00,241.0,27.0,67.62,10.828,35.675
2026-07-02 16:00:00,341.0,26.0,36.84,15.455,34.775
2026-07-02 17:00:00,134.0,25.0,57.38,6.515,33.178
2026-07-02 18:00:00,20.0,24.0,79.12,0.834,38.106
2026-07-02 19:00:00,0.0,23.0,78.85,0.0,42.319
2026-07-02 20:00:00,0.0,23.0,78.59,0.0,41.191
2026-07-02 21:00:00,0.0,23.0,78.32,0.0,37.73
2026-07-02 22:00:00,0.0,23.0,78.05,0.0,30.902
2026-07-02 23:00:00,0.0,22.0,77.78,0.0,17.365
2026-07-03 00:00:00,0.0,22.0,77.51,0.0,10.49
2026-07-03 01:00:00,0.0,22.0,77.25,0.0,11.554
2026-07-03 02:00:00,0.0,22.0,76.98,0.0,11.431
2026-07-03 03:00:00,0.0,22.0,76.71,0.0,10.0
2026-07-03 04:00:00,0.0,22.0,76.44,0.0,11.83
2026-07-03 05:00:00,0.0,22.0,76.17,0.0,11.394
2026-07-03 06:00:00,23.0,22.0,75.9,1.001,16.375
2026-07-03 07:00:00,79.0,23.0,74.85,3.763,19.936
2026-07-03 08:00:00,180.0,24.0,66.65,8.288,27.141
2026-07-03 09:00:00,374.0,25.0,49.75,17.251,29.967
2026-07-03 10:00:00,365.0,26.0,59.74,16.221,41.105
2026-07-03 11:00:00,417.0,26.0,58.74,20.158,33.66
2026-07-03 12:00:00,430.0,27.0,58.91,19.483,33.467
2026-07-03 13:00:00,524.0,27.0,48.15,23.635,33.45
2026-07-03 14:00:00,638.0,27.0,29.62,26.889,32.491
2026-07-03 15:00:00,456.0,26.0,38.73,20.839,34.968
2026-07-03 16:00:00,258.0,25.0,52.2,11.978,36.783
2026-07-03 17:00:00,90.0,24.0,71.35,4.263,37.505
2026-07-03 18:00:00,14.0,23.0,85.33,0.65,38.071
2026-07-03 19:00:00,0.0,23.0,84.36,0.0,40.541
2026-07-03 20:00:00,0.0,22.0,83.4,0.0,41.12
2026-07-03 21:00:00,0.0,22.0,82.43,0.0,37.764
2026-07-03 22:00:00,0.0,22.0,81.46,0.0,29.578
2026-07-03 23:00:00,0.0,22.0,80.49,0.0,14.461
2026-07-04 00:00:00,0.0,22.0,79.52,0.0,12.084
2026-07-04 01:00:00,0.0,22.0,78.55,0.0,12.205
2026-07-04 02:00:00,0.0,22.0,77.58,0.0,12.404
2026-07-04 03:00:00,0.0,22.0,76.61,0.0,10.481
2026-07-04 04:00:00,0.0,21.0,75.64,0.0,10.0
2026-07-04 05:00:00,0.0,21.0,74.68,0.0,10.371
2026-07-04 06:00:00,25.0,22.0,73.71,1.041,12.832
2026-07-04 07:00:00,168.0,23.0,46.47,8.123,18.518
2026-07-04 08:00:00,362.0,24.0,32.91,15.96,25.527
2026-07-04 09:00:00,373.0,25.0,49.88,17.198,28.315
2026-07-04 10:00:00,611.0,27.0,32.6,26.877,32.622
2026-07-04 11:00:00,695.0,28.0,31.23,29.197,30.924
2026-07-04 12:00:00,689.0,29.0,34.16,28.93,29.069
2026-07-04 13:00:00,659.0,29.0,34.8,27.854,30.635
2026-07-04 14:00:00,678.0,28.0,25.21,27.524,29.989
2026-07-04 15:00:00,557.0,27.0,25.16,24.161,30.012
2026-07-04 16:00:00,422.0,26.0,21.79,19.272,31.251
2026-07-04 17:00:00,281.0,25.0,10.46,12.998,28.73
2026-07-04 18:00:00,61.0,24.0,35.85,2.988,33.963
2026-07-04 19:00:00,0.0,23.0,38.73,0.0,36.742
2026-07-04 20:00:00,0.0,23.0,41.61,0.0,37.408
2026-07-04 21:00:00,0.0,23.0,44.49,0.0,33.805
2026-07-04 22:00:00,0.0,23.0,47.37,0.0,29.5
2026-07-04 23:00:00,0.0,23.0,50.25,0.0,14.709
2026-07-05 00:00:00,0.0,22.0,53.14,0.0,10.23
2026-07-05 01:00:00,0.0,22.0,56.02,0.0,12.297
2026-07-05 02:00:00,0.0,22.0,58.9,0.0,10.0
2026-07-05 03:00:00,0.0,22.0,61.78,0.0,10.0
2026-07-05 04:00:00,0.0,22.0,64.66,0.0,11.99
2026-07-05 05:00:00,0.0,22.0,67.55,0.0,10.688
2026-07-05 06:00:00,28.0,23.0,70.43,1.363,14.52
2026-07-05 07:00:00,178.0,24.0,43.22,9.001,20.289
2026-07-05 08:00:00,405.0,26.0,24.91,17.959,26.834
2026-07-05 09:00:00,636.0,27.0,14.54,26.417,30.581
2026-07-05 10:00:00,798.0,28.0,11.98,33.39,31.924
2026-07-05 11:00:00,906.0,29.0,10.37,36.006,31.806
2026-07-05 12:00:00,949.0,29.0,9.33,38.132,32.499
2026-07-05 13:00:00,580.0,28.0,42.62,26.033,30.535
2026-07-05 14:00:00,728.0,27.0,19.7,33.73,30.837
2026-07-05 15:00:00,405.0,26.0,45.58,20.785,28.51
2026-07-05 16:00:00,496.0,25.0,8.04,22.419,32.454
2026-07-05 17:00:00,239.0,24.0,23.77,10.871,29.988
2026-07-05 18:00:00,61.0,24.0,35.57,2.803,29.932
2026-07-05 19:00:00,0.0,23.0,38.29,0.0,38.153
2026-07-05 20:00:00,0.0,23.0,41.01,0.0,35.427
2026-07-05 21:00:00,0.0,23.0,43.72,0.0,32.816
2026-07-05 22:00:00,0.0,23.0,46.44,0.0,27.192
2026-07-05 23:00:00,0.0,23.0,49.16,0.0,15.945
2026-07-06 00:00:00,0.0,23.0,51.87,0.0,10.0
2026-07-06 01:00:00,0.0,23.0,54.59,0.0,10.0
2026-07-06 02:00:00,0.0,23.0,57.3,0.0,10.0
2026-07-06 03:00:00,0.0,23.0,60.02,0.0,10.0
2026-07-06 04:00:00,0.0,23.0,62.74,0.0,10.0
2026-07-06 05:00:00,0.0,23.0,65.45,0.0,12.394
2026-07-06 06:00:00,30.0,23.0,68.17,1.403,16.379
2026-07-06 07:00:00,89.0,25.0,71.58,4.162,24.3
2026-07-06 08:00:00,373.0,26.0,30.82,18.53,30.855
2026-07-06 09:00:00,584.0,27.0,21.52,26.798,41.219
2026-07-06 10:00:00,705.0,27.0,22.24,30.116,32.322
2026-07-06 11:00:00,826.0,27.0,18.29,34.085,36.777
2026-07-06 12:00:00,802.0,27.0,23.38,34.56,34.549
2026-07-06 13:00:00,638.0,26.0,36.89,25.807,34.558
2026-07-06 14:00:00,753.0,26.0,16.95,34.961,34.148
2026-07-06 15:00:00,659.0,26.0,11.44,27.209,33.355
2026-07-06 16:00:00,455.0,25.0,15.61,20.273,30.963
2026-07-06 17:00:00,239.0,24.0,23.68,10.576,32.279
2026-07-06 18:00:00,70.0,24.0,25.73,3.266,39.891
2026-07-06 19:00:00,0.0,24.0,30.14,0.0,41.358
2026-07-06 20:00:00,0.0,24.0,34.55,0.0,40.412
2026-07-06 21:00:00,0.0,24.0,38.97,0.0,35.006
2026-07-06 22:00:00,0.0,24.0,43.38,0.0,31.982
2026-07-06 23:00:00,0.0,24.0,47.79,0.0,14.986
2026-07-07 00:00:00,0.0,23.0,52.2,0.0,10.0
2026-07-07 01:00:00,0.0,23.0,56.61,0.0,11.69
2026-07-07 02:00:00,0.0,23.0,61.03,0.0,10.0
2026-07-07 03:00:00,0.0,23.0,65.44,0.0,10.0
2026-07-07 04:00:00,0.0,23.0,69.85,0.0,10.76
2026-07-07 05:00:00,0.0,23.0,74.26,0.0,12.421
2026-07-07 06:00:00,20.0,23.0,78.67,0.911,15.436
2026-07-07 07:00:00,154.0,24.0,50.77,6.639,25.054
2026-07-07 08:00:00,322.0,25.0,40.25,14.995,27.46
2026-07-07 09:00:00,0.0,26.0,34.06,0.0,29.964
2026-07-07 10:00:00,654.0,27.0,27.87,30.081,31.595
2026-07-07 11:00:00,879.0,27.0,13.06,36.554,31.937
2026-07-07 12:00:00,788.0,27.0,24.73,30.117,38.408
2026-07-07 13:00:00,821.0,27.0,18.8,35.049,31.681
2026-07-07 14:00:00,346.0,26.0,61.84,14.879,30.726
2026-07-07 15:00:00,223.0,26.0,70.03,10.802,34.532
2026-07-07 16:00:00,366.0,25.0,32.09,16.212,40.732
2026-07-07 17:00:00,210.0,24.0,32.87,10.012,35.471
2026-07-07 18:00:00,74.0,24.0,21.1,3.404,40.225
2026-07-07 19:00:00,0.0,24.0,25.35,0.0,40.215
2026-07-07 20:00:00,0.0,24.0,29.6,0.0,41.387
2026-07-07 21:00:00,0.0,24.0,33.86,0.0,39.196
2026-07-07 22:00:00,0.0,23.0,38.11,0.0,31.335
2026-07-07 23:00:00,0.0,23.0,42.36,0.0,16.731
2026-07-08 00:00:00,0.0,23.0,46.61,0.0,10.0
2026-07-08 01:00:00,0.0,23.0,50.87,0.0,10.0
2026-07-08 02:00:00,0.0,23.0,55.12,0.0,10.721
2026-07-08 03:00:00,0.0,23.0,59.37,0.0,12.311
2026-07-08 04:00:00,0.0,23.0,63.63,0.0,12.112
2026-07-08 05:00:00,0.0,23.0,67.88,0.0,12.125
2026-07-08 06:00:00,26.0,23.0,72.13,1.218,16.112
2026-07-08 07:00:00,208.0,24.0,33.42,9.396,22.895
2026-07-08 08:00:00,252.0,25.0,53.22,11.11,31.903
2026-07-08 09:00:00,336.0,26.0,54.84,14.84,30.83
2026-07-08 10:00:00,304.0,26.0,66.47,13.419,31.876
2026-07-08 11:00:00,423.0,26.0,58.17,19.647,34.305
2026-07-08 12:00:00,698.0,26.0,33.34,31.136,33.823
2026-07-08 13:00:00,838.0,26.0,17.13,34.715,33.331
2026-07-08 14:00:00,738.0,26.0,18.61,31.379,34.356
2026-07-08 15:00:00,688.0,25.0,7.52,30.929,33.351
2026-07-08 16:00:00,441.0,24.0,18.14,19.726,32.124
2026-07-08 17:00:00,187.0,24.0,40.14,9.54,33.93
2026-07-08 18:00:00,63.0,23.0,32.47,2.848,37.985
2026-07-08 19:00:00,0.0,23.0,35.58,0.0,42.421
2026-07-08 20:00:00,0.0,23.0,38.7,0.0,40.497
2026-07-08 21:00:00,0.0,23.0,41.81,0.0,38.362
2026-07-08 22:00:00,0.0,22.0,44.92,0.0,32.971
2026-07-08 23:00:00,0.0,22.0,48.03,0.0,15.462
2026-07-09 00:00:00,0.0,22.0,51.14,0.0,12.15
2026-07-09 01:00:00,0.0,22.0,54.26,0.0,10.0
2026-07-09 02:00:00,0.0,22.0,57.37,0.0,10.629
2026-07-09 03:00:00,0.0,22.0,60.48,0.0,10.073
2026-07-09 04:00:00,0.0,22.0,63.59,0.0,11.658
2026-07-09 05:00:00,0.0,22.0,66.71,0.0,10.0
2026-07-09 06:00:00,28.0,23.0,69.82,1.293,13.857
2026-07-09 07:00:00,201.0,24.0,35.58,9.302,24.05
2026-07-09 08:00:00,365.0,25.0,32.21,16.312,28.703
2026-07-09 09:00:00,631.0,26.0,15.17,27.534,31.873
2026-07-09 10:00:00,795.0,27.0,12.33,31.278,32.826
2026-07-09 11:00:00,803.0,27.0,20.6,34.896,35.528
2026-07-09 12:00:00,766.0,27.0,26.86,33.87,33.669
2026-07-09 13:00:00,561.0,27.0,44.53,24.918,33.387
2026-07-09 14:00:00,837.0,27.0,7.7,36.943,38.783
2026-07-09 15:00:00,414.0,26.0,44.34,18.365,34.702
2026-07-09 16:00:00,374.0,25.0,30.54,15.932,39.002
2026-07-09 17:00:00,216.0,24.0,30.77,10.228,33.078
2026-07-09 18:00:00,46.0,23.0,50.41,2.317,37.089
2026-07-09 19:00:00,0.0,23.0,52.38,0.0,41.281
2026-07-09 20:00:00,0.0,23.0,54.34,0.0,42.49
2026-07-09 21:00:00,0.0,23.0,56.3,0.0,38.817
2026-07-09 22:00:00,0.0,23.0,58.27,0.0,31.381
2026-07-09 23:00:00,0.0,22.0,60.23,0.0,16.653
2026-07-10 00:00:00,0.0,22.0,62.19,0.0,10.945
2026-07-10 01:00:00,0.0,22.0,64.16,0.0,10.592
2026-07-10 02:00:00,0.0,22.0,66.12,0.0,10.448
2026-07-10 03:00:00,0.0,22.0,68.08,0.0,10.0
2026-07-10 04:00:00,0.0,22.0,70.05,0.0,10.649
2026-07-10 05:00:00,0.0,22.0,72.01,0.0,10.0
2026-07-10 06:00:00,24.0,23.0,73.97,0.985,16.806
2026-07-10 07:00:00,206.0,24.0,33.88,9.397,21.456
2026-07-10 08:00:00,345.0,26.0,35.9,15.903,31.649
2026-07-10 09:00:00,568.0,27.0,23.63,24.201,29.327
2026-07-10 10:00:00,603.0,28.0,33.51,26.237,36.844
2026-07-10 11:00:00,528.0,29.0,47.8,25.628,33.455
2026-07-10 12:00:00,606.0,28.0,42.14,27.779,38.377
2026-07-10 13:00:00,798.0,28.0,21.1,36.258,34.219
2026-07-10 14:00:00,330.0,27.0,63.61,16.728,34.316
2026-07-10 15:00:00,510.0,26.0,31.43,21.189,39.324
2026-07-10 16:00:00,466.0,26.0,13.41,19.121,36.25
2026-07-10 17:00:00,283.0,25.0,9.16,10.95,40.772
2026-07-10 18:00:00,66.0,24.0,28.43,3.129,38.44
2026-07-10 19:00:00,0.0,24.0,32.3,0.0,41.077
2026-07-10 20:00:00,0.0,24.0,36.17,0.0,40.246
2026-07-10 21:00:00,0.0,24.0,40.05,0.0,35.792
2026-07-10 22:00:00,0.0,24.0,43.92,0.0,31.965
2026-07-10 23:00:00,0.0,24.0,47.79,0.0,16.339
2026-07-11 00:00:00,0.0,24.0,51.66,0.0,12.165
2026-07-11 01:00:00,0.0,24.0,55.54,0.0,10.0
2026-07-11 02:00:00,0.0,24.0,59.41,0.0,10.0
2026-07-11 03:00:00,0.0,24.0,63.28,0.0,11.849
2026-07-11 04:00:00,0.0,24.0,67.15,0.0,10.821
2026-07-11 05:00:00,0.0,23.0,71.03,0.0,11.753
2026-07-11 06:00:00,23.0,24.0,74.9,1.102,15.555
2026-07-11 07:00:00,120.0,25.0,61.43,5.833,22.051
2026-07-11 08:00:00,325.0,26.0,39.58,14.38,29.219
2026-07-11 09:00:00,406.0,27.0,45.41,17.004,29.188
2026-07-11 10:00:00,494.0,27.0,45.53,21.452,28.464
2026-07-11 11:00:00,689.0,27.0,31.89,29.465,31.184
2026-07-11 12:00:00,722.0,27.0,31.08,30.281,28.677
2026-07-11 13:00:00,710.0,27.0,29.81,29.382,29.152
2026-07-11 14:00:00,520.0,26.0,42.66,24.403,29.402
2026-07-11 15:00:00,377.0,26.0,49.3,18.278,28.8
2026-07-11 16:00:00,313.0,25.0,41.81,16.086,29.306
2026-07-11 17:00:00,152.0,25.0,51.14,6.746,31.096
2026-07-11 18:00:00,29.0,24.0,68.35,1.329,33.012
2026-07-11 19:00:00,0.0,24.0,68.88,0.0,37.193
2026-07-11 20:00:00,0.0,24.0,69.42,0.0,34.039
2026-07-11 21:00:00,0.0,24.0,69.95,0.0,31.985
2026-07-11 22:00:00,0.0,23.0,70.48,0.0,30.708
2026-07-11 23:00:00,0.0,23.0,71.01,0.0,13.188
2026-07-12 00:00:00,0.0,23.0,71.54,0.0,10.619
2026-07-12 01:00:00,0.0,23.0,72.07,0.0,13.002
2026-07-12 02:00:00,0.0,23.0,72.6,0.0,10.124
2026-07-12 03:00:00,0.0,23.0,73.14,0.0,12.049
2026-07-12 04:00:00,0.0,23.0,73.67,0.0,11.323
2026-07-12 05:00:00,0.0,23.0,74.2,0.0,10.974
2026-07-12 06:00:00,23.0,23.0,74.73,1.063,14.737
2026-07-12 07:00:00,160.0,24.0,48.49,7.452,17.693
2026-07-12 08:00:00,238.0,25.0,55.73,10.373,25.473
2026-07-12 09:00:00,632.0,26.0,15.0,27.524,28.635
2026-07-12 10:00:00,734.0,27.0,19.07,33.296,30.204
2026-07-12 11:00:00,896.0,28.0,11.44,41.744,34.492
2026-07-12 12:00:00,535.0,28.0,48.94,22.981,30.613
2026-07-12 13:00:00,760.0,28.0,24.88,29.303,30.938
2026-07-12 14:00:00,578.0,27.0,36.27,25.926,31.265
2026-07-12 15:00:00,390.0,26.0,47.55,17.893,30.707
2026-07-12 16:00:00,420.0,26.0,21.87,20.989,30.65
2026-07-12 17:00:00,223.0,25.0,28.2,10.742,30.316
2026-07-12 18:00:00,23.0,24.0,74.73,0.985,33.289
2026-07-12 19:00:00,0.0,24.0,74.81,0.0,36.452
2026-07-12 20:00:00,0.0,24.0,74.89,0.0,35.182
2026-07-12 21:00:00,0.0,23.0,74.96,0.0,34.245
2026-07-12 22:00:00,0.0,23.0,75.04,0.0,26.627
2026-07-12 23:00:00,0.0,23.0,75.12,0.0,15.536
2026-07-13 00:00:00,0.0,23.0,75.19,0.0,12.973
2026-07-13 01:00:00,0.0,23.0,75.27,0.0,10.186
2026-07-13 02:00:00,0.0,23.0,75.35,0.0,12.78
2026-07-13 03:00:00,0.0,23.0,75.43,0.0,10.429
2026-07-13 04:00:00,0.0,23.0,75.5,0.0,10.421
2026-07-13 05:00:00,0.0,23.0,75.58,0.0,11.363
2026-07-13 06:00:00,22.0,23.0,75.66,0.89,15.564
2026-07-13 07:00:00,175.0,24.0,43.56,7.746,20.227
2026-07-13 08:00:00,405.0,25.0,24.62,18.005,34.997
2026-07-13 09:00:00,554.0,26.0,25.48,22.308,39.07
2026-07-13 10:00:00,561.0,27.0,38.15,25.946,34.423
2026-07-13 11:00:00,418.0,27.0,58.69,18.808,39.414
2026-07-13 12:00:00,416.0,27.0,60.3,18.723,32.994
2026-07-13 13:00:00,471.0,27.0,53.45,19.568,34.671
2026-07-13 14:00:00,422.0,27.0,53.47,18.648,33.395
2026-07-13 15:00:00,520.0,26.0,30.05,22.863,38.56
2026-07-13 16:00:00,452.0,25.0,15.87,20.351,32.059
2026-07-13 17:00:00,266.0,24.0,14.21,12.6,33.259
2026-07-13 18:00:00,42.0,23.0,53.53,1.97,39.514
2026-07-13 19:00:00,0.0,23.0,55.45,0.0,42.77
2026-07-13 20:00:00,0.0,23.0,57.37,0.0,42.309
2026-07-13 21:00:00,0.0,23.0,59.29,0.0,36.289
2026-07-13 22:00:00,0.0,23.0,61.22,0.0,29.931
2026-07-13 23:00:00,0.0,23.0,63.14,0.0,17.318
2026-07-14 00:00:00,0.0,23.0,65.06,0.0,10.0
2026-07-14 01:00:00,0.0,23.0,66.98,0.0,11.752
2026-07-14 02:00:00,0.0,23.0,68.9,0.0,10.0
2026-07-14 03:00:00,0.0,23.0,70.82,0.0,10.062
2026-07-14 04:00:00,0.0,23.0,72.75,0.0,10.452
2026-07-14 05:00:00,0.0,23.0,74.67,0.0,11.873
2026-07-14 06:00:00,21.0,23.0,76.59,1.003,14.556
2026-07-14 07:00:00,185.0,24.0,40.23,8.744,20.247
2026-07-14 08:00:00,427.0,26.0,20.47,21.303,30.24
2026-07-14 09:00:00,581.0,26.0,21.83,27.569,32.737
2026-07-14 10:00:00,469.0,27.0,48.29,21.671,35.16
2026-07-14 11:00:00,668.0,27.0,33.99,29.376,33.748
2026-07-14 12:00:00,762.0,27.0,27.3,36.772,34.336
2026-07-14 13:00:00,778.0,26.0,23.12,33.087,32.98
2026-07-14 14:00:00,829.0,26.0,8.6,28.543,43.636
2026-07-14 15:00:00,693.0,25.0,6.76,29.864,33.172
2026-07-14 16:00:00,500.0,24.0,6.88,22.16,35.078
2026-07-14 17:00:00,137.0,24.0,55.74,6.764,33.905
2026-07-14 18:00:00,15.0,23.0,83.28,0.659,39.124
2026-07-14 19:00:00,0.0,23.0,82.8,0.0,42.225
2026-07-14 20:00:00,0.0,24.0,82.32,0.0,38.854
2026-07-14 21:00:00,0.0,24.0,81.84,0.0,38.063
2026-07-14 22:00:00,0.0,23.0,81.36,0.0,33.215
2026-07-14 23:00:00,0.0,23.0,80.88,0.0,16.354
2026-07-15 00:00:00,0.0,23.0,80.4,0.0,10.372
2026-07-15 01:00:00,0.0,23.0,79.92,0.0,13.169
2026-07-15 02:00:00,0.0,23.0,79.45,0.0,10.0
2026-07-15 03:00:00,0.0,23.0,78.97,0.0,11.926
2026-07-15 04:00:00,0.0,23.0,78.49,0.0,11.93
2026-07-15 05:00:00,0.0,23.0,78.01,0.0,10.885
2026-07-15 06:00:00,20.0,23.0,77.53,0.85,15.954
2026-07-15 07:00:00,173.0,25.0,44.0,7.816,23.699
2026-07-15 08:00:00,373.0,26.0,30.48,16.915,30.255
2026-07-15 09:00:00,498.0,26.0,32.99,21.79,31.168
2026-07-15 10:00:00,633.0,27.0,30.21,30.936,33.151
2026-07-15 11:00:00,869.0,27.0,14.14,35.281,33.753
2026-07-15 12:00:00,863.0,27.0,17.68,37.943,32.797
2026-07-15 13:00:00,927.0,27.0,8.41,36.894,32.615
2026-07-15 14:00:00,837.0,26.0,7.72,32.745,29.563
2026-07-15 15:00:00,690.0,26.0,7.15,29.684,34.137
2026-07-15 16:00:00,252.0,25.0,53.03,11.835,33.512
2026-07-15 17:00:00,72.0,24.0,76.7,3.475,31.386
2026-07-15 18:00:00,42.0,24.0,52.81,2.043,38.51
2026-07-15 19:00:00,0.0,24.0,54.57,0.0,40.967
2026-07-15 20:00:00,0.0,24.0,56.33,0.0,42.785
2026-07-15 21:00:00,0.0,24.0,58.1,0.0,37.745
2026-07-15 22:00:00,0.0,24.0,59.86,0.0,32.935
2026-07-15 23:00:00,0.0,24.0,61.62,0.0,18.436
2026-07-16 00:00:00,0.0,23.0,63.38,0.0,10.0
2026-07-16 01:00:00,0.0,23.0,65.14,0.0,10.434
2026-07-16 02:00:00,0.0,23.0,66.9,0.0,12.62
2026-07-16 03:00:00,0.0,23.0,68.66,0.0,10.521
2026-07-16 04:00:00,0.0,23.0,70.42,0.0,11.023
2026-07-16 05:00:00,0.0,23.0,72.18,0.0,10.63
2026-07-16 06:00:00,23.0,24.0,73.95,1.052,16.962
2026-07-16 07:00:00,167.0,24.0,45.84,7.568,22.945
2026-07-16 08:00:00,423.0,25.0,21.11,19.494,26.685
2026-07-16 09:00:00,607.0,26.0,18.3,25.909,31.503
2026-07-16 10:00:00,619.0,27.0,31.76,27.732,32.094
2026-07-16 11:00:00,431.0,27.0,57.42,19.949,40.378
2026-07-16 12:00:00,653.0,27.0,37.72,28.875,31.966
2026-07-16 13:00:00,796.0,27.0,21.36,32.083,33.719
2026-07-16 14:00:00,559.0,26.0,38.37,24.273,32.763
2026-07-16 15:00:00,621.0,26.0,16.42,26.52,42.253
2026-07-16 16:00:00,461.0,25.0,14.02,18.472,33.56
2026-07-16 17:00:00,248.0,24.0,19.57,11.424,34.869
2026-07-16 18:00:00,28.0,23.0,68.28,1.294,40.607
2026-07-16 19:00:00,0.0,23.0,69.59,0.0,40.237
2026-07-16 20:00:00,0.0,23.0,70.9,0.0,39.464
2026-07-16 21:00:00,0.0,23.0,72.21,0.0,41.231
2026-07-16 22:00:00,0.0,23.0,73.52,0.0,31.986
2026-07-16 23:00:00,0.0,23.0,74.83,0.0,16.628
2026-07-17 00:00:00,0.0,23.0,76.14,0.0,10.0
2026-07-17 01:00:00,0.0,22.0,77.45,0.0,10.801
2026-07-17 02:00:00,0.0,22.0,78.76,0.0,12.601
2026-07-17 03:00:00,0.0,22.0,80.07,0.0,10.556
2026-07-17 04:00:00,0.0,22.0,81.38,0.0,11.991
2026-07-17 05:00:00,0.0,22.0,82.69,0.0,11.241
2026-07-17 06:00:00,14.0,23.0,84.0,0.574,14.564
2026-07-17 07:00:00,119.0,24.0,61.33,5.23,22.043
2026-07-17 08:00:00,184.0,25.0,65.66,8.615,27.685
2026-07-17 09:00:00,587.0,26.0,20.97,26.087,36.305
2026-07-17 10:00:00,670.0,27.0,26.13,30.615,40.529
2026-07-17 11:00:00,492.0,28.0,51.4,22.266,35.225
2026-07-17 12:00:00,932.0,28.0,11.13,37.316,43.569
2026-07-17 13:00:00,831.0,27.0,17.92,36.076,31.945
2026-07-17 14:00:00,838.0,26.0,7.61,35.223,33.198
2026-07-17 15:00:00,653.0,26.0,12.09,28.29,32.267
2026-07-17 16:00:00,363.0,25.0,32.25,16.431,40.448
2026-07-17 17:00:00,194.0,24.0,36.96,9.794,40.007
2026-07-17 18:00:00,48.0,23.0,45.15,2.261,38.611
2026-07-17 19:00:00,0.0,23.0,47.71,0.0,41.084
2026-07-17 20:00:00,0.0,22.0,50.26,0.0,40.763
2026-07-17 21:00:00,0.0,22.0,52.81,0.0,39.516
2026-07-17 22:00:00,0.0,22.0,55.36,0.0,32.232
2026-07-17 23:00:00,0.0,22.0,57.92,0.0,15.46
2026-07-18 00:00:00,0.0,22.0,60.47,0.0,10.0
2026-07-18 01:00:00,0.0,22.0,63.02,0.0,10.137
2026-07-18 02:00:00,0.0,22.0,65.58,0.0,10.587
2026-07-18 03:00:00,0.0,22.0,68.13,0.0,10.114
2026-07-18 04:00:00,0.0,22.0,70.68,0.0,10.236
2026-07-18 05:00:00,0.0,22.0,73.23,0.0,11.049
2026-07-18 06:00:00,21.0,22.0,75.79,0.936,14.869
2026-07-18 07:00:00,205.0,23.0,33.24,9.945,19.567
2026-07-18 08:00:00,384.0,24.0,28.27,17.444,26.72
2026-07-18 09:00:00,553.0,26.0,25.53,28.0,27.635
2026-07-18 10:00:00,670.0,27.0,26.13,29.172,30.061
2026-07-18 11:00:00,903.0,28.0,10.82,41.579,28.156
2026-07-18 12:00:00,558.0,28.0,46.8,25.207,29.919
2026-07-18 13:00:00,493.0,28.0,51.31,20.211,28.517
2026-07-18 14:00:00,816.0,27.0,10.04,32.946,28.263
2026-07-18 15:00:00,560.0,26.0,24.59,27.324,33.341
2026-07-18 16:00:00,277.0,26.0,48.26,12.452,31.119
2026-07-18 17:00:00,151.0,25.0,50.83,7.41,32.146
2026-07-18 18:00:00,28.0,24.0,67.72,1.301,34.977
2026-07-18 19:00:00,0.0,23.0,68.76,0.0,37.207
2026-07-18 20:00:00,0.0,24.0,69.8,0.0,35.141
2026-07-18 21:00:00,0.0,24.0,70.84,0.0,35.619
2026-07-18 22:00:00,0.0,24.0,71.88,0.0,29.225
2026-07-18 23:00:00,0.0,24.0,72.92,0.0,15.388
2026-07-19 00:00:00,0.0,24.0,73.96,0.0,11.025
2026-07-19 01:00:00,0.0,24.0,75.01,0.0,10.219
2026-07-19 02:00:00,0.0,23.0,76.05,0.0,10.237
2026-07-19 03:00:00,0.0,23.0,77.09,0.0,10.103
2026-07-19 04:00:00,0.0,23.0,78.13,0.0,10.944
2026-07-19 05:00:00,0.0,23.0,79.17,0.0,13.42
2026-07-19 06:00:00,17.0,23.0,80.21,0.665,13.233
2026-07-19 07:00:00,158.0,24.0,48.43,7.736,22.259
2026-07-19 08:00:00,314.0,25.0,41.3,14.682,25.404
2026-07-19 09:00:00,332.0,26.0,55.28,14.45,30.088
2026-07-19 10:00:00,475.0,27.0,47.63,20.646,29.413
2026-07-19 11:00:00,778.0,27.0,23.17,32.441,30.868
2026-07-19 12:00:00,605.0,27.0,42.33,27.764,29.248
2026-07-19 13:00:00,909.0,27.0,10.23,37.989,26.883
2026-07-19 14:00:00,691.0,27.0,23.82,27.445,32.069
2026-07-19 15:00:00,432.0,26.0,41.81,19.101,28.63
2026-07-19 16:00:00,296.0,25.0,44.66,14.58,30.137
2026-07-19 17:00:00,182.0,24.0,40.6,8.264,28.207
2026-07-19 18:00:00,51.0,24.0,40.64,2.677,31.908
2026-07-19 19:00:00,0.0,24.0,43.92,0.0,35.543
2026-07-19 20:00:00,0.0,24.0,47.2,0.0,34.589
2026-07-19 21:00:00,0.0,24.0,50.48,0.0,31.734
2026-07-19 22:00:00,0.0,24.0,53.77,0.0,27.99
2026-07-19 23:00:00,0.0,24.0,57.05,0.0,13.255
2026-07-20 00:00:00,0.0,24.0,60.33,0.0,10.976
2026-07-20 01:00:00,0.0,24.0,63.61,0.0,10.322
2026-07-20 02:00:00,0.0,23.0,66.89,0.0,10.0
2026-07-20 03:00:00,0.0,23.0,70.17,0.0,10.0
2026-07-20 04:00:00,0.0,23.0,73.45,0.0,11.156
2026-07-20 05:00:00,0.0,23.0,76.74,0.0,10.0
2026-07-20 06:00:00,17.0,24.0,80.02,0.803,16.717
2026-07-20 07:00:00,136.0,24.0,55.51,6.321,23.606
2026-07-20 08:00:00,278.0,25.0,47.98,12.758,27.825
2026-07-20 09:00:00,310.0,25.0,58.23,15.378,31.233
2026-07-20 10:00:00,438.0,26.0,51.71,20.118,34.155
2026-07-20 11:00:00,511.0,26.0,49.54,22.184,32.273
2026-07-20 12:00:00,418.0,27.0,60.16,17.59,32.962
2026-07-20 13:00:00,514.0,27.0,49.25,21.713,34.66
2026-07-20 14:00:00,451.0,26.0,50.28,20.26,31.499
2026-07-20 15:00:00,338.0,26.0,54.46,14.256,38.643
2026-07-20 16:00:00,315.0,25.0,41.06,15.242,32.739
2026-07-20 17:00:00,188.0,24.0,38.5,8.947,33.775
2026-07-20 18:00:00,47.0,23.0,44.75,2.211,39.625
2026-07-20 19:00:00,0.0,23.0,47.48,0.0,38.134
2026-07-20 20:00:00,0.0,23.0,50.2,0.0,40.252
2026-07-20 21:00:00,0.0,23.0,52.92,0.0,39.101
2026-07-20 22:00:00,0.0,23.0,55.65,0.0,32.316
2026-07-20 23:00:00,0.0,23.0,58.37,0.0,15.769
2026-07-21 00:00:00,0.0,23.0,61.09,0.0,10.0
2026-07-21 01:00:00,0.0,23.0,63.82,0.0,11.38
2026-07-21 02:00:00,0.0,23.0,66.54,0.0,10.0
2026-07-21 03:00:00,0.0,23.0,69.26,0.0,10.963
2026-07-21 04:00:00,0.0,23.0,71.99,0.0,11.032
2026-07-21 05:00:00,0.0,23.0,74.71,0.0,10.574
2026-07-21 06:00:00,19.0,23.0,77.44,0.796,17.502
2026-07-21 07:00:00,173.0,24.0,43.27,7.594,22.168
2026-07-21 08:00:00,319.0,25.0,40.26,13.74,30.917
2026-07-21 09:00:00,455.0,25.0,38.67,21.577,33.1
2026-07-21 10:00:00,634.0,26.0,30.1,25.857,34.47
2026-07-21 11:00:00,657.0,27.0,35.13,27.938,33.997
2026-07-21 12:00:00,559.0,27.0,46.73,22.679,42.272
2026-07-21 13:00:00,521.0,26.0,48.56,22.938,39.408
2026-07-21 14:00:00,370.0,25.0,59.21,18.601,37.353
2026-07-21 15:00:00,212.0,25.0,71.43,10.752,38.338
2026-07-21 16:00:00,199.0,24.0,62.73,9.226,31.918
2026-07-21 17:00:00,90.0,23.0,70.49,4.318,35.813
2026-07-21 18:00:00,29.0,23.0,65.56,1.281,38.199
2026-07-21 19:00:00,0.0,23.0,66.93,0.0,42.787
2026-07-21 20:00:00,0.0,23.0,68.3,0.0,42.623
2026-07-21 21:00:00,0.0,23.0,69.67,0.0,39.345
2026-07-21 22:00:00,0.0,23.0,71.04,0.0,31.031
2026-07-21 23:00:00,0.0,23.0,72.41,0.0,16.022
2026-07-22 00:00:00,0.0,23.0,73.78,0.0,10.0
2026-07-22 01:00:00,0.0,23.0,75.15,0.0,10.337
2026-07-22 02:00:00,0.0,23.0,76.52,0.0,11.324
2026-07-22 03:00:00,0.0,23.0,77.89,0.0,10.0
2026-07-22 04:00:00,0.0,23.0,79.25,0.0,10.0
2026-07-22 05:00:00,0.0,23.0,80.62,0.0,10.783
2026-07-22 06:00:00,15.0,23.0,81.99,0.606,17.702
2026-07-22 07:00:00,84.0,24.0,72.39,4.286,22.924
2026-07-22 08:00:00,221.0,24.0,58.57,9.387,31.101
2026-07-22 09:00:00,422.0,25.0,43.1,18.426,30.451
2026-07-22 10:00:00,340.0,26.0,62.51,15.116,37.304
2026-07-22 11:00:00,558.0,26.0,44.91,25.818,32.893
2026-07-22 12:00:00,472.0,26.0,55.02,19.671,35.404
2026-07-22 13:00:00,695.0,26.0,31.39,31.21,32.552
2026-07-22 14:00:00,485.0,26.0,46.52,22.546,35.679
2026-07-22 15:00:00,332.0,25.0,55.24,16.209,32.662
2026-07-22 16:00:00,270.0,24.0,49.39,12.69,35.639
2026-07-22 17:00:00,130.0,24.0,57.27,6.199,39.016
2026-07-22 18:00:00,16.0,23.0,80.79,0.617,40.171
2026-07-22 19:00:00,0.0,23.0,80.67,0.0,39.792
2026-07-22 20:00:00,0.0,23.0,80.56,0.0,41.488
2026-07-22 21:00:00,0.0,22.0,80.44,0.0,37.003
2026-07-22 22:00:00,0.0,22.0,80.32,0.0,32.36
2026-07-22 23:00:00,0.0,22.0,80.2,0.0,14.374
2026-07-23 00:00:00,0.0,22.0,80.08,0.0,10.668
2026-07-23 01:00:00,0.0,22.0,79.96,0.0,12.034
2026-07-23 02:00:00,0.0,22.0,79.84,0.0,10.967
2026-07-23 03:00:00,0.0,22.0,79.72,0.0,10.0
2026-07-23 04:00:00,0.0,22.0,79.6,0.0,10.0
2026-07-23 05:00:00,0.0,22.0,79.48,0.0,11.896
2026-07-23 06:00:00,17.0,23.0,79.36,0.723,18.214
2026-07-23 07:00:00,124.0,23.0,59.13,5.538,21.65
2026-07-23 08:00:00,210.0,24.0,60.59,9.489,38.075
2026-07-23 09:00:00,462.0,25.0,37.68,21.224,31.241
2026-07-23 10:00:00,508.0,25.0,43.98,22.224,29.508
2026-07-23 11:00:00,414.0,26.0,59.13,18.325,31.315
2026-07-23 12:00:00,708.0,26.0,32.54,30.583,33.578
2026-07-23 13:00:00,556.0,25.0,45.11,23.826,31.731
2026-07-23 14:00:00,383.0,25.0,57.77,17.68,43.739
2026-07-23 15:00:00,368.0,25.0,50.36,18.642,31.573
2026-07-23 16:00:00,430.0,24.0,19.31,18.272,33.666
2026-07-23 17:00:00,186.0,23.0,38.7,9.288,34.009
2026-07-23 18:00:00,15.0,23.0,81.79,0.692,38.8
2026-07-23 19:00:00,0.0,22.0,81.57,0.0,40.964
2026-07-23 20:00:00,0.0,22.0,81.35,0.0,40.492
2026-07-23 21:00:00,0.0,22.0,81.12,0.0,38.745
2026-07-23 22:00:00,0.0,22.0,80.9,0.0,32.424
2026-07-23 23:00:00,0.0,22.0,80.68,0.0,16.854
2026-07-24 00:00:00,0.0,22.0,80.46,0.0,12.488
2026-07-24 01:00:00,0.0,22.0,80.23,0.0,10.0
2026-07-24 02:00:00,0.0,22.0,80.01,0.0,10.0
2026-07-24 03:00:00,0.0,23.0,79.79,0.0,11.624
2026-07-24 04:00:00,0.0,23.0,79.57,0.0,10.0
2026-07-24 05:00:00,0.0,23.0,79.35,0.0,10.669
2026-07-24 06:00:00,17.0,23.0,79.12,0.796,15.143
2026-07-24 07:00:00,159.0,24.0,47.46,7.568,22.113
2026-07-24 08:00:00,76.0,25.0,85.72,4.0,27.208
2026-07-24 09:00:00,187.0,26.0,74.77,9.318,31.203
2026-07-24 10:00:00,272.0,26.0,70.0,12.846,33.909
2026-07-24 11:00:00,493.0,26.0,51.34,19.762,41.922
2026-07-24 12:00:00,257.0,26.0,75.52,12.521,33.206
2026-07-24 13:00:00,309.0,26.0,69.5,13.733,37.858
2026-07-24 14:00:00,290.0,26.0,68.02,13.818,39.647
2026-07-24 15:00:00,222.0,25.0,70.04,10.852,32.538
2026-07-24 16:00:00,215.0,24.0,59.61,9.925,30.548
2026-07-24 17:00:00,66.0,24.0,78.19,3.037,34.443
2026-07-24 18:00:00,14.0,23.0,82.81,0.673,40.074
2026-07-24 19:00:00,0.0,23.0,83.1,0.0,40.717
2026-07-24 20:00:00,0.0,24.0,83.39,0.0,42.679
2026-07-24 21:00:00,0.0,23.0,83.69,0.0,37.309
2026-07-24 22:00:00,0.0,23.0,83.98,0.0,32.939
2026-07-24 23:00:00,0.0,23.0,84.27,0.0,18.943
2026-07-25 00:00:00,0.0,23.0,84.57,0.0,10.707
2026-07-25 01:00:00,0.0,23.0,84.86,0.0,10.093
2026-07-25 02:00:00,0.0,23.0,85.15,0.0,10.016
2026-07-25 03:00:00,0.0,23.0,85.45,0.0,12.444
2026-07-25 04:00:00,0.0,23.0,85.74,0.0,10.974
2026-07-25 05:00:00,0.0,23.0,86.03,0.0,13.986
2026-07-25 06:00:00,11.0,23.0,86.33,0.471,15.311
2026-07-25 07:00:00,51.0,24.0,83.1,2.532,19.745
2026-07-25 08:00:00,143.0,24.0,73.11,7.415,24.353
2026-07-25 09:00:00,230.0,25.0,68.95,10.922,27.646
2026-07-25 10:00:00,374.0,25.0,58.75,17.643,25.522
2026-07-25 11:00:00,358.0,25.0,64.66,15.756,28.125
2026-07-25 12:00:00,301.0,25.0,71.33,14.012,27.336
2026-07-25 13:00:00,277.0,25.0,72.66,13.152,28.142
2026-07-25 14:00:00,295.0,25.0,67.46,14.536,30.853
2026-07-25 15:00:00,264.0,24.0,64.36,11.34,28.527
2026-07-25 16:00:00,165.0,24.0,68.97,7.911,26.578
2026-07-25 17:00:00,62.0,23.0,79.45,2.758,28.401
2026-07-25 18:00:00,19.0,23.0,76.38,0.87,34.147
2026-07-25 19:00:00,0.0,23.0,76.99,0.0,35.96
2026-07-25 20:00:00,0.0,23.0,77.59,0.0,37.694
2026-07-25 21:00:00,0.0,23.0,78.2,0.0,34.714
2026-07-25 22:00:00,0.0,23.0,78.8,0.0,29.342
2026-07-25 23:00:00,0.0,22.0,79.41,0.0,15.026
2026-07-26 00:00:00,0.0,22.0,80.01,0.0,12.195
2026-07-26 01:00:00,0.0,22.0,80.61,0.0,10.0
2026-07-26 02:00:00,0.0,22.0,81.22,0.0,11.52
2026-07-26 03:00:00,0.0,22.0,81.82,0.0,10.0
2026-07-26 04:00:00,0.0,22.0,82.43,0.0,10.0
2026-07-26 05:00:00,0.0,23.0,83.03,0.0,11.815
2026-07-26 06:00:00,13.0,23.0,83.64,0.537,16.877
2026-07-26 07:00:00,126.0,24.0,58.13,5.649,20.091
2026-07-26 08:00:00,160.0,24.0,69.88,7.672,27.358
2026-07-26 09:00:00,192.0,25.0,74.07,9.139,25.242
2026-07-26 10:00:00,206.0,25.0,77.28,9.831,26.704
2026-07-26 11:00:00,210.0,25.0,79.27,10.439,28.585
2026-07-26 12:00:00,444.0,24.0,57.71,20.74,26.701
2026-07-26 13:00:00,408.0,24.0,59.73,17.872,26.122
2026-07-26 14:00:00,453.0,24.0,50.03,21.674,27.571
2026-07-26 15:00:00,140.0,24.0,81.09,6.246,27.71
2026-07-26 16:00:00,150.0,23.0,71.76,6.861,28.767
2026-07-26 17:00:00,105.0,23.0,65.11,5.173,30.07
2026-07-26 18:00:00,23.0,23.0,71.05,1.096,32.845
2026-07-26 19:00:00,0.0,23.0,71.87,0.0,35.682
2026-07-26 20:00:00,0.0,23.0,72.69,0.0,34.516
2026-07-26 21:00:00,0.0,23.0,73.51,0.0,31.682
2026-07-26 22:00:00,0.0,23.0,74.32,0.0,29.109
2026-07-26 23:00:00,0.0,23.0,75.14,0.0,17.721
2026-07-27 00:00:00,0.0,23.0,75.96,0.0,12.29
2026-07-27 01:00:00,0.0,23.0,76.78,0.0,10.964
2026-07-27 02:00:00,0.0,23.0,77.6,0.0,10.0
2026-07-27 03:00:00,0.0,23.0,78.42,0.0,10.0
2026-07-27 04:00:00,0.0,23.0,79.23,0.0,11.98
2026-07-27 05:00:00,0.0,23.0,80.05,0.0,10.0
2026-07-27 06:00:00,15.0,23.0,80.87,0.631,15.491
2026-07-27 07:00:00,174.0,24.0,42.0,8.046,24.028
2026-07-27 08:00:00,203.0,25.0,61.74,9.171,27.656
2026-07-27 09:00:00,331.0,26.0,55.28,15.064,40.677
2026-07-27 10:00:00,537.0,27.0,40.76,25.764,34.278
2026-07-27 11:00:00,476.0,27.0,53.02,22.323,32.214
2026-07-27 12:00:00,727.0,27.0,30.76,31.048,33.372
2026-07-27 13:00:00,740.0,26.0,26.96,32.884,31.436
2026-07-27 14:00:00,522.0,26.0,42.41,22.162,33.283
2026-07-27 15:00:00,454.0,25.0,38.66,21.858,38.692
2026-07-27 16:00:00,453.0,25.0,14.62,20.801,34.809
2026-07-27 17:00:00,190.0,24.0,36.67,8.934,34.102
2026-07-27 18:00:00,20.0,23.0,74.5,0.944,39.404
2026-07-27 19:00:00,0.0,23.0,75.11,0.0,39.854
2026-07-27 20:00:00,0.0,23.0,75.73,0.0,40.957
2026-07-27 21:00:00,0.0,23.0,76.35,0.0,37.385
2026-07-27 22:00:00,0.0,23.0,76.96,0.0,33.444
2026-07-27 23:00:00,0.0,23.0,77.58,0.0,17.457
2026-07-28 00:00:00,0.0,23.0,78.2,0.0,11.753
2026-07-28 01:00:00,0.0,23.0,78.82,0.0,12.899
2026-07-28 02:00:00,0.0,23.0,79.43,0.0,10.0
2026-07-28 03:00:00,0.0,23.0,80.05,0.0,10.0
2026-07-28 04:00:00,0.0,23.0,80.67,0.0,10.005
2026-07-28 05:00:00,0.0,23.0,81.29,0.0,10.0
2026-07-28 06:00:00,14.0,23.0,81.9,0.592,13.867
2026-07-28 07:00:00,106.0,24.0,64.56,4.997,23.87
2026-07-28 08:00:00,183.0,26.0,65.47,8.614,38.047
2026-07-28 09:00:00,378.0,26.0,48.9,17.552,30.495
2026-07-28 10:00:00,660.0,27.0,27.18,27.577,33.608
2026-07-28 11:00:00,441.0,27.0,56.47,21.348,41.551
2026-07-28 12:00:00,753.0,26.0,28.28,33.554,37.74
2026-07-28 13:00:00,663.0,26.0,34.56,27.886,32.385
2026-07-28 14:00:00,248.0,26.0,72.64,11.124,31.582
2026-07-28 15:00:00,382.0,25.0,48.36,18.614,34.61
2026-07-28 16:00:00,231.0,25.0,56.41,10.955,35.27
2026-07-28 17:00:00,86.0,24.0,71.25,4.115,32.025
2026-07-28 18:00:00,17.0,23.0,78.03,0.792,39.353
2026-07-28 19:00:00,0.0,23.0,78.33,0.0,40.499
2026-07-28 20:00:00,0.0,23.0,78.63,0.0,39.962
2026-07-28 21:00:00,0.0,23.0,78.93,0.0,41.117
2026-07-28 22:00:00,0.0,23.0,79.23,0.0,32.174
2026-07-28 23:00:00,0.0,22.0,79.53,0.0,16.195
2026-07-29 00:00:00,0.0,22.0,79.84,0.0,10.919
2026-07-29 01:00:00,0.0,22.0,80.14,0.0,11.724
2026-07-29 02:00:00,0.0,22.0,80.44,0.0,10.0
2026-07-29 03:00:00,0.0,22.0,80.74,0.0,10.0
2026-07-29 04:00:00,0.0,22.0,81.04,0.0,11.419
2026-07-29 05:00:00,0.0,23.0,81.35,0.0,10.0
2026-07-29 06:00:00,14.0,23.0,81.65,0.575,17.387
2026-07-29 07:00:00,178.0,24.0,40.3,7.805,20.753
2026-07-29 08:00:00,349.0,25.0,34.05,15.528,28.906
2026-07-29 09:00:00,314.0,26.0,57.53,13.012,29.762
2026-07-29 10:00:00,358.0,27.0,60.49,15.884,32.271
2026-07-29 11:00:00,530.0,27.0,47.69,23.714,36.067
2026-07-29 12:00:00,339.0,27.0,67.71,16.23,34.712
2026-07-29 13:00:00,821.0,26.0,18.96,31.015,40.179
2026-07-29 14:00:00,510.0,26.0,43.72,22.33,34.671
2026-07-29 15:00:00,248.0,25.0,66.45,12.109,31.779
2026-07-29 16:00:00,135.0,24.0,74.49,6.841,38.659
2026-07-29 17:00:00,90.0,24.0,69.81,4.388,35.001
2026-07-29 18:00:00,13.0,23.0,82.96,0.578,37.881
2026-07-29 19:00:00,0.0,23.0,82.94,0.0,40.69
2026-07-29 20:00:00,0.0,23.0,82.92,0.0,39.416
2026-07-29 21:00:00,0.0,23.0,82.9,0.0,40.822
2026-07-29 22:00:00,0.0,23.0,82.87,0.0,31.335
2026-07-29 23:00:00,0.0,23.0,82.85,0.0,16.544
2026-07-30 00:00:00,0.0,23.0,82.83,0.0,10.917
2026-07-30 01:00:00,0.0,23.0,82.81,0.0,12.048
2026-07-30 02:00:00,0.0,23.0,82.79,0.0,10.0
2026-07-30 03:00:00,0.0,22.0,82.77,0.0,11.836
2026-07-30 04:00:00,0.0,22.0,82.75,0.0,10.0
2026-07-30 05:00:00,0.0,22.0,82.73,0.0,12.832
2026-07-30 06:00:00,13.0,23.0,82.71,0.547,13.599
2026-07-30 07:00:00,189.0,23.0,36.4,8.37,22.854
2026-07-30 08:00:00,240.0,25.0,54.59,11.157,38.501
2026-07-30 09:00:00,355.0,26.0,51.95,17.431,32.976
2026-07-30 10:00:00,442.0,26.0,51.21,20.0,33.59
2026-07-30 11:00:00,499.0,27.0,50.75,22.283,32.782
2026-07-30 12:00:00,589.0,27.0,43.9,27.532,32.221
2026-07-30 13:00:00,842.0,26.0,16.89,34.137,42.22
2026-07-30 14:00:00,663.0,26.0,26.82,30.169,33.361
2026-07-30 15:00:00,430.0,25.0,41.8,18.881,34.496
2026-07-30 16:00:00,321.0,24.0,39.26,14.124,33.603
2026-07-30 17:00:00,156.0,24.0,47.5,7.376,33.606
2026-07-30 18:00:00,14.0,23.0,81.38,0.603,40.073
2026-07-30 19:00:00,0.0,23.0,81.58,0.0,41.863
2026-07-30 20:00:00,0.0,24.0,81.78,0.0,40.762
2026-07-30 21:00:00,0.0,23.0,81.98,0.0,36.52
2026-07-30 22:00:00,0.0,23.0,82.18,0.0,33.335
2026-07-30 23:00:00,0.0,23.0,82.38,0.0,17.116
2026-07-31 00:00:00,0.0,23.0,82.59,0.0,10.0
2026-07-31 01:00:00,0.0,23.0,82.79,0.0,12.151
2026-07-31 02:00:00,0.0,23.0,82.99,0.0,10.541
2026-07-31 03:00:00,0.0,23.0,83.19,0.0,10.569
2026-07-31 04:00:00,0.0,23.0,83.39,0.0,11.737
2026-07-31 05:00:00,0.0,23.0,83.59,0.0,12.136
2026-07-31 06:00:00,12.0,23.0,83.79,0.466,16.411
2026-07-31 07:00:00,134.0,24.0,54.75,6.291,22.736
2026-07-31 08:00:00,252.0,24.0,52.25,13.424,31.277
2026-07-31 09:00:00,481.0,25.0,34.86,21.346,30.223
2026-07-31 10:00:00,438.0,25.0,51.64,22.485,33.294
2026-07-31 11:00:00,476.0,25.0,53.01,21.35,32.633
2026-07-31 12:00:00,426.0,25.0,59.43,20.93,32.387
2026-07-31 13:00:00,420.0,25.0,58.54,18.141,41.856
2026-07-31 14:00:00,433.0,25.0,52.19,20.187,31.514
2026-07-31 15:00:00,259.0,25.0,64.92,11.604,34.093
2026-07-31 16:00:00,314.0,24.0,40.5,14.929,38.774
2026-07-31 17:00:00,111.0,24.0,62.52,5.203,33.102
2026-07-31 18:00:00,13.0,23.0,82.44,0.497,40.761
2026-07-31 19:00:00,0.0,23.0,82.54,0.0,42.496
2026-07-31 20:00:00,0.0,23.0,82.63,0.0,40.392
2026-07-31 21:00:00,0.0,23.0,82.72,0.0,40.045
2026-07-31 22:00:00,0.0,23.0,82.81,0.0,30.836
2026-07-31 23:00:00,0.0,23.0,82.9,0.0,16.459
2026-08-01 00:00:00,0.0,23.0,82.99,0.0,10.055
2026-08-01 01:00:00,0.0,23.0,83.08,0.0,11.462
2026-08-01 02:00:00,0.0,23.0,83.17,0.0,10.0
2026-08-01 03:00:00,0.0,23.0,83.26,0.0,11.226
2026-08-01 04:00:00,0.0,23.0,83.36,0.0,11.242
2026-08-01 05:00:00,0.0,21.0,83.45,0.0,10.459
2026-08-01 06:00:00,12.0,22.0,83.54,0.514,17.482
2026-08-01 07:00:00,108.0,23.0,63.41,5.127,19.617
2026-08-01 08:00:00,333.0,25.0,36.81,16.167,23.947
2026-08-01 09:00:00,491.0,26.0,33.46,22.605,29.509
2026-08-01 10:00:00,489.0,26.0,45.99,21.797,26.121
2026-08-01 11:00:00,517.0,26.0,48.96,23.337,31.629
2026-08-01 12:00:00,532.0,26.0,49.33,23.406,28.862
2026-08-01 13:00:00,429.0,26.0,57.65,21.085,26.558
2026-08-01 14:00:00,558.0,25.0,38.37,25.702,26.806
2026-08-01 15:00:00,282.0,24.0,61.78,13.61,26.162
2026-08-01 16:00:00,258.0,24.0,51.04,12.175,29.806
2026-08-01 17:00:00,139.0,23.0,52.9,6.167,27.822
2026-08-01 18:00:00,34.0,22.0,53.36,1.683,34.483
2026-08-01 19:00:00,0.0,22.0,55.5,0.0,35.403
2026-08-01 20:00:00,0.0,22.0,57.65,0.0,34.754
2026-08-01 21:00:00,0.0,22.0,59.79,0.0,34.083
2026-08-01 22:00:00,0.0,22.0,61.93,0.0,28.913
2026-08-01 23:00:00,0.0,22.0,64.08,0.0,16.934
2026-08-02 00:00:00,0.0,22.0,66.22,0.0,10.0
2026-08-02 01:00:00,0.0,22.0,68.37,0.0,10.368
2026-08-02 02:00:00,0.0,22.0,70.51,0.0,10.0
2026-08-02 03:00:00,0.0,22.0,72.65,0.0,10.392
2026-08-02 04:00:00,0.0,22.0,74.8,0.0,10.0
2026-08-02 05:00:00,0.0,22.0,76.94,0.0,10.39
2026-08-02 06:00:00,15.0,23.0,79.09,0.639,14.333
2026-08-02 07:00:00,154.0,23.0,47.63,7.855,21.071
2026-08-02 08:00:00,329.0,24.0,37.48,16.123,25.174
2026-08-02 09:00:00,474.0,25.0,35.72,20.785,28.269
2026-08-02 10:00:00,725.0,26.0,19.91,30.308,28.98
2026-08-02 11:00:00,520.0,26.0,48.66,21.948,28.728
2026-08-02 12:00:00,624.0,26.0,40.56,27.195,28.988
2026-08-02 13:00:00,547.0,26.0,45.99,26.7,27.272
2026-08-02 14:00:00,655.0,26.0,27.64,29.42,29.681
2026-08-02 15:00:00,471.0,25.0,36.13,19.501,28.8
2026-08-02 16:00:00,293.0,24.0,44.32,14.243,29.556
2026-08-02 17:00:00,129.0,23.0,56.13,6.394,29.988
2026-08-02 18:00:00,36.0,23.0,49.81,1.595,36.022
2026-08-02 19:00:00,0.0,23.0,52.69,0.0,36.364
2026-08-02 20:00:00,0.0,23.0,55.57,0.0,35.523
2026-08-02 21:00:00,0.0,23.0,58.45,0.0,32.401
2026-08-02 22:00:00,0.0,23.0,61.34,0.0,29.163
2026-08-02 23:00:00,0.0,22.0,64.22,0.0,14.952
2026-08-03 00:00:00,0.0,22.0,67.1,0.0,10.0
2026-08-03 01:00:00,0.0,22.0,69.99,0.0,10.227
2026-08-03 02:00:00,0.0,22.0,72.87,0.0,10.468
2026-08-03 03:00:00,0.0,22.0,75.75,0.0,10.0
2026-08-03 04:00:00,0.0,22.0,78.64,0.0,10.335
2026-08-03 05:00:00,0.0,22.0,81.52,0.0,11.1
2026-08-03 06:00:00,11.0,23.0,84.4,0.448,15.922
2026-08-03 07:00:00,143.0,23.0,51.19,6.619,24.728
2026-08-03 08:00:00,355.0,24.0,32.43,14.484,26.664
2026-08-03 09:00:00,433.0,26.0,41.24,19.791,34.847
2026-08-03 10:00:00,434.0,27.0,52.04,20.728,33.704
2026-08-03 11:00:00,641.0,27.0,36.7,26.639,35.062
2026-08-03 12:00:00,715.0,27.0,31.89,33.075,33.429
2026-08-03 13:00:00,548.0,26.0,45.89,23.44,29.884
2026-08-03 14:00:00,566.0,26.0,37.45,27.068,31.221
2026-08-03 15:00:00,493.0,25.0,33.1,22.989,42.516
2026-08-03 16:00:00,304.0,25.0,42.14,14.146,35.641
2026-08-03 17:00:00,109.0,24.0,62.8,5.937,38.549
2026-08-03 18:00:00,35.0,23.0,50.37,1.605,37.802
2026-08-03 19:00:00,0.0,23.0,53.18,0.0,41.731
2026-08-03 20:00:00,0.0,23.0,56.0,0.0,41.662
2026-08-03 21:00:00,0.0,23.0,58.81,0.0,39.12
2026-08-03 22:00:00,0.0,23.0,61.62,0.0,30.622
2026-08-03 23:00:00,0.0,23.0,64.44,0.0,14.263
2026-08-04 00:00:00,0.0,23.0,67.25,0.0,11.555
2026-08-04 01:00:00,0.0,23.0,70.06,0.0,12.506
2026-08-04 02:00:00,0.0,22.0,72.88,0.0,10.0
2026-08-04 03:00:00,0.0,22.0,75.69,0.0,10.0
2026-08-04 04:00:00,0.0,22.0,78.5,0.0,10.0
2026-08-04 05:00:00,0.0,22.0,81.31,0.0,11.752
2026-08-04 06:00:00,11.0,23.0,84.13,0.413,15.674
2026-08-04 07:00:00,142.0,23.0,51.35,6.331,24.97
2026-08-04 08:00:00,315.0,24.0,39.95,15.026,38.746
2026-08-04 09:00:00,579.0,25.0,21.36,26.285,31.508
2026-08-04 10:00:00,316.0,26.0,65.07,15.264,30.264
2026-08-04 11:00:00,590.0,26.0,41.73,26.741,32.531
2026-08-04 12:00:00,415.0,26.0,60.46,19.373,31.733
2026-08-04 13:00:00,493.0,26.0,51.31,22.086,37.329
2026-08-04 14:00:00,395.0,26.0,56.33,19.315,41.359
2026-08-04 15:00:00,456.0,26.0,38.07,21.689,40.111
2026-08-04 16:00:00,244.0,25.0,53.48,12.672,37.835
2026-08-04 17:00:00,195.0,24.0,33.19,10.096,39.126
2026-08-04 18:00:00,34.0,23.0,50.94,1.56,39.023
2026-08-04 19:00:00,0.0,23.0,53.44,0.0,42.001
2026-08-04 20:00:00,0.0,23.0,55.93,0.0,42.043
2026-08-04 21:00:00,0.0,23.0,58.43,0.0,37.426
2026-08-04 22:00:00,0.0,23.0,60.93,0.0,33.762
2026-08-04 23:00:00,0.0,23.0,63.42,0.0,16.301
2026-08-05 00:00:00,0.0,23.0,65.92,0.0,12.918
2026-08-05 01:00:00,0.0,23.0,68.42,0.0,10.0
2026-08-05 02:00:00,0.0,23.0,70.91,0.0,12.214
2026-08-05 03:00:00,0.0,23.0,73.41,0.0,10.0
2026-08-05 04:00:00,0.0,23.0,75.91,0.0,14.068
2026-08-05 05:00:00,0.0,23.0,78.4,0.0,10.0
2026-08-05 06:00:00,13.0,23.0,80.9,0.572,17.479
2026-08-05 07:00:00,111.0,24.0,61.82,5.77,22.493
2026-08-05 08:00:00,241.0,25.0,53.98,11.624,39.135
2026-08-05 09:00:00,446.0,26.0,39.38,19.982,31.943
2026-08-05 10:00:00,473.0,26.0,47.69,22.918,31.472
2026-08-05 11:00:00,612.0,26.0,39.54,27.829,29.584
2026-08-05 12:00:00,770.0,26.0,26.63,32.657,36.011
2026-08-05 13:00:00,838.0,26.0,17.22,32.546,32.402
2026-08-05 14:00:00,701.0,26.0,22.47,29.075,28.579
2026-08-05 15:00:00,606.0,26.0,17.63,26.135,34.424
2026-08-05 16:00:00,347.0,25.0,33.74,16.575,35.215
2026-08-05 17:00:00,134.0,24.0,53.91,6.386,36.999
2026-08-05 18:00:00,29.0,23.0,57.39,1.376,38.008
2026-08-05 19:00:00,0.0,23.0,59.44,0.0,41.472
2026-08-05 20:00:00,0.0,23.0,61.5,0.0,42.684
2026-08-05 21:00:00,0.0,23.0,63.55,0.0,38.64
2026-08-05 22:00:00,0.0,23.0,65.61,0.0,34.049
2026-08-05 23:00:00,0.0,23.0,67.66,0.0,18.084
2026-08-06 00:00:00,0.0,23.0,69.71,0.0,10.48
2026-08-06 01:00:00,0.0,23.0,71.77,0.0,10.0
2026-08-06 02:00:00,0.0,22.0,73.82,0.0,10.0
2026-08-06 03:00:00,0.0,22.0,75.87,0.0,10.937
2026-08-06 04:00:00,0.0,22.0,77.93,0.0,10.584
2026-08-06 05:00:00,0.0,22.0,79.98,0.0,12.088
2026-08-06 06:00:00,12.0,23.0,82.03,0.513,17.209
2026-08-06 07:00:00,96.0,23.0,66.84,4.138,23.743
2026-08-06 08:00:00,412.0,25.0,21.19,18.259,28.865
2026-08-06 09:00:00,488.0,25.0,33.61,23.911,38.094
2026-08-06 10:00:00,646.0,26.0,28.52,28.901,36.13
2026-08-06 11:00:00,515.0,26.0,49.11,21.988,39.864
2026-08-06 12:00:00,742.0,26.0,29.29,32.351,37.805
2026-08-06 13:00:00,646.0,26.0,36.17,27.768,34.865
2026-08-06 14:00:00,445.0,26.0,50.76,21.388,35.056
2026-08-06 15:00:00,338.0,25.0,54.02,15.054,41.844
2026-08-06 16:00:00,215.0,24.0,58.87,11.42,35.089
2026-08-06 17:00:00,105.0,24.0,63.74,4.837,31.932
2026-08-06 18:00:00,15.0,23.0,77.54,0.636,39.997
2026-08-06 19:00:00,0.0,23.0,77.89,0.0,41.12
2026-08-06 20:00:00,0.0,23.0,78.23,0.0,40.915
2026-08-06 21:00:00,0.0,23.0,78.58,0.0,38.045
2026-08-06 22:00:00,0.0,23.0,78.92,0.0,33.838
2026-08-06 23:00:00,0.0,23.0,79.27,0.0,16.343
2026-08-07 00:00:00,0.0,23.0,79.61,0.0,10.151
2026-08-07 01:00:00,0.0,23.0,79.96,0.0,10.0
2026-08-07 02:00:00,0.0,23.0,80.3,0.0,10.0
2026-08-07 03:00:00,0.0,23.0,80.65,0.0,10.0
2026-08-07 04:00:00,0.0,22.0,80.99,0.0,10.0
2026-08-07 05:00:00,0.0,22.0,81.34,0.0,11.365
2026-08-07 06:00:00,12.0,23.0,81.68,0.475,16.566
2026-08-07 07:00:00,120.0,23.0,58.38,5.71,24.686
2026-08-07 08:00:00,277.0,24.0,46.92,13.243,35.816
2026-08-07 09:00:00,427.0,25.0,41.86,19.749,30.586
2026-08-07 10:00:00,328.0,25.0,63.69,16.908,30.835
2026-08-07 11:00:00,559.0,26.0,44.75,25.765,33.912
2026-08-07 12:00:00,763.0,26.0,27.27,33.85,32.336
2026-08-07 13:00:00,605.0,26.0,40.2,27.105,32.182
2026-08-07 14:00:00,508.0,26.0,43.77,24.805,33.068
2026-08-07 15:00:00,445.0,25.0,39.41,21.562,39.717
2026-08-07 16:00:00,159.0,25.0,69.53,7.742,41.493
2026-08-07 17:00:00,91.0,24.0,68.44,4.125,33.761
2026-08-07 18:00:00,11.0,23.0,83.21,0.459,37.878
2026-08-07 19:00:00,0.0,23.0,83.44,0.0,40.642
2026-08-07 20:00:00,0.0,23.0,83.67,0.0,42.188
2026-08-07 21:00:00,0.0,23.0,83.9,0.0,37.907
2026-08-07 22:00:00,0.0,23.0,84.13,0.0,30.116
2026-08-07 23:00:00,0.0,23.0,84.36,0.0,18.123
2026-08-08 00:00:00,0.0,23.0,84.6,0.0,10.0
2026-08-08 01:00:00,0.0,23.0,84.83,0.0,10.459
2026-08-08 02:00:00,0.0,23.0,85.06,0.0,10.852
2026-08-08 03:00:00,0.0,23.0,85.29,0.0,10.169
2026-08-08 04:00:00,0.0,22.0,85.52,0.0,10.0
2026-08-08 05:00:00,0.0,22.0,85.75,0.0,11.531
2026-08-08 06:00:00,9.0,23.0,85.98,0.357,16.777
2026-08-08 07:00:00,136.0,23.0,52.63,6.568,21.761
2026-08-08 08:00:00,292.0,24.0,43.94,13.647,22.196
2026-08-08 09:00:00,488.0,26.0,33.49,21.166,31.288
2026-08-08 10:00:00,383.0,26.0,57.58,18.269,27.274
2026-08-08 11:00:00,293.0,27.0,71.03,12.989,28.78
2026-08-08 12:00:00,930.0,27.0,11.33,37.605,30.565
2026-08-08 13:00:00,691.0,27.0,31.68,29.277,29.94
2026-08-08 14:00:00,762.0,26.0,15.61,34.446,28.996
2026-08-08 15:00:00,603.0,26.0,17.82,27.069,29.153
2026-08-08 16:00:00,289.0,25.0,44.51,12.388,31.883
2026-08-08 17:00:00,127.0,24.0,55.77,5.94,29.625
2026-08-08 18:00:00,40.0,23.0,37.7,1.861,31.588
2026-08-08 19:00:00,0.0,23.0,41.83,0.0,37.555
2026-08-08 20:00:00,0.0,23.0,45.96,0.0,35.727
2026-08-08 21:00:00,0.0,23.0,50.09,0.0,34.931
2026-08-08 22:00:00,0.0,23.0,54.23,0.0,28.842
2026-08-08 23:00:00,0.0,23.0,58.36,0.0,18.678
2026-08-09 00:00:00,0.0,22.0,62.49,0.0,10.222
2026-08-09 01:00:00,0.0,22.0,66.62,0.0,10.433
2026-08-09 02:00:00,0.0,22.0,70.75,0.0,11.172
2026-08-09 03:00:00,0.0,22.0,74.88,0.0,10.0
2026-08-09 04:00:00,0.0,22.0,79.01,0.0,11.534
2026-08-09 05:00:00,0.0,22.0,83.15,0.0,10.0
2026-08-09 06:00:00,8.0,23.0,87.28,0.279,14.818
2026-08-09 07:00:00,105.0,23.0,63.27,4.748,20.516
2026-08-09 08:00:00,291.0,24.0,44.02,12.975,24.975
2026-08-09 09:00:00,327.0,25.0,55.39,16.318,26.332
2026-08-09 10:00:00,492.0,26.0,45.48,22.562,30.399
2026-08-09 11:00:00,501.0,26.0,50.45,21.425,28.834
2026-08-09 12:00:00,456.0,26.0,56.51,20.112,29.0
2026-08-09 13:00:00,264.0,26.0,73.89,13.377,28.504
2026-08-09 14:00:00,171.0,26.0,81.05,8.23,29.585
2026-08-09 15:00:00,250.0,25.0,65.89,12.373,31.203
2026-08-09 16:00:00,270.0,24.0,48.06,13.104,29.543
2026-08-09 17:00:00,172.0,24.0,39.83,8.331,30.858
2026-08-09 18:00:00,27.0,23.0,57.06,1.255,33.983
2026-08-09 19:00:00,0.0,23.0,59.56,0.0,35.122
2026-08-09 20:00:00,0.0,23.0,62.05,0.0,35.222
2026-08-09 21:00:00,0.0,23.0,64.55,0.0,32.973
2026-08-09 22:00:00,0.0,23.0,67.04,0.0,28.835
2026-08-09 23:00:00,0.0,23.0,69.54,0.0,15.479
2026-08-10 00:00:00,0.0,22.0,72.03,0.0,10.0
2026-08-10 01:00:00,0.0,22.0,74.53,0.0,10.189
2026-08-10 02:00:00,0.0,22.0,77.02,0.0,10.0
2026-08-10 03:00:00,0.0,22.0,79.52,0.0,10.0
2026-08-10 04:00:00,0.0,22.0,82.01,0.0,10.502
2026-08-10 05:00:00,0.0,22.0,84.5,0.0,13.732
2026-08-10 06:00:00,8.0,22.0,87.0,0.313,17.888
2026-08-10 07:00:00,124.0,23.0,56.43,5.759,21.552
2026-08-10 08:00:00,272.0,25.0,47.57,12.61,29.532
2026-08-10 09:00:00,351.0,26.0,52.06,16.284,32.307
2026-08-10 10:00:00,439.0,27.0,51.32,19.151,33.427
2026-08-10 11:00:00,636.0,27.0,37.08,28.423,34.017
2026-08-10 12:00:00,619.0,27.0,40.95,26.878,37.674
2026-08-10 13:00:00,841.0,27.0,16.8,34.853,35.672
2026-08-10 14:00:00,332.0,27.0,63.19,13.017,32.867
2026-08-10 15:00:00,233.0,26.0,68.18,10.352,34.477
2026-08-10 16:00:00,299.0,25.0,42.37,14.745,36.579
2026-08-10 17:00:00,188.0,24.0,33.94,8.054,35.153
2026-08-10 18:00:00,26.0,23.0,57.75,1.177,40.658
2026-08-10 19:00:00,0.0,23.0,59.89,0.0,40.027
2026-08-10 20:00:00,0.0,23.0,62.02,0.0,40.283
2026-08-10 21:00:00,0.0,23.0,64.16,0.0,39.132
2026-08-10 22:00:00,0.0,23.0,66.29,0.0,32.027
2026-08-10 23:00:00,0.0,23.0,68.43,0.0,17.153
2026-08-11 00:00:00,0.0,23.0,70.57,0.0,10.398
2026-08-11 01:00:00,0.0,22.0,72.7,0.0,13.109
2026-08-11 02:00:00,0.0,22.0,74.84,0.0,10.0
2026-08-11 03:00:00,0.0,22.0,76.97,0.0,13.968
2026-08-11 04:00:00,0.0,22.0,79.11,0.0,12.239
2026-08-11 05:00:00,0.0,22.0,81.25,0.0,12.365
2026-08-11 06:00:00,10.0,23.0,83.38,0.421,14.543
2026-08-11 07:00:00,186.0,23.0,34.34,7.814,24.274
2026-08-11 08:00:00,414.0,25.0,20.04,17.874,30.096
2026-08-11 09:00:00,502.0,26.0,31.37,24.209,29.033
2026-08-11 10:00:00,640.0,27.0,28.99,27.497,31.784
2026-08-11 11:00:00,878.0,27.0,13.1,35.584,34.751
2026-08-11 12:00:00,806.0,27.0,23.08,32.744,33.063
2026-08-11 13:00:00,635.0,26.0,37.15,28.498,35.577
2026-08-11 14:00:00,365.0,26.0,59.5,16.325,34.211
2026-08-11 15:00:00,689.0,25.0,5.8,27.865,32.013
2026-08-11 16:00:00,420.0,24.0,18.88,18.322,32.863
2026-08-11 17:00:00,108.0,24.0,61.87,4.689,39.494
2026-08-11 18:00:00,12.0,23.0,80.06,0.498,39.714
2026-08-11 19:00:00,0.0,22.0,80.44,0.0,39.093
2026-08-11 20:00:00,0.0,22.0,80.83,0.0,40.303
2026-08-11 21:00:00,0.0,23.0,81.22,0.0,36.088
2026-08-11 22:00:00,0.0,22.0,81.6,0.0,31.562
2026-08-11 23:00:00,0.0,22.0,81.99,0.0,17.512
2026-08-12 00:00:00,0.0,22.0,82.38,0.0,11.837
2026-08-12 01:00:00,0.0,22.0,82.76,0.0,10.0
2026-08-12 02:00:00,0.0,22.0,83.15,0.0,10.947
2026-08-12 03:00:00,0.0,22.0,83.53,0.0,10.0
2026-08-12 04:00:00,0.0,22.0,83.92,0.0,12.406
2026-08-12 05:00:00,0.0,22.0,84.31,0.0,11.018
2026-08-12 06:00:00,9.0,22.0,84.69,0.331,11.838
2026-08-12 07:00:00,113.0,23.0,59.92,5.441,24.253
2026-08-12 08:00:00,404.0,24.0,21.8,17.067,27.857
2026-08-12 09:00:00,538.0,25.0,26.36,24.534,35.521
2026-08-12 10:00:00,633.0,25.0,29.72,29.981,36.857
2026-08-12 11:00:00,638.0,26.0,36.82,27.428,31.505
2026-08-12 12:00:00,886.0,26.0,15.42,38.114,32.605
2026-08-12 13:00:00,432.0,26.0,57.22,20.723,33.048
2026-08-12 14:00:00,514.0,25.0,42.93,22.116,32.46
2026-08-12 15:00:00,380.0,25.0,47.99,18.962,32.411
2026-08-12 16:00:00,194.0,24.0,62.45,9.396,34.889
2026-08-12 17:00:00,76.0,24.0,73.04,3.769,32.604
2026-08-12 18:00:00,26.0,23.0,55.78,1.189,38.124
2026-08-12 19:00:00,0.0,23.0,58.16,0.0,41.31
2026-08-12 20:00:00,0.0,23.0,60.54,0.0,41.414
2026-08-12 21:00:00,0.0,23.0,62.91,0.0,38.046
2026-08-12 22:00:00,0.0,23.0,65.29,0.0,33.72
2026-08-12 23:00:00,0.0,22.0,67.67,0.0,16.913
2026-08-13 00:00:00,0.0,22.0,70.05,0.0,10.906
2026-08-13 01:00:00,0.0,22.0,72.43,0.0,10.864
2026-08-13 02:00:00,0.0,22.0,74.81,0.0,11.226
2026-08-13 03:00:00,0.0,22.0,77.18,0.0,10.537
2026-08-13 04:00:00,0.0,22.0,79.56,0.0,10.0
2026-08-13 05:00:00,0.0,22.0,81.94,0.0,12.725
2026-08-13 06:00:00,9.0,22.0,84.32,0.296,16.168
2026-08-13 07:00:00,123.0,23.0,56.16,5.897,23.959
2026-08-13 08:00:00,352.0,24.0,31.72,17.081,27.932
2026-08-13 09:00:00,607.0,25.0,16.82,27.164,28.693
2026-08-13 10:00:00,775.0,26.0,13.89,31.595,36.401
2026-08-13 11:00:00,589.0,26.0,41.65,23.927,39.724
2026-08-13 12:00:00,368.0,25.0,64.85,14.589,32.474
2026-08-13 13:00:00,507.0,25.0,49.77,21.749,33.367
2026-08-13 14:00:00,202.0,25.0,77.56,10.158,32.373
2026-08-13 15:00:00,281.0,24.0,61.49,10.941,31.027
2026-08-13 16:00:00,167.0,24.0,67.61,7.235,32.402
2026-08-13 17:00:00,92.0,23.0,67.21,3.953,35.905
2026-08-13 18:00:00,18.0,22.0,68.64,0.793,37.165
2026-08-13 19:00:00,0.0,23.0,69.91,0.0,44.442
2026-08-13 20:00:00,0.0,23.0,71.19,0.0,43.626
2026-08-13 21:00:00,0.0,23.0,72.46,0.0,41.489
2026-08-13 22:00:00,0.0,23.0,73.73,0.0,32.533
2026-08-13 23:00:00,0.0,23.0,75.01,0.0,16.022
2026-08-14 00:00:00,0.0,23.0,76.28,0.0,11.299
2026-08-14 01:00:00,0.0,23.0,77.56,0.0,11.772
2026-08-14 02:00:00,0.0,23.0,78.83,0.0,10.0
2026-08-14 03:00:00,0.0,22.0,80.1,0.0,10.0
2026-08-14 04:00:00,0.0,22.0,81.38,0.0,10.102
2026-08-14 05:00:00,0.0,22.0,82.65,0.0,10.119
2026-08-14 06:00:00,9.0,22.0,83.92,0.336,17.737
2026-08-14 07:00:00,156.0,23.0,44.12,7.308,22.137
2026-08-14 08:00:00,360.0,25.0,30.01,16.558,29.384
2026-08-14 09:00:00,373.0,26.0,48.82,16.694,33.376
2026-08-14 10:00:00,367.0,26.0,59.19,18.257,34.792
2026-08-14 11:00:00,526.0,27.0,47.86,24.938,34.542
2026-08-14 12:00:00,340.0,27.0,67.51,14.753,33.788
2026-08-14 13:00:00,408.0,26.0,59.56,19.605,35.59
2026-08-14 14:00:00,515.0,26.0,42.74,23.601,34.132
2026-08-14 15:00:00,379.0,25.0,48.0,16.472,35.019
2026-08-14 16:00:00,202.0,25.0,60.73,9.559,35.674
2026-08-14 17:00:00,73.0,24.0,73.85,3.564,36.468
2026-08-14 18:00:00,10.0,23.0,82.14,0.406,38.019
2026-08-14 19:00:00,0.0,23.0,82.4,0.0,42.332
2026-08-14 20:00:00,0.0,23.0,82.67,0.0,41.109
2026-08-14 21:00:00,0.0,23.0,82.94,0.0,38.415
2026-08-14 22:00:00,0.0,23.0,83.2,0.0,31.711
2026-08-14 23:00:00,0.0,23.0,83.47,0.0,15.11
2026-08-15 00:00:00,0.0,23.0,83.74,0.0,11.389
2026-08-15 01:00:00,0.0,23.0,84.0,0.0,10.01
2026-08-15 02:00:00,0.0,23.0,84.27,0.0,10.0
2026-08-15 03:00:00,0.0,22.0,84.54,0.0,10.0
2026-08-15 04:00:00,0.0,22.0,84.8,0.0,10.0
2026-08-15 05:00:00,0.0,22.0,85.07,0.0,10.25
2026-08-15 06:00:00,8.0,23.0,85.34,0.27,15.599
2026-08-15 07:00:00,185.0,24.0,33.39,9.122,19.664
2026-08-15 08:00:00,407.0,25.0,20.69,18.279,27.286
2026-08-15 09:00:00,578.0,26.0,20.59,26.241,28.143
2026-08-15 10:00:00,505.0,27.0,43.8,22.389,29.475
2026-08-15 11:00:00,846.0,27.0,16.09,35.744,30.313
2026-08-15 12:00:00,446.0,27.0,57.36,19.741,31.423
2026-08-15 13:00:00,933.0,26.0,7.46,39.019,26.636
2026-08-15 14:00:00,414.0,26.0,53.93,19.514,31.203
2026-08-15 15:00:00,432.0,25.0,40.65,20.377,30.544
2026-08-15 16:00:00,346.0,24.0,32.57,15.531,29.24
2026-08-15 17:00:00,162.0,24.0,41.67,7.117,31.336
2026-08-15 18:00:00,37.0,23.0,32.18,1.749,33.329
2026-08-15 19:00:00,0.0,23.0,36.57,0.0,36.23
2026-08-15 20:00:00,0.0,23.0,40.97,0.0,34.662
2026-08-15 21:00:00,0.0,23.0,45.37,0.0,34.723
2026-08-15 22:00:00,0.0,23.0,49.76,0.0,27.05
2026-08-15 23:00:00,0.0,23.0,54.16,0.0,15.258
2026-08-16 00:00:00,0.0,22.0,58.56,0.0,11.607
2026-08-16 01:00:00,0.0,22.0,62.95,0.0,11.877
2026-08-16 02:00:00,0.0,22.0,67.35,0.0,10.0
2026-08-16 03:00:00,0.0,22.0,71.75,0.0,11.218
2026-08-16 04:00:00,0.0,22.0,76.14,0.0,10.0
2026-08-16 05:00:00,0.0,22.0,80.54,0.0,10.0
2026-08-16 06:00:00,8.0,22.0,84.94,0.265,13.873
2026-08-16 07:00:00,97.0,23.0,64.89,4.688,21.829
2026-08-16 08:00:00,254.0,25.0,50.38,10.948,25.903
2026-08-16 09:00:00,341.0,26.0,53.09,16.296,27.561
2026-08-16 10:00:00,798.0,27.0,11.12,34.508,29.958
2026-08-16 11:00:00,512.0,27.0,49.19,24.992,30.321
2026-08-16 12:00:00,602.0,27.0,42.42,25.334,30.341
2026-08-16 13:00:00,464.0,26.0,53.95,21.598,26.3
2026-08-16 14:00:00,295.0,26.0,67.14,11.881,28.741
2026-08-16 15:00:00,459.0,25.0,36.86,21.79,29.374
2026-08-16 16:00:00,442.0,25.0,13.66,17.621,28.108
2026-08-16 17:00:00,225.0,24.0,18.56,11.634,27.749
2026-08-16 18:00:00,13.0,23.0,75.52,0.551,33.269
2026-08-16 19:00:00,0.0,23.0,76.43,0.0,35.842
2026-08-16 20:00:00,0.0,23.0,77.34,0.0,35.437
2026-08-16 21:00:00,0.0,23.0,78.25,0.0,32.591
2026-08-16 22:00:00,0.0,23.0,79.16,0.0,27.204
2026-08-16 23:00:00,0.0,23.0,80.07,0.0,14.777
2026-08-17 00:00:00,0.0,22.0,80.98,0.0,11.218
2026-08-17 01:00:00,0.0,22.0,81.89,0.0,12.242
2026-08-17 02:00:00,0.0,22.0,82.8,0.0,10.0
2026-08-17 03:00:00,0.0,22.0,83.72,0.0,11.072
2026-08-17 04:00:00,0.0,22.0,84.63,0.0,10.344
2026-08-17 05:00:00,0.0,22.0,85.54,0.0,11.936
2026-08-17 06:00:00,7.0,22.0,86.45,0.26,17.66
2026-08-17 07:00:00,149.0,23.0,45.78,6.635,21.943
2026-08-17 08:00:00,185.0,25.0,63.77,8.777,37.529
2026-08-17 09:00:00,406.0,26.0,44.07,19.192,34.244
2026-08-17 10:00:00,794.0,27.0,11.49,33.154,33.929
2026-08-17 11:00:00,810.0,27.0,19.56,35.162,33.91
2026-08-17 12:00:00,783.0,27.0,25.06,33.971,33.315
2026-08-17 13:00:00,419.0,26.0,58.39,19.967,30.915
2026-08-17 14:00:00,406.0,26.0,54.74,19.073,33.312
2026-08-17 15:00:00,559.0,25.0,22.99,24.61,39.471
2026-08-17 16:00:00,441.0,24.0,13.64,19.439,32.139
2026-08-17 17:00:00,121.0,24.0,55.97,5.228,34.266
2026-08-17 18:00:00,29.0,23.0,43.85,1.409,40.198
2026-08-17 19:00:00,0.0,23.0,47.03,0.0,41.085
2026-08-17 20:00:00,0.0,23.0,50.22,0.0,42.905
2026-08-17 21:00:00,0.0,23.0,53.4,0.0,37.898
2026-08-17 22:00:00,0.0,23.0,56.59,0.0,31.837
2026-08-17 23:00:00,0.0,23.0,59.77,0.0,15.11
2026-08-18 00:00:00,0.0,23.0,62.96,0.0,10.977
2026-08-18 01:00:00,0.0,22.0,66.14,0.0,10.504
2026-08-18 02:00:00,0.0,22.0,69.33,0.0,11.09
2026-08-18 03:00:00,0.0,22.0,72.51,0.0,10.0
2026-08-18 04:00:00,0.0,22.0,75.69,0.0,10.0
2026-08-18 05:00:00,0.0,22.0,78.88,0.0,11.847
2026-08-18 06:00:00,9.0,23.0,82.06,0.323,17.956
2026-08-18 07:00:00,185.0,23.0,32.31,8.517,23.881
2026-08-18 08:00:00,410.0,24.0,19.51,19.301,31.086
2026-08-18 09:00:00,623.0,25.0,14.05,25.559,32.027
2026-08-18 10:00:00,765.0,25.0,14.64,30.303,38.83
2026-08-18 11:00:00,778.0,26.0,22.68,29.693,34.451
2026-08-18 12:00:00,955.0,26.0,8.54,40.403,34.583
2026-08-18 13:00:00,927.0,26.0,7.88,39.494,34.033
2026-08-18 14:00:00,716.0,25.0,20.11,32.677,36.233
2026-08-18 15:00:00,676.0,25.0,6.73,28.801,34.371
2026-08-18 16:00:00,463.0,24.0,9.1,18.498,33.871
2026-08-18 17:00:00,167.0,23.0,38.89,7.055,33.728
2026-08-18 18:00:00,30.0,23.0,40.21,1.509,36.518
2026-08-18 19:00:00,0.0,23.0,43.65,0.0,39.344
2026-08-18 20:00:00,0.0,22.0,47.09,0.0,40.49
2026-08-18 21:00:00,0.0,22.0,50.53,0.0,36.45
2026-08-18 22:00:00,0.0,22.0,53.98,0.0,31.519
2026-08-18 23:00:00,0.0,22.0,57.42,0.0,17.5
2026-08-19 00:00:00,0.0,22.0,60.86,0.0,10.0
2026-08-19 01:00:00,0.0,22.0,64.3,0.0,10.617
2026-08-19 02:00:00,0.0,22.0,67.75,0.0,10.0
2026-08-19 03:00:00,0.0,22.0,71.19,0.0,10.618
2026-08-19 04:00:00,0.0,22.0,74.63,0.0,11.211
2026-08-19 05:00:00,0.0,22.0,78.07,0.0,10.0
2026-08-19 06:00:00,9.0,22.0,81.51,0.386,14.947
2026-08-19 07:00:00,183.0,23.0,32.66,8.568,21.226
2026-08-19 08:00:00,358.0,24.0,29.53,15.471,29.213
2026-08-19 09:00:00,551.0,25.0,23.86,24.263,31.48
2026-08-19 10:00:00,724.0,26.0,19.13,30.487,32.93
2026-08-19 11:00:00,715.0,26.0,28.89,29.901,33.32
2026-08-19 12:00:00,838.0,26.0,19.69,35.726,32.952
2026-08-19 13:00:00,896.0,26.0,10.89,39.248,32.78
2026-08-19 14:00:00,723.0,25.0,19.25,31.691,31.256
2026-08-19 15:00:00,625.0,25.0,13.64,25.26,32.36
2026-08-19 16:00:00,471.0,24.0,7.29,19.936,33.417
2026-08-19 17:00:00,212.0,23.0,21.99,8.549,33.734
2026-08-19 18:00:00,12.0,23.0,75.35,0.502,41.885
2026-08-19 19:00:00,0.0,22.0,75.99,0.0,40.963
2026-08-19 20:00:00,0.0,23.0,76.64,0.0,41.406
2026-08-19 21:00:00,0.0,23.0,77.28,0.0,39.152
2026-08-19 22:00:00,0.0,23.0,77.92,0.0,33.961
2026-08-19 23:00:00,0.0,22.0,78.56,0.0,15.364
2026-08-20 00:00:00,0.0,22.0,79.2,0.0,12.676
2026-08-20 01:00:00,0.0,22.0,79.84,0.0,10.294
2026-08-20 02:00:00,0.0,22.0,80.48,0.0,13.702
2026-08-20 03:00:00,0.0,22.0,81.12,0.0,10.708
2026-08-20 04:00:00,0.0,22.0,81.76,0.0,10.0
2026-08-20 05:00:00,0.0,22.0,82.41,0.0,10.924
2026-08-20 06:00:00,8.0,23.0,83.05,0.302,17.871
2026-08-20 07:00:00,147.0,23.0,45.59,6.595,23.114
2026-08-20 08:00:00,410.0,24.0,19.08,19.079,28.417
2026-08-20 09:00:00,603.0,25.0,16.55,25.485,38.872
2026-08-20 10:00:00,794.0,26.0,11.22,32.889,32.517
2026-08-20 11:00:00,893.0,26.0,11.11,39.745,33.205
2026-08-20 12:00:00,955.0,26.0,8.41,39.316,31.177
2026-08-20 13:00:00,925.0,26.0,7.93,40.911,34.72
2026-08-20 14:00:00,831.0,25.0,7.08,31.96,30.238
2026-08-20 15:00:00,645.0,25.0,10.73,29.634,38.179
2026-08-20 16:00:00,469.0,24.0,7.43,21.823,34.172
2026-08-20 17:00:00,179.0,23.0,33.75,9.424,33.981
2026-08-20 18:00:00,19.0,23.0,59.74,0.882,37.245
2026-08-20 19:00:00,0.0,23.0,61.63,0.0,40.102
2026-08-20 20:00:00,0.0,23.0,63.53,0.0,41.732
2026-08-20 21:00:00,0.0,23.0,65.42,0.0,37.408
2026-08-20 22:00:00,0.0,23.0,67.32,0.0,29.099
2026-08-20 23:00:00,0.0,23.0,69.21,0.0,17.042
2026-08-21 00:00:00,0.0,23.0,71.11,0.0,10.0
2026-08-21 01:00:00,0.0,23.0,73.01,0.0,11.384
2026-08-21 02:00:00,0.0,23.0,74.9,0.0,10.0
2026-08-21 03:00:00,0.0,23.0,76.8,0.0,10.0
2026-08-21 04:00:00,0.0,23.0,78.69,0.0,10.573
2026-08-21 05:00:00,0.0,22.0,80.59,0.0,10.0
2026-08-21 06:00:00,8.0,23.0,82.49,0.282,14.844
2026-08-21 07:00:00,184.0,23.0,31.5,8.386,22.636
2026-08-21 08:00:00,410.0,24.0,18.85,18.929,26.898
2026-08-21 09:00:00,497.0,26.0,31.1,22.746,32.999
2026-08-21 10:00:00,567.0,26.0,36.53,24.545,32.57
2026-08-21 11:00:00,475.0,26.0,52.68,23.405,31.471
2026-08-21 12:00:00,657.0,26.0,36.94,30.051,31.717
2026-08-21 13:00:00,570.0,26.0,43.21,25.253,32.442
2026-08-21 14:00:00,546.0,25.0,38.88,25.552,31.325
2026-08-21 15:00:00,321.0,24.0,55.5,14.644,33.06
2026-08-21 16:00:00,225.0,24.0,55.47,10.241,34.304
2026-08-21 17:00:00,147.0,23.0,45.27,7.444,37.362
2026-08-21 18:00:00,32.0,22.0,29.94,1.389,40.611
2026-08-21 19:00:00,0.0,22.0,34.27,0.0,39.209
2026-08-21 20:00:00,0.0,22.0,38.6,0.0,40.496
2026-08-21 21:00:00,0.0,22.0,42.93,0.0,38.127
2026-08-21 22:00:00,0.0,22.0,47.26,0.0,32.805
2026-08-21 23:00:00,0.0,22.0,51.58,0.0,15.193
2026-08-22 00:00:00,0.0,22.0,55.91,0.0,10.0
2026-08-22 01:00:00,0.0,22.0,60.24,0.0,10.0
2026-08-22 02:00:00,0.0,22.0,64.57,0.0,10.0
2026-08-22 03:00:00,0.0,22.0,68.9,0.0,10.0
2026-08-22 04:00:00,0.0,22.0,73.23,0.0,10.0
2026-08-22 05:00:00,0.0,22.0,77.55,0.0,10.0
2026-08-22 06:00:00,8.0,22.0,81.88,0.312,16.295
2026-08-22 07:00:00,161.0,23.0,39.7,8.126,21.321
2026-08-22 08:00:00,410.0,25.0,18.62,20.264,23.892
2026-08-22 09:00:00,624.0,27.0,13.35,27.298,29.096
2026-08-22 10:00:00,734.0,28.0,17.74,32.268,28.439
2026-08-22 11:00:00,911.0,28.0,9.16,36.9,32.919
2026-08-22 12:00:00,956.0,28.0,8.16,37.983,32.48
2026-08-22 13:00:00,929.0,27.0,7.37,34.171,29.228
2026-08-22 14:00:00,723.0,27.0,18.97,30.268,28.44
2026-08-22 15:00:00,483.0,26.0,32.93,22.189,29.02
2026-08-22 16:00:00,440.0,25.0,12.66,19.891,29.385
2026-08-22 17:00:00,119.0,24.0,55.43,5.523,29.53
2026-08-22 18:00:00,15.0,24.0,66.03,0.621,35.699
2026-08-22 19:00:00,0.0,23.0,67.3,0.0,37.168
2026-08-22 20:00:00,0.0,23.0,68.56,0.0,36.779
2026-08-22 21:00:00,0.0,23.0,69.83,0.0,33.609
2026-08-22 22:00:00,0.0,23.0,71.1,0.0,26.425
2026-08-22 23:00:00,0.0,23.0,72.36,0.0,14.252
2026-08-23 00:00:00,0.0,23.0,73.63,0.0,10.741
2026-08-23 01:00:00,0.0,23.0,74.9,0.0,10.0
2026-08-23 02:00:00,0.0,23.0,76.16,0.0,10.59
2026-08-23 03:00:00,0.0,23.0,77.43,0.0,11.291
2026-08-23 04:00:00,0.0,23.0,78.7,0.0,11.173
2026-08-23 05:00:00,0.0,23.0,79.96,0.0,11.691
2026-08-23 06:00:00,8.0,23.0,81.23,0.294,12.307
2026-08-23 07:00:00,128.0,23.0,51.76,5.784,22.527
2026-08-23 08:00:00,329.0,25.0,34.5,13.662,23.726
2026-08-23 09:00:00,351.0,26.0,51.17,16.771,28.096
2026-08-23 10:00:00,440.0,27.0,50.63,21.056,30.746
2026-08-23 11:00:00,688.0,26.0,31.33,24.23,30.042
2026-08-23 12:00:00,547.0,26.0,47.4,23.655,26.931
2026-08-23 13:00:00,647.0,26.0,35.42,29.998,27.018
2026-08-23 14:00:00,645.0,26.0,27.63,25.797,29.286
2026-08-23 15:00:00,388.0,25.0,46.03,18.346,29.915
2026-08-23 16:00:00,274.0,24.0,45.45,11.016,27.72
2026-08-23 17:00:00,137.0,23.0,48.37,6.875,30.23
2026-08-23 18:00:00,11.0,23.0,74.19,0.455,31.659
2026-08-23 19:00:00,0.0,23.0,74.72,0.0,36.704
2026-08-23 20:00:00,0.0,23.0,75.25,0.0,34.183
2026-08-23 21:00:00,0.0,22.0,75.78,0.0,33.483
2026-08-23 22:00:00,0.0,22.0,76.3,0.0,27.918
2026-08-23 23:00:00,0.0,22.0,76.83,0.0,16.955
2026-08-24 00:00:00,0.0,22.0,77.36,0.0,11.139
2026-08-24 01:00:00,0.0,22.0,77.89,0.0,10.0
2026-08-24 02:00:00,0.0,22.0,78.42,0.0,10.703
2026-08-24 03:00:00,0.0,22.0,78.94,0.0,13.199
2026-08-24 04:00:00,0.0,21.0,79.47,0.0,11.536
2026-08-24 05:00:00,0.0,21.0,80.0,0.0,11.117
2026-08-24 06:00:00,8.0,22.0,80.53,0.283,14.833
2026-08-24 07:00:00,112.0,23.0,57.52,5.321,22.137
2026-08-24 08:00:00,269.0,24.0,46.29,11.883,29.452
2026-08-24 09:00:00,602.0,25.0,16.1,26.307,34.504
2026-08-24 10:00:00,638.0,26.0,28.32,30.481,33.004
2026-08-24 11:00:00,904.0,26.0,9.68,37.486,35.513
2026-08-24 12:00:00,745.0,27.0,28.3,33.82,33.461
2026-08-24 13:00:00,532.0,26.0,46.85,24.41,30.789
2026-08-24 14:00:00,515.0,26.0,42.14,21.735,35.749
2026-08-24 15:00:00,347.0,25.0,51.64,16.638,41.113
2026-08-24 16:00:00,176.0,24.0,64.86,7.827,34.202
2026-08-24 17:00:00,114.0,23.0,56.77,5.269,35.786
2026-08-24 18:00:00,7.0,22.0,82.96,0.245,38.626
2026-08-24 19:00:00,0.0,22.0,82.91,0.0,42.514
2026-08-24 20:00:00,0.0,22.0,82.85,0.0,40.407
2026-08-24 21:00:00,0.0,22.0,82.8,0.0,36.602
2026-08-24 22:00:00,0.0,22.0,82.74,0.0,35.629
2026-08-24 23:00:00,0.0,22.0,82.68,0.0,14.531
2026-08-25 00:00:00,0.0,22.0,82.63,0.0,11.217
2026-08-25 01:00:00,0.0,22.0,82.57,0.0,10.9
2026-08-25 02:00:00,0.0,22.0,82.52,0.0,10.922
2026-08-25 03:00:00,0.0,22.0,82.46,0.0,10.074
2026-08-25 04:00:00,0.0,22.0,82.41,0.0,10.389
2026-08-25 05:00:00,0.0,22.0,82.35,0.0,11.394
2026-08-25 06:00:00,7.0,22.0,82.29,0.251,16.672
2026-08-25 07:00:00,138.0,23.0,47.33,6.621,22.997
2026-08-25 08:00:00,282.0,23.0,43.52,13.906,28.404
2026-08-25 09:00:00,279.0,24.0,61.04,12.563,28.65
2026-08-25 10:00:00,408.0,25.0,54.1,18.408,35.069
2026-08-25 11:00:00,220.0,26.0,78.0,10.109,34.25
2026-08-25 12:00:00,317.0,26.0,69.46,14.455,37.866
2026-08-25 13:00:00,324.0,26.0,67.59,15.246,31.426
2026-08-25 14:00:00,216.0,26.0,75.7,10.263,31.295
2026-08-25 15:00:00,319.0,25.0,55.46,14.34,34.454
2026-08-25 16:00:00,158.0,24.0,68.35,7.125,33.276
2026-08-25 17:00:00,153.0,23.0,41.6,8.046,34.869
2026-08-25 18:00:00,10.0,22.0,74.71,0.353,37.107
2026-08-25 19:00:00,0.0,22.0,75.28,0.0,43.666
2026-08-25 20:00:00,0.0,22.0,75.85,0.0,42.262
2026-08-25 21:00:00,0.0,22.0,76.42,0.0,38.387
2026-08-25 22:00:00,0.0,22.0,76.99,0.0,32.655
2026-08-25 23:00:00,0.0,22.0,77.57,0.0,17.537
2026-08-26 00:00:00,0.0,22.0,78.14,0.0,10.0
2026-08-26 01:00:00,0.0,22.0,78.71,0.0,12.849
2026-08-26 02:00:00,0.0,22.0,79.28,0.0,10.877
2026-08-26 03:00:00,0.0,22.0,79.85,0.0,10.0
2026-08-26 04:00:00,0.0,22.0,80.43,0.0,10.0
2026-08-26 05:00:00,0.0,22.0,81.0,0.0,12.582
2026-08-26 06:00:00,7.0,22.0,81.57,0.255,16.296
2026-08-26 07:00:00,116.0,23.0,55.43,6.34,23.676
2026-08-26 08:00:00,238.0,24.0,52.18,11.265,38.537
2026-08-26 09:00:00,384.0,24.0,46.28,16.737,29.096
2026-08-26 10:00:00,364.0,25.0,58.99,15.587,32.962
2026-08-26 11:00:00,345.0,25.0,65.45,15.037,36.473
2026-08-26 12:00:00,379.0,25.0,63.45,16.819,31.72
2026-08-26 13:00:00,300.0,25.0,69.96,14.691,38.878
2026-08-26 14:00:00,244.0,25.0,72.51,11.015,42.443
2026-08-26 15:00:00,252.0,24.0,64.74,12.183,33.797
2026-08-26 16:00:00,156.0,23.0,68.65,6.899,37.309
2026-08-26 17:00:00,47.0,23.0,81.94,2.233,34.538
2026-08-26 18:00:00,6.0,22.0,84.2,0.205,39.168
2026-08-26 19:00:00,0.0,22.0,83.92,0.0,40.549
2026-08-26 20:00:00,0.0,22.0,83.63,0.0,40.366
2026-08-26 21:00:00,0.0,22.0,83.35,0.0,35.634
2026-08-26 22:00:00,0.0,22.0,83.06,0.0,33.107
2026-08-26 23:00:00,0.0,22.0,82.78,0.0,14.726
2026-08-27 00:00:00,0.0,22.0,82.49,0.0,12.064
2026-08-27 01:00:00,0.0,22.0,82.21,0.0,10.44
2026-08-27 02:00:00,0.0,22.0,81.92,0.0,10.379
2026-08-27 03:00:00,0.0,22.0,81.64,0.0,10.141
2026-08-27 04:00:00,0.0,22.0,81.35,0.0,12.441
2026-08-27 05:00:00,0.0,22.0,81.06,0.0,12.893
2026-08-27 06:00:00,7.0,22.0,80.78,0.258,15.96
2026-08-27 07:00:00,96.0,23.0,62.87,4.855,21.741
2026-08-27 08:00:00,187.0,24.0,62.3,9.354,29.793
2026-08-27 09:00:00,440.0,24.0,38.32,20.134,36.056
2026-08-27 10:00:00,323.0,25.0,63.56,14.6,36.11
2026-08-27 11:00:00,362.0,25.0,63.71,18.038,33.448
2026-08-27 12:00:00,304.0,25.0,70.65,14.699,33.456
2026-08-27 13:00:00,328.0,25.0,67.12,14.817,30.983
2026-08-27 14:00:00,285.0,24.0,67.85,12.978,31.766
2026-08-27 15:00:00,162.0,24.0,77.29,7.708,31.918
2026-08-27 16:00:00,206.0,23.0,58.47,9.986,34.511
2026-08-27 17:00:00,88.0,22.0,65.96,4.26,35.533
2026-08-27 18:00:00,9.0,22.0,75.29,0.29,38.632
2026-08-27 19:00:00,0.0,22.0,75.67,0.0,40.061
2026-08-27 20:00:00,0.0,22.0,76.06,0.0,38.96
2026-08-27 21:00:00,0.0,22.0,76.44,0.0,39.796
2026-08-27 22:00:00,0.0,22.0,76.83,0.0,30.409
2026-08-27 23:00:00,0.0,22.0,77.22,0.0,17.021
2026-08-28 00:00:00,0.0,22.0,77.6,0.0,11.888
2026-08-28 01:00:00,0.0,22.0,77.99,0.0,10.0
2026-08-28 02:00:00,0.0,22.0,78.37,0.0,10.0
2026-08-28 03:00:00,0.0,22.0,78.76,0.0,11.599
2026-08-28 04:00:00,0.0,22.0,79.14,0.0,10.0
2026-08-28 05:00:00,0.0,22.0,79.53,0.0,10.0
2026-08-28 06:00:00,7.0,22.0,79.92,0.258,15.672
2026-08-28 07:00:00,115.0,22.0,55.21,5.307,24.789
2026-08-28 08:00:00,208.0,23.0,57.93,9.7,30.755
2026-08-28 09:00:00,371.0,24.0,47.88,18.294,36.778
2026-08-28 10:00:00,272.0,25.0,69.26,12.123,35.458
2026-08-28 11:00:00,474.0,25.0,52.42,20.066,34.24
2026-08-28 12:00:00,516.0,25.0,50.12,22.763,29.413
2026-08-28 13:00:00,465.0,25.0,53.32,20.746,31.897
2026-08-28 14:00:00,446.0,25.0,49.6,20.602,35.889
2026-08-28 15:00:00,319.0,24.0,55.19,14.634,34.311
2026-08-28 16:00:00,127.0,24.0,74.31,6.159,35.453
2026-08-28 17:00:00,85.0,23.0,66.9,4.132,32.68
2026-08-28 18:00:00,10.0,22.0,71.31,0.368,39.235
2026-08-28 19:00:00,0.0,22.0,72.2,0.0,40.701
2026-08-28 20:00:00,0.0,22.0,73.08,0.0,40.589
2026-08-28 21:00:00,0.0,22.0,73.97,0.0,39.364
2026-08-28 22:00:00,0.0,22.0,74.86,0.0,31.531
2026-08-28 23:00:00,0.0,22.0,75.75,0.0,16.771
2026-08-29 00:00:00,0.0,22.0,76.64,0.0,11.996
2026-08-29 01:00:00,0.0,22.0,77.53,0.0,12.531
2026-08-29 02:00:00,0.0,22.0,78.42,0.0,10.568
2026-08-29 03:00:00,0.0,22.0,79.31,0.0,10.329
2026-08-29 04:00:00,0.0,22.0,80.19,0.0,10.0
2026-08-29 05:00:00,0.0,22.0,81.08,0.0,13.204
2026-08-29 06:00:00,6.0,22.0,81.97,0.205,15.614
2026-08-29 07:00:00,110.0,22.0,56.86,5.661,20.851
2026-08-29 08:00:00,112.0,23.0,77.27,5.503,25.289
2026-08-29 09:00:00,102.0,24.0,85.64,4.988,27.315
2026-08-29 10:00:00,142.0,26.0,83.93,7.214,30.211
2026-08-29 11:00:00,241.0,26.0,75.78,12.177,30.794
2026-08-29 12:00:00,235.0,26.0,77.26,11.532,30.975
2026-08-29 13:00:00,223.0,26.0,77.59,11.772,28.896
2026-08-29 14:00:00,187.0,25.0,78.84,10.029,30.59
2026-08-29 15:00:00,154.0,25.0,78.32,7.199,30.681
2026-08-29 16:00:00,252.0,24.0,48.85,12.251,29.186
2026-08-29 17:00:00,171.0,23.0,32.94,8.351,27.346
2026-08-29 18:00:00,8.0,23.0,75.96,0.341,33.9
2026-08-29 19:00:00,0.0,23.0,76.65,0.0,38.012
2026-08-29 20:00:00,0.0,23.0,77.34,0.0,34.335
2026-08-29 21:00:00,0.0,23.0,78.03,0.0,33.485
2026-08-29 22:00:00,0.0,23.0,78.72,0.0,28.271
2026-08-29 23:00:00,0.0,23.0,79.41,0.0,16.649
2026-08-30 00:00:00,0.0,22.0,80.1,0.0,10.113
2026-08-30 01:00:00,0.0,22.0,80.79,0.0,10.0
2026-08-30 02:00:00,0.0,22.0,81.47,0.0,10.962
2026-08-30 03:00:00,0.0,22.0,82.16,0.0,10.0
2026-08-30 04:00:00,0.0,22.0,82.85,0.0,10.0
2026-08-30 05:00:00,0.0,22.0,83.54,0.0,13.561
2026-08-30 06:00:00,5.0,22.0,84.23,0.155,16.218
2026-08-30 07:00:00,95.0,22.0,62.48,4.617,23.297
2026-08-30 08:00:00,175.0,23.0,64.36,8.242,26.394
2026-08-30 09:00:00,272.0,24.0,61.62,13.377,27.763
2026-08-30 10:00:00,322.0,24.0,63.5,15.759,28.147
2026-08-30 11:00:00,427.0,24.0,57.02,19.92,27.78
2026-08-30 12:00:00,638.0,24.0,38.17,29.842,27.937
2026-08-30 13:00:00,496.0,24.0,50.08,24.292,26.281
2026-08-30 14:00:00,384.0,24.0,56.47,17.082,25.887
2026-08-30 15:00:00,406.0,24.0,42.71,17.777,27.985
2026-08-30 16:00:00,355.0,24.0,27.7,15.637,31.078
2026-08-30 17:00:00,191.0,23.0,24.56,8.144,27.955
2026-08-30 18:00:00,12.0,22.0,62.15,0.472,32.077
2026-08-30 19:00:00,0.0,22.0,63.65,0.0,36.658
2026-08-30 20:00:00,0.0,22.0,65.14,0.0,34.839
2026-08-30 21:00:00,0.0,22.0,66.64,0.0,34.05
2026-08-30 22:00:00,0.0,22.0,68.13,0.0,29.426
2026-08-30 23:00:00,0.0,22.0,69.63,0.0,15.976
2026-08-31 00:00:00,0.0,22.0,71.12,0.0,10.0
2026-08-31 01:00:00,0.0,22.0,72.61,0.0,12.296
2026-08-31 02:00:00,0.0,22.0,74.11,0.0,11.239
2026-08-31 03:00:00,0.0,22.0,75.6,0.0,10.238
2026-08-31 04:00:00,0.0,22.0,77.1,0.0,10.47
2026-08-31 05:00:00,0.0,22.0,78.59,0.0,11.724
2026-08-31 06:00:00,6.0,22.0,80.09,0.217,15.563
2026-08-31 07:00:00,147.0,23.0,41.51,7.318,20.716
2026-08-31 08:00:00,398.0,24.0,18.65,18.419,29.55
2026-08-31 09:00:00,498.0,26.0,29.57,21.474,42.967
2026-08-31 10:00:00,789.0,27.0,10.4,33.508,30.529
2026-08-31 11:00:00,670.0,27.0,32.47,28.839,34.965
2026-08-31 12:00:00,708.0,27.0,31.3,29.62,35.709
2026-08-31 13:00:00,805.0,27.0,18.86,33.185,31.471
2026-08-31 14:00:00,717.0,26.0,18.58,31.268,32.597
2026-08-31 15:00:00,317.0,26.0,55.17,15.117,37.745
2026-08-31 16:00:00,217.0,25.0,55.64,9.661,36.575
2026-08-31 17:00:00,216.0,24.0,14.06,9.872,39.569
2026-08-31 18:00:00,10.0,23.0,66.81,0.402,37.77
2026-08-31 19:00:00,0.0,23.0,68.12,0.0,41.979
2026-08-31 20:00:00,0.0,23.0,69.42,0.0,44.224
2026-08-31 21:00:00,0.0,23.0,70.73,0.0,37.625
2026-08-31 22:00:00,0.0,23.0,72.04,0.0,31.984
2026-08-31 23:00:00,0.0,23.0,73.34,0.0,17.219
2026-09-01 00:00:00,0.0,23.0,74.65,0.0,10.0
2026-09-01 01:00:00,0.0,23.0,75.96,0.0,12.968
2026-09-01 02:00:00,0.0,23.0,77.26,0.0,10.0
2026-09-01 03:00:00,0.0,23.0,78.57,0.0,10.0
2026-09-01 04:00:00,0.0,23.0,79.88,0.0,10.0
2026-09-01 05:00:00,0.0,23.0,81.18,0.0,12.114
2026-09-01 06:00:00,5.0,23.0,82.49,0.15,14.883
2026-09-01 07:00:00,150.0,23.0,39.87,6.497,23.423
2026-09-01 08:00:00,408.0,24.0,16.29,18.049,29.288
2026-09-01 09:00:00,550.0,25.0,22.03,24.744,29.557
2026-09-01 10:00:00,454.0,25.0,48.35,21.431,31.461
2026-09-01 11:00:00,597.0,25.0,39.74,26.85,33.239
2026-09-01 12:00:00,630.0,25.0,38.78,30.013,32.733
2026-09-01 13:00:00,416.0,25.0,58.01,19.062,30.796
2026-09-01 14:00:00,444.0,25.0,49.49,21.132,32.162
2026-09-01 15:00:00,558.0,25.0,20.9,26.958,38.488
2026-09-01 16:00:00,263.0,24.0,46.04,12.713,38.519
2026-09-01 17:00:00,221.0,23.0,11.41,10.043,34.727
2026-09-01 18:00:00,5.0,23.0,82.49,0.154,38.477
2026-09-01 19:00:00,0.0,23.0,82.4,0.0,42.17
2026-09-01 20:00:00,0.0,23.0,82.32,0.0,40.422
2026-09-01 21:00:00,0.0,23.0,82.23,0.0,39.14
2026-09-01 22:00:00,0.0,23.0,82.15,0.0,32.66
2026-09-01 23:00:00,0.0,23.0,82.06,0.0,19.819
2026-09-02 00:00:00,0.0,23.0,81.98,0.0,10.329
2026-09-02 01:00:00,0.0,23.0,81.89,0.0,10.302
2026-09-02 02:00:00,0.0,23.0,81.81,0.0,10.0
2026-09-02 03:00:00,0.0,23.0,81.72,0.0,10.0
2026-09-02 04:00:00,0.0,23.0,81.64,0.0,10.0
2026-09-02 05:00:00,0.0,23.0,81.55,0.0,12.131
2026-09-02 06:00:00,5.0,23.0,81.47,0.13,17.032
2026-09-02 07:00:00,109.0,24.0,55.98,5.405,23.414
2026-09-02 08:00:00,144.0,24.0,70.35,6.735,28.086
2026-09-02 09:00:00,333.0,25.0,52.68,15.108,30.559
2026-09-02 10:00:00,382.0,25.0,56.46,17.026,30.966
2026-09-02 11:00:00,522.0,26.0,47.22,26.394,32.72
2026-09-02 12:00:00,628.0,26.0,38.88,25.99,36.819
2026-09-02 13:00:00,802.0,26.0,18.92,34.198,39.87
2026-09-02 14:00:00,259.0,25.0,70.48,13.001,34.522
2026-09-02 15:00:00,267.0,25.0,62.06,13.8,30.54
2026-09-02 16:00:00,185.0,24.0,61.9,8.941,37.905
2026-09-02 17:00:00,96.0,24.0,61.23,4.645,38.819
2026-09-02 18:00:00,4.0,23.0,85.17,0.093,39.292
2026-09-02 19:00:00,0.0,23.0,85.75,0.0,40.67
2026-09-02 20:00:00,0.0,23.0,86.33,0.0,42.432
2026-09-02 21:00:00,0.0,23.0,86.91,0.0,39.075
2026-09-02 22:00:00,0.0,23.0,87.49,0.0,33.448
2026-09-02 23:00:00,0.0,23.0,88.07,0.0,15.467
2026-09-03 00:00:00,0.0,23.0,88.65,0.0,10.0
2026-09-03 01:00:00,0.0,23.0,89.23,0.0,11.109
2026-09-03 02:00:00,0.0,23.0,89.81,0.0,10.0
2026-09-03 03:00:00,0.0,23.0,90.39,0.0,11.676
2026-09-03 04:00:00,0.0,23.0,90.97,0.0,10.0
2026-09-03 05:00:00,0.0,23.0,91.55,0.0,10.544
2026-09-03 06:00:00,2.0,23.0,92.13,0.0,15.138
2026-09-03 07:00:00,70.0,23.0,71.51,3.514,22.535
2026-09-03 08:00:00,332.0,24.0,31.37,16.203,28.866
2026-09-03 09:00:00,205.0,25.0,70.79,9.665,41.012
2026-09-03 10:00:00,156.0,26.0,82.19,7.716,33.896
2026-09-03 11:00:00,152.0,27.0,84.61,7.357,35.307
2026-09-03 12:00:00,155.0,26.0,84.89,7.783,32.26
2026-09-03 13:00:00,155.0,26.0,84.3,7.409,35.252
2026-09-03 14:00:00,189.0,25.0,78.42,8.873,43.323
2026-09-03 15:00:00,186.0,25.0,73.5,8.686,32.813
2026-09-03 16:00:00,154.0,24.0,68.16,7.977,39.341
2026-09-03 17:00:00,83.0,24.0,66.22,4.143,33.534
2026-09-03 18:00:00,4.0,23.0,84.25,0.086,39.509
2026-09-03 19:00:00,0.0,23.0,84.87,0.0,40.139
2026-09-03 20:00:00,0.0,23.0,85.48,0.0,39.895
2026-09-03 21:00:00,0.0,23.0,86.09,0.0,35.466
2026-09-03 22:00:00,0.0,23.0,86.7,0.0,31.442
2026-09-03 23:00:00,0.0,23.0,87.32,0.0,17.991
2026-09-04 00:00:00,0.0,23.0,87.93,0.0,10.587
2026-09-04 01:00:00,0.0,23.0,88.54,0.0,10.365
2026-09-04 02:00:00,0.0,23.0,89.16,0.0,10.589
2026-09-04 03:00:00,0.0,23.0,89.77,0.0,10.0
2026-09-04 04:00:00,0.0,23.0,90.38,0.0,10.535
2026-09-04 05:00:00,0.0,23.0,90.99,0.0,12.446
2026-09-04 06:00:00,2.0,23.0,91.61,0.001,16.429
2026-09-04 07:00:00,137.0,23.0,43.8,6.299,24.369
2026-09-04 08:00:00,388.0,24.0,19.47,17.356,30.27
2026-09-04 09:00:00,607.0,25.0,13.3,27.944,32.178
2026-09-04 10:00:00,634.0,26.0,27.46,28.156,32.001
2026-09-04 11:00:00,401.0,26.0,59.32,17.329,33.018
2026-09-04 12:00:00,566.0,26.0,44.75,25.604,35.204
2026-09-04 13:00:00,670.0,26.0,32.04,29.401,32.74
2026-09-04 14:00:00,354.0,25.0,59.5,16.34,32.203
2026-09-04 15:00:00,393.0,25.0,43.86,17.129,32.046
2026-09-04 16:00:00,191.0,24.0,60.36,8.615,33.372
2026-09-04 17:00:00,185.0,23.0,24.11,9.581,42.902
2026-09-04 18:00:00,6.0,23.0,74.82,0.227,39.021
2026-09-04 19:00:00,0.0,23.0,76.17,0.0,40.773
2026-09-04 20:00:00,0.0,23.0,77.52,0.0,40.598
2026-09-04 21:00:00,0.0,22.0,78.87,0.0,40.169
2026-09-04 22:00:00,0.0,22.0,80.22,0.0,32.935
2026-09-04 23:00:00,0.0,22.0,81.57,0.0,17.248
2026-09-05 00:00:00,0.0,22.0,82.92,0.0,11.273
2026-09-05 01:00:00,0.0,22.0,84.27,0.0,10.0
2026-09-05 02:00:00,0.0,22.0,85.62,0.0,10.545
2026-09-05 03:00:00,0.0,22.0,86.97,0.0,11.659
2026-09-05 04:00:00,0.0,22.0,88.32,0.0,10.045
2026-09-05 05:00:00,0.0,22.0,89.67,0.0,12.352
2026-09-05 06:00:00,2.0,22.0,91.02,0.0,15.683
2026-09-05 07:00:00,136.0,23.0,43.76,6.004,21.819
2026-09-05 08:00:00,257.0,24.0,46.45,12.14,25.241
2026-09-05 09:00:00,572.0,25.0,18.08,25.959,28.801
2026-09-05 10:00:00,496.0,26.0,43.14,23.358,27.079
2026-09-05 11:00:00,766.0,26.0,22.16,34.493,29.586
2026-09-05 12:00:00,396.0,26.0,61.28,16.062,29.718
2026-09-05 13:00:00,359.0,26.0,63.52,16.014,28.971
2026-09-05 14:00:00,319.0,25.0,63.43,15.741,29.668
2026-09-05 15:00:00,397.0,25.0,43.14,16.401,28.98
2026-09-05 16:00:00,237.0,24.0,50.61,11.55,28.504
2026-09-05 17:00:00,114.0,23.0,52.86,4.778,27.385
2026-09-05 18:00:00,3.0,23.0,86.52,0.056,33.398
2026-09-05 19:00:00,0.0,23.0,86.44,0.0,36.554
2026-09-05 20:00:00,0.0,23.0,86.35,0.0,36.485
2026-09-05 21:00:00,0.0,23.0,86.27,0.0,31.411
2026-09-05 22:00:00,0.0,22.0,86.18,0.0,29.685
2026-09-05 23:00:00,0.0,22.0,86.1,0.0,13.966
2026-09-06 00:00:00,0.0,22.0,86.01,0.0,10.486
2026-09-06 01:00:00,0.0,22.0,85.93,0.0,10.0
2026-09-06 02:00:00,0.0,22.0,85.84,0.0,10.748
2026-09-06 03:00:00,0.0,22.0,85.76,0.0,10.296
2026-09-06 04:00:00,0.0,23.0,85.67,0.0,11.359
2026-09-06 05:00:00,0.0,23.0,85.59,0.0,13.565
2026-09-06 06:00:00,3.0,23.0,85.51,0.046,15.477
2026-09-06 07:00:00,136.0,23.0,43.3,6.863,19.853
2026-09-06 08:00:00,401.0,24.0,16.1,18.072,25.815
2026-09-06 09:00:00,365.0,25.0,47.58,16.524,30.283
2026-09-06 10:00:00,595.0,26.0,31.64,28.538,30.049
2026-09-06 11:00:00,586.0,25.0,40.35,26.189,30.114
2026-09-06 12:00:00,376.0,25.0,63.17,18.327,25.739
2026-09-06 13:00:00,401.0,25.0,59.18,18.956,28.348
2026-09-06 14:00:00,349.0,25.0,59.91,15.979,27.759
2026-09-06 15:00:00,227.0,24.0,67.4,11.245,27.498
2026-09-06 16:00:00,233.0,24.0,51.25,10.971,29.239
2026-09-06 17:00:00,37.0,23.0,84.57,1.915,29.832
2026-09-06 18:00:00,3.0,23.0,85.51,0.053,32.906
2026-09-06 19:00:00,0.0,23.0,86.28,0.0,36.094
2026-09-06 20:00:00,0.0,23.0,87.05,0.0,35.177
2026-09-06 21:00:00,0.0,23.0,87.82,0.0,34.353
2026-09-06 22:00:00,0.0,23.0,88.6,0.0,28.359
2026-09-06 23:00:00,0.0,23.0,89.37,0.0,15.856
2026-09-07 00:00:00,0.0,23.0,90.14,0.0,12.171
2026-09-07 01:00:00,0.0,23.0,90.91,0.0,11.277
2026-09-07 02:00:00,0.0,23.0,91.69,0.0,10.191
2026-09-07 03:00:00,0.0,23.0,92.46,0.0,10.0
2026-09-07 04:00:00,0.0,22.0,93.23,0.0,11.219
2026-09-07 05:00:00,0.0,22.0,94.0,0.0,10.0
2026-09-07 06:00:00,1.0,23.0,94.78,0.0,15.879
2026-09-07 07:00:00,171.0,23.0,28.11,7.876,23.519
2026-09-07 08:00:00,310.0,24.0,34.86,14.087,30.366
2026-09-07 09:00:00,579.0,25.0,16.62,26.533,33.829
2026-09-07 10:00:00,336.0,26.0,61.32,16.751,38.706
2026-09-07 11:00:00,555.0,26.0,43.4,23.321,31.658
2026-09-07 12:00:00,375.0,26.0,63.2,18.337,32.956
2026-09-07 13:00:00,445.0,26.0,54.62,18.465,32.639
2026-09-07 14:00:00,295.0,25.0,66.04,12.847,37.073
2026-09-07 15:00:00,316.0,25.0,54.49,14.823,33.227
2026-09-07 16:00:00,217.0,24.0,54.4,10.173,34.337
2026-09-07 17:00:00,135.0,23.0,43.25,6.224,32.278
2026-09-07 18:00:00,3.0,22.0,84.33,0.039,37.608
2026-09-07 19:00:00,0.0,22.0,85.16,0.0,40.598
2026-09-07 20:00:00,0.0,22.0,85.99,0.0,40.703
2026-09-07 21:00:00,0.0,22.0,86.82,0.0,39.472
2026-09-07 22:00:00,0.0,22.0,87.66,0.0,31.543
2026-09-07 23:00:00,0.0,22.0,88.49,0.0,16.577
2026-09-08 00:00:00,0.0,22.0,89.32,0.0,13.945
2026-09-08 01:00:00,0.0,22.0,90.15,0.0,10.0
2026-09-08 02:00:00,0.0,22.0,90.99,0.0,10.0
2026-09-08 03:00:00,0.0,22.0,91.82,0.0,11.149
2026-09-08 04:00:00,0.0,22.0,92.65,0.0,11.883
2026-09-08 05:00:00,0.0,22.0,93.48,0.0,11.781
2026-09-08 06:00:00,1.0,22.0,94.32,0.0,18.533
2026-09-08 07:00:00,187.0,23.0,20.72,8.111,23.444
2026-09-08 08:00:00,421.0,24.0,11.16,18.203,25.733
2026-09-08 09:00:00,640.0,25.0,7.57,28.61,31.386
2026-09-08 10:00:00,813.0,26.0,6.19,32.16,32.201
2026-09-08 11:00:00,925.0,27.0,5.48,38.038,36.187
2026-09-08 12:00:00,966.0,27.0,5.03,39.488,41.773
2026-09-08 13:00:00,931.0,26.0,4.86,36.683,30.074
2026-09-08 14:00:00,801.0,26.0,7.57,32.154,38.8
2026-09-08 15:00:00,654.0,26.0,5.54,28.386,43.159
2026-09-08 16:00:00,439.0,25.0,7.36,20.461,43.16
2026-09-08 17:00:00,205.0,24.0,13.09,9.338,33.89
2026-09-08 18:00:00,2.0,23.0,88.63,0.004,40.949
2026-09-08 19:00:00,0.0,23.0,89.06,0.0,38.74
2026-09-08 20:00:00,0.0,23.0,89.49,0.0,41.624
2026-09-08 21:00:00,0.0,23.0,89.92,0.0,40.031
2026-09-08 22:00:00,0.0,23.0,90.35,0.0,31.876
2026-09-08 23:00:00,0.0,22.0,90.77,0.0,17.407
2026-09-09 00:00:00,0.0,22.0,91.2,0.0,10.944
2026-09-09 01:00:00,0.0,22.0,91.63,0.0,10.0
2026-09-09 02:00:00,0.0,22.0,92.06,0.0,10.0
2026-09-09 03:00:00,0.0,22.0,92.49,0.0,11.197
2026-09-09 04:00:00,0.0,22.0,92.92,0.0,10.0
2026-09-09 05:00:00,0.0,22.0,93.34,0.0,10.0
2026-09-09 06:00:00,1.0,22.0,93.77,0.0,16.171
2026-09-09 07:00:00,186.0,23.0,20.46,9.328,22.282
2026-09-09 08:00:00,414.0,25.0,12.26,20.362,32.401
2026-09-09 09:00:00,551.0,26.0,20.19,24.525,36.826
2026-09-09 10:00:00,767.0,27.0,11.29,31.801,34.824
2026-09-09 11:00:00,922.0,27.0,5.6,36.016,34.278
2026-09-09 12:00:00,369.0,27.0,63.65,15.148,31.757
2026-09-09 13:00:00,809.0,26.0,17.17,34.951,32.975
2026-09-09 14:00:00,752.0,26.0,13.03,30.152,34.149
2026-09-09 15:00:00,536.0,25.0,22.36,23.462,36.348
2026-09-09 16:00:00,434.0,25.0,8.02,21.126,36.269
2026-09-09 17:00:00,191.0,24.0,18.32,8.387,36.957
2026-09-09 18:00:00,2.0,23.0,87.55,0.0,40.201
2026-09-09 19:00:00,0.0,22.0,83.49,0.0,41.859
2026-09-09 20:00:00,0.0,22.0,79.44,0.0,39.387
2026-09-09 21:00:00,0.0,22.0,75.39,0.0,38.897
2026-09-09 22:00:00,0.0,22.0,71.34,0.0,34.686
2026-09-09 23:00:00,0.0,22.0,67.28,0.0,18.174
2026-09-10 00:00:00,0.0,22.0,63.23,0.0,10.0
2026-09-10 01:00:00,0.0,22.0,59.18,0.0,10.519
2026-09-10 02:00:00,0.0,22.0,55.12,0.0,10.888
2026-09-10 03:00:00,0.0,22.0,51.07,0.0,10.0
2026-09-10 04:00:00,0.0,22.0,47.02,0.0,10.0
2026-09-10 05:00:00,0.0,22.0,42.97,0.0,11.416
2026-09-10 06:00:00,1.0,22.0,38.91,0.0,16.235
2026-09-10 07:00:00,151.0,23.0,34.86,7.157,20.426
2026-09-10 08:00:00,384.0,24.0,18.25,17.397,34.262
2026-09-10 09:00:00,621.0,26.0,9.77,27.211,33.522
2026-09-10 10:00:00,746.0,27.0,13.52,32.784,33.444
2026-09-10 11:00:00,822.0,27.0,15.66,34.934,34.334
2026-09-10 12:00:00,512.0,27.0,49.47,21.088,34.05
2026-09-10 13:00:00,551.0,27.0,43.47,22.452,33.665
2026-09-10 14:00:00,524.0,26.0,39.25,23.257,34.364
2026-09-10 15:00:00,344.0,25.0,50.02,17.025,31.983
2026-09-10 16:00:00,415.0,25.0,11.65,19.237,33.696
2026-09-10 17:00:00,161.0,24.0,30.55,7.496,32.795
2026-09-10 18:00:00,2.0,23.0,29.94,0.0,41.054
2026-09-10 19:00:00,0.0,23.0,29.34,0.0,42.388
2026-09-10 20:00:00,0.0,23.0,28.74,0.0,39.446
2026-09-10 21:00:00,0.0,23.0,28.13,0.0,38.2
2026-09-10 22:00:00,0.0,22.0,27.53,0.0,33.583
2026-09-10 23:00:00,0.0,22.0,26.92,0.0,15.595
2026-09-11 00:00:00,0.0,22.0,26.32,0.0,11.992
2026-09-11 01:00:00,0.0,22.0,25.72,0.0,12.436
2026-09-11 02:00:00,0.0,22.0,25.11,0.0,11.903
2026-09-11 03:00:00,0.0,22.0,24.51,0.0,10.453
2026-09-11 04:00:00,0.0,22.0,23.9,0.0,12.251
2026-09-11 05:00:00,0.0,22.0,23.3,0.0,10.469
2026-09-11 06:00:00,1.0,22.0,22.7,0.0,19.48
2026-09-11 07:00:00,179.0,23.0,22.09,7.662,23.337
2026-09-11 08:00:00,417.0,25.0,10.82,18.12,37.884
2026-09-11 09:00:00,633.0,26.0,7.75,25.207,37.884
2026-09-11 10:00:00,805.0,27.0,6.45,31.983,34.449
2026-09-11 11:00:00,343.0,27.0,64.73,16.478,42.674
2026-09-11 12:00:00,751.0,27.0,25.73,30.583,39.201
2026-09-11 13:00:00,468.0,27.0,51.88,20.067,31.708
2026-09-11 14:00:00,185.0,26.0,78.5,8.738,32.414
2026-09-11 15:00:00,154.0,25.0,77.56,7.408,34.797
2026-09-11 16:00:00,202.0,25.0,56.8,9.991,31.686
2026-09-11 17:00:00,35.0,23.0,84.77,1.582,33.492
2026-09-11 18:00:00,2.0,23.0,82.09,0.0,40.834
2026-09-11 19:00:00,0.0,23.0,79.41,0.0,39.775
2026-09-11 20:00:00,0.0,23.0,76.74,0.0,42.755
2026-09-11 21:00:00,0.0,23.0,74.06,0.0,36.921
2026-09-11 22:00:00,0.0,22.0,71.38,0.0,30.717
2026-09-11 23:00:00,0.0,22.0,68.71,0.0,16.294
2026-09-12 00:00:00,0.0,22.0,66.03,0.0,13.279
2026-09-12 01:00:00,0.0,22.0,63.35,0.0,10.0
2026-09-12 02:00:00,0.0,22.0,60.68,0.0,10.0
2026-09-12 03:00:00,0.0,22.0,58.0,0.0,10.0
2026-09-12 04:00:00,0.0,22.0,55.32,0.0,11.715
2026-09-12 05:00:00,0.0,22.0,52.65,0.0,10.0
2026-09-12 06:00:00,1.0,22.0,49.97,0.0,16.583
2026-09-12 07:00:00,120.0,23.0,47.3,6.059,20.758
2026-09-12 08:00:00,252.0,24.0,45.86,11.687,25.125
2026-09-12 09:00:00,634.0,26.0,7.31,28.315,28.726
2026-09-12 10:00:00,341.0,27.0,60.27,15.996,28.759
2026-09-12 11:00:00,359.0,27.0,63.01,18.966,30.483
2026-09-12 12:00:00,730.0,27.0,27.65,31.809,27.8
2026-09-12 13:00:00,311.0,26.0,67.95,14.382,30.444
2026-09-12 14:00:00,508.0,26.0,40.82,20.867,27.446
2026-09-12 15:00:00,444.0,25.0,35.09,20.612,29.814
2026-09-12 16:00:00,228.0,25.0,51.01,10.174,28.571
2026-09-12 17:00:00,159.0,23.0,30.17,7.034,28.934
2026-09-12 18:00:00,1.0,23.0,29.36,0.0,33.257
2026-09-12 19:00:00,0.0,22.0,28.55,0.0,40.004
2026-09-12 20:00:00,0.0,22.0,27.75,0.0,35.4
2026-09-12 21:00:00,0.0,22.0,26.94,0.0,32.22
2026-09-12 22:00:00,0.0,22.0,26.14,0.0,27.418
2026-09-12 23:00:00,0.0,22.0,25.33,0.0,13.223
2026-09-13 00:00:00,0.0,22.0,24.52,0.0,10.428
2026-09-13 01:00:00,0.0,22.0,23.72,0.0,13.002
2026-09-13 02:00:00,0.0,22.0,22.91,0.0,10.634
2026-09-13 03:00:00,0.0,21.0,22.11,0.0,11.429
2026-09-13 04:00:00,0.0,21.0,21.3,0.0,10.0
2026-09-13 05:00:00,0.0,21.0,20.49,0.0,10.699
2026-09-13 06:00:00,1.0,21.0,19.69,0.0,15.205
2026-09-13 07:00:00,183.0,22.0,18.88,8.798,19.645
2026-09-13 08:00:00,415.0,24.0,10.41,18.791,25.73
2026-09-13 09:00:00,632.0,26.0,7.3,27.425,29.172
2026-09-13 10:00:00,731.0,27.0,14.61,34.093,30.64
2026-09-13 11:00:00,571.0,28.0,41.03,25.374,30.828
2026-09-13 12:00:00,676.0,28.0,32.86,29.596,31.747
2026-09-13 13:00:00,649.0,27.0,32.97,26.506,28.945
2026-09-13 14:00:00,806.0,27.0,5.85,32.482,29.146
2026-09-13 15:00:00,568.0,26.0,16.69,26.308,31.968
2026-09-13 16:00:00,367.0,25.0,20.78,16.241,28.47
2026-09-13 17:00:00,160.0,24.0,29.08,6.681,27.296
2026-09-13 18:00:00,1.0,23.0,29.64,0.0,32.565
2026-09-13 19:00:00,0.0,23.0,30.2,0.0,36.372
2026-09-13 20:00:00,0.0,22.0,30.75,0.0,37.217
2026-09-13 21:00:00,0.0,22.0,31.31,0.0,32.445
2026-09-13 22:00:00,0.0,22.0,31.87,0.0,30.581
2026-09-13 23:00:00,0.0,22.0,32.43,0.0,15.368
2026-09-14 00:00:00,0.0,22.0,32.99,0.0,10.638
2026-09-14 01:00:00,0.0,22.0,33.55,0.0,10.0
2026-09-14 02:00:00,0.0,22.0,34.11,0.0,12.932
2026-09-14 03:00:00,0.0,22.0,34.67,0.0,10.0
2026-09-14 04:00:00,0.0,22.0,35.23,0.0,10.0
2026-09-14 05:00:00,0.0,22.0,35.79,0.0,14.641
2026-09-14 06:00:00,1.0,22.0,36.35,0.0,16.551
2026-09-14 07:00:00,141.0,23.0,36.91,6.283,24.118
2026-09-14 08:00:00,413.0,24.0,10.42,18.478,30.854
2026-09-14 09:00:00,615.0,25.0,9.49,27.583,32.11
2026-09-14 10:00:00,785.0,26.0,8.06,35.56,34.365
2026-09-14 11:00:00,768.0,26.0,20.49,34.21,38.71
2026-09-14 12:00:00,838.0,26.0,16.58,32.468,33.527
2026-09-14 13:00:00,910.0,26.0,5.79,37.511,36.985
2026-09-14 14:00:00,545.0,26.0,36.17,22.081,38.432
2026-09-14 15:00:00,611.0,25.0,10.08,28.922,33.418
2026-09-14 16:00:00,414.0,25.0,10.2,19.928,33.694
2026-09-14 17:00:00,33.0,24.0,85.23,1.469,34.706
2026-09-14 18:00:00,1.0,23.0,81.19,0.0,39.703
2026-09-14 19:00:00,0.0,23.0,77.15,0.0,42.646
2026-09-14 20:00:00,0.0,23.0,73.1,0.0,41.895
2026-09-14 21:00:00,0.0,23.0,69.06,0.0,41.3
2026-09-14 22:00:00,0.0,23.0,65.02,0.0,33.474
2026-09-14 23:00:00,0.0,23.0,60.97,0.0,16.21
2026-09-15 00:00:00,0.0,23.0,56.93,0.0,11.434
2026-09-15 01:00:00,0.0,23.0,52.89,0.0,12.478
2026-09-15 02:00:00,0.0,23.0,48.84,0.0,10.0
2026-09-15 03:00:00,0.0,23.0,44.8,0.0,13.02
2026-09-15 04:00:00,0.0,23.0,40.76,0.0,10.0
2026-09-15 05:00:00,0.0,23.0,36.71,0.0,12.46
2026-09-15 06:00:00,1.0,23.0,32.67,0.0,16.009
2026-09-15 07:00:00,158.0,23.0,28.63,7.449,22.929
2026-09-15 08:00:00,412.0,24.0,10.19,17.853,26.676
2026-09-15 09:00:00,521.0,24.0,23.07,24.166,31.771
2026-09-15 10:00:00,681.0,25.0,20.03,25.812,30.446
2026-09-15 11:00:00,725.0,26.0,24.77,26.704,31.48
2026-09-15 12:00:00,944.0,26.0,5.82,36.178,44.124
2026-09-15 13:00:00,907.0,26.0,5.88,36.918,34.805
2026-09-15 14:00:00,797.0,26.0,6.41,30.326,31.766
2026-09-15 15:00:00,350.0,25.0,48.32,16.018,34.654
2026-09-15 16:00:00,342.0,24.0,25.45,15.689,39.929
2026-09-15 17:00:00,32.0,23.0,85.54,1.328,33.872
2026-09-15 18:00:00,1.0,23.0,82.02,0.0,40.87
2026-09-15 19:00:00,0.0,23.0,78.49,0.0,41.271
2026-09-15 20:00:00,0.0,23.0,74.96,0.0,41.725
2026-09-15 21:00:00,0.0,23.0,71.43,0.0,36.745
2026-09-15 22:00:00,0.0,22.0,67.9,0.0,30.305
2026-09-15 23:00:00,0.0,22.0,64.37,0.0,18.137
2026-09-16 00:00:00,0.0,22.0,60.84,0.0,11.572
2026-09-16 01:00:00,0.0,22.0,57.32,0.0,10.301
2026-09-16 02:00:00,0.0,22.0,53.79,0.0,12.871
2026-09-16 03:00:00,0.0,22.0,50.26,0.0,12.856
2026-09-16 04:00:00,0.0,22.0,46.73,0.0,11.115
2026-09-16 05:00:00,0.0,22.0,43.2,0.0,10.0
2026-09-16 06:00:00,1.0,22.0,39.67,0.0,15.844
2026-09-16 07:00:00,140.0,22.0,36.14,6.557,21.834
2026-09-16 08:00:00,314.0,24.0,31.21,14.647,28.625
2026-09-16 09:00:00,459.0,25.0,31.99,20.059,29.939
2026-09-16 10:00:00,727.0,26.0,14.39,33.352,31.325
2026-09-16 11:00:00,887.0,27.0,7.73,35.204,37.075
2026-09-16 12:00:00,635.0,27.0,36.49,27.468,42.132
2026-09-16 13:00:00,818.0,27.0,14.91,30.466,29.832
2026-09-16 14:00:00,800.0,26.0,5.79,33.245,32.252
2026-09-16 15:00:00,628.0,26.0,6.95,25.508,34.972
2026-09-16 16:00:00,368.0,25.0,19.38,16.996,38.184
2026-09-16 17:00:00,178.0,24.0,18.81,7.971,32.481
2026-09-16 18:00:00,1.0,23.0,18.66,0.0,38.905
2026-09-16 19:00:00,0.0,22.0,18.5,0.0,40.34
2026-09-16 20:00:00,0.0,22.0,18.34,0.0,41.26
2026-09-16 21:00:00,0.0,22.0,18.19,0.0,37.054
2026-09-16 22:00:00,0.0,22.0,18.03,0.0,31.854
2026-09-16 23:00:00,0.0,22.0,17.88,0.0,16.015
2026-09-17 00:00:00,0.0,22.0,17.72,0.0,10.784
2026-09-17 01:00:00,0.0,22.0,17.56,0.0,12.789
2026-09-17 02:00:00,0.0,22.0,17.41,0.0,10.48
2026-09-17 03:00:00,0.0,22.0,17.25,0.0,10.906
2026-09-17 04:00:00,0.0,22.0,17.1,0.0,10.0
2026-09-17 05:00:00,0.0,22.0,16.94,0.0,11.513
2026-09-17 06:00:00,1.0,22.0,16.78,0.0,15.615
2026-09-17 07:00:00,181.0,22.0,16.63,9.069,23.042
2026-09-17 08:00:00,414.0,24.0,8.85,18.375,29.409
2026-09-17 09:00:00,616.0,25.0,8.4,25.815,35.194
2026-09-17 10:00:00,644.0,27.0,23.95,29.416,33.193
2026-09-17 11:00:00,621.0,27.0,35.24,29.904,33.569
2026-09-17 12:00:00,946.0,27.0,5.16,36.761,32.542
2026-09-17 13:00:00,413.0,27.0,56.93,18.54,33.293
2026-09-17 14:00:00,750.0,26.0,11.43,33.282,32.19
2026-09-17 15:00:00,497.0,25.0,26.1,22.862,35.347
2026-09-17 16:00:00,377.0,24.0,16.99,17.447,37.251
2026-09-17 17:00:00,174.0,23.0,19.85,8.905,33.205
2026-09-17 18:00:00,0.0,23.0,20.79,0.0,39.412
2026-09-17 19:00:00,0.0,22.0,21.73,0.0,42.953
2026-09-17 20:00:00,0.0,22.0,22.67,0.0,40.628
2026-09-17 21:00:00,0.0,22.0,23.61,0.0,37.108
2026-09-17 22:00:00,0.0,22.0,24.55,0.0,34.433
2026-09-17 23:00:00,0.0,22.0,25.49,0.0,17.461
2026-09-18 00:00:00,0.0,22.0,26.43,0.0,11.246
2026-09-18 01:00:00,0.0,22.0,27.37,0.0,12.531
2026-09-18 02:00:00,0.0,22.0,28.31,0.0,11.278
2026-09-18 03:00:00,0.0,22.0,29.25,0.0,10.133
2026-09-18 04:00:00,0.0,22.0,30.19,0.0,10.0
2026-09-18 05:00:00,0.0,21.0,31.13,0.0,10.509
2026-09-18 06:00:00,1.0,22.0,32.07,0.0,17.687
2026-09-18 07:00:00,144.0,22.0,33.01,6.842,23.955
2026-09-18 08:00:00,264.0,24.0,41.57,12.48,28.239
2026-09-18 09:00:00,524.0,26.0,21.8,22.694,34.473
2026-09-18 10:00:00,626.0,27.0,25.86,25.868,33.53
2026-09-18 11:00:00,667.0,27.0,30.26,30.856,41.261
2026-09-18 12:00:00,544.0,28.0,45.33,26.466,34.308
2026-09-18 13:00:00,317.0,27.0,66.85,13.108,35.756
2026-09-18 14:00:00,346.0,27.0,59.02,16.959,34.504
2026-09-18 15:00:00,181.0,26.0,72.99,8.825,34.065
2026-09-18 16:00:00,173.0,25.0,61.71,8.152,34.0
2026-09-18 17:00:00,108.0,23.0,49.75,5.241,38.574
2026-09-18 18:00:00,0.0,23.0,47.23,0.0,37.984
2026-09-18 19:00:00,0.0,22.0,44.71,0.0,39.587
2026-09-18 20:00:00,0.0,22.0,42.19,0.0,41.432
2026-09-18 21:00:00,0.0,22.0,39.67,0.0,37.753
2026-09-18 22:00:00,0.0,22.0,37.15,0.0,31.249
2026-09-18 23:00:00,0.0,22.0,34.63,0.0,16.376
2026-09-19 00:00:00,0.0,22.0,32.11,0.0,10.729
2026-09-19 01:00:00,0.0,21.0,29.59,0.0,10.42
2026-09-19 02:00:00,0.0,21.0,27.07,0.0,12.598
2026-09-19 03:00:00,0.0,21.0,24.55,0.0,11.091
2026-09-19 04:00:00,0.0,21.0,22.03,0.0,13.361
2026-09-19 05:00:00,0.0,21.0,19.51,0.0,10.369
2026-09-19 06:00:00,1.0,22.0,16.98,0.0,16.017
2026-09-19 07:00:00,182.0,23.0,14.46,7.637,20.123
2026-09-19 08:00:00,416.0,24.0,7.45,17.586,24.384
2026-09-19 09:00:00,634.0,25.0,5.04,29.691,30.564
2026-09-19 10:00:00,805.0,27.0,4.37,35.114,28.805
2026-09-19 11:00:00,866.0,27.0,9.21,33.975,27.166
2026-09-19 12:00:00,949.0,28.0,4.38,40.708,29.229
2026-09-19 13:00:00,857.0,27.0,10.15,41.794,26.494
2026-09-19 14:00:00,796.0,27.0,5.44,36.401,28.302
2026-09-19 15:00:00,597.0,26.0,10.58,24.089,28.748
2026-09-19 16:00:00,403.0,25.0,10.34,19.021,30.069
2026-09-19 17:00:00,170.0,24.0,20.1,8.226,26.811
2026-09-19 18:00:00,0.0,23.0,19.64,0.0,35.454
2026-09-19 19:00:00,0.0,23.0,19.17,0.0,33.204
2026-09-19 20:00:00,0.0,22.0,18.71,0.0,35.241
2026-09-19 21:00:00,0.0,23.0,18.24,0.0,32.916
2026-09-19 22:00:00,0.0,23.0,17.77,0.0,29.195
2026-09-19 23:00:00,0.0,22.0,17.31,0.0,15.822
2026-09-20 00:00:00,0.0,22.0,16.84,0.0,12.318
2026-09-20 01:00:00,0.0,22.0,16.38,0.0,10.0
2026-09-20 02:00:00,0.0,22.0,15.91,0.0,10.0
2026-09-20 03:00:00,0.0,22.0,15.44,0.0,10.742
2026-09-20 04:00:00,0.0,22.0,14.98,0.0,11.851
2026-09-20 05:00:00,0.0,22.0,14.51,0.0,12.139
2026-09-20 06:00:00,1.0,22.0,14.05,0.0,15.371
2026-09-20 07:00:00,182.0,23.0,13.58,8.145,20.986
2026-09-20 08:00:00,416.0,24.0,6.96,18.604,25.119
2026-09-20 09:00:00,478.0,26.0,28.13,22.024,28.884
2026-09-20 10:00:00,459.0,27.0,45.31,20.519,32.729
2026-09-20 11:00:00,478.0,28.0,49.75,20.98,30.7
2026-09-20 12:00:00,874.0,28.0,11.7,36.76,29.71
2026-09-20 13:00:00,600.0,28.0,36.92,25.618,29.439
2026-09-20 14:00:00,793.0,27.0,5.51,31.674,30.179
2026-09-20 15:00:00,463.0,26.0,30.39,21.006,26.98
2026-09-20 16:00:00,187.0,25.0,58.18,9.382,29.831
2026-09-20 17:00:00,51.0,24.0,75.78,2.683,30.913
2026-09-20 18:00:00,0.0,23.0,71.24,0.0,33.043
2026-09-20 19:00:00,0.0,22.0,66.7,0.0,36.091
2026-09-20 20:00:00,0.0,22.0,62.16,0.0,38.373
2026-09-20 21:00:00,0.0,22.0,57.61,0.0,33.834
2026-09-20 22:00:00,0.0,22.0,53.07,0.0,24.905
2026-09-20 23:00:00,0.0,22.0,48.53,0.0,13.356
2026-09-21 00:00:00,0.0,22.0,43.99,0.0,10.449
2026-09-21 01:00:00,0.0,22.0,39.45,0.0,10.0
2026-09-21 02:00:00,0.0,21.0,34.9,0.0,10.345
2026-09-21 03:00:00,0.0,21.0,30.36,0.0,10.0
2026-09-21 04:00:00,0.0,21.0,25.82,0.0,12.133
2026-09-21 05:00:00,0.0,21.0,21.28,0.0,10.0
2026-09-21 06:00:00,1.0,21.0,16.73,0.0,15.71
2026-09-21 07:00:00,183.0,22.0,12.19,8.67,23.304
2026-09-21 08:00:00,419.0,23.0,5.78,17.347,28.978
2026-09-21 09:00:00,489.0,25.0,26.2,19.825,31.456
2026-09-21 10:00:00,706.0,26.0,15.61,31.388,29.624
2026-09-21 11:00:00,666.0,27.0,29.79,27.619,39.223
2026-09-21 12:00:00,796.0,27.0,19.37,35.12,33.039
2026-09-21 13:00:00,476.0,27.0,49.82,23.516,38.411
2026-09-21 14:00:00,598.0,26.0,28.52,26.74,33.712
2026-09-21 15:00:00,457.0,25.0,31.03,19.913,33.587
2026-09-21 16:00:00,176.0,24.0,60.42,8.395,33.938
2026-09-21 17:00:00,136.0,23.0,34.74,6.491,35.893
2026-09-21 18:00:00,0.0,22.0,33.0,0.0,40.61
2026-09-21 19:00:00,0.0,22.0,31.25,0.0,41.885
2026-09-21 20:00:00,0.0,22.0,29.5,0.0,44.004
2026-09-21 21:00:00,0.0,22.0,27.76,0.0,37.621
2026-09-21 22:00:00,0.0,22.0,26.01,0.0,30.34
2026-09-21 23:00:00,0.0,21.0,24.26,0.0,16.485
2026-09-22 00:00:00,0.0,21.0,22.52,0.0,10.277
2026-09-22 01:00:00,0.0,21.0,20.77,0.0,10.0
2026-09-22 02:00:00,0.0,21.0,19.02,0.0,10.0
2026-09-22 03:00:00,0.0,21.0,17.27,0.0,10.681
2026-09-22 04:00:00,0.0,20.0,15.53,0.0,10.419
2026-09-22 05:00:00,0.0,20.0,13.78,0.0,10.113
2026-09-22 06:00:00,1.0,21.0,12.03,0.0,16.059
2026-09-22 07:00:00,185.0,21.0,10.29,8.946,23.172
2026-09-22 08:00:00,424.0,23.0,4.13,17.783,29.501
2026-09-22 09:00:00,645.0,24.0,2.28,27.251,29.602
2026-09-22 10:00:00,819.0,26.0,1.8,34.562,34.223
2026-09-22 11:00:00,882.0,27.0,6.75,37.355,32.723
2026-09-22 12:00:00,874.0,27.0,11.22,37.956,32.545
2026-09-22 13:00:00,801.0,27.0,15.32,35.27,35.429
2026-09-22 14:00:00,225.0,27.0,73.02,9.581,32.017
2026-09-22 15:00:00,617.0,26.0,6.52,27.253,33.078
2026-09-22 16:00:00,398.0,25.0,10.01,19.32,32.496
2026-09-22 17:00:00,154.0,23.0,25.32,6.643,32.842
2026-09-22 18:00:00,0.0,22.0,24.25,0.0,39.194
2026-09-22 19:00:00,0.0,22.0,23.17,0.0,42.489
2026-09-22 20:00:00,0.0,21.0,22.1,0.0,40.974
2026-09-22 21:00:00,0.0,21.0,21.03,0.0,38.045
2026-09-22 22:00:00,0.0,21.0,19.96,0.0,30.26
2026-09-22 23:00:00,0.0,21.0,18.88,0.0,15.482
2026-09-23 00:00:00,0.0,20.0,17.81,0.0,10.0
2026-09-23 01:00:00,0.0,20.0,16.74,0.0,11.531
2026-09-23 02:00:00,0.0,20.0,15.66,0.0,11.329
2026-09-23 03:00:00,0.0,20.0,14.59,0.0,10.143
2026-09-23 04:00:00,0.0,20.0,13.52,0.0,11.118
2026-09-23 05:00:00,0.0,20.0,12.44,0.0,12.427
2026-09-23 06:00:00,1.0,21.0,11.37,0.0,16.142
2026-09-23 07:00:00,183.0,22.0,10.3,8.088,24.951
2026-09-23 08:00:00,420.0,23.0,4.5,18.527,27.067
2026-09-23 09:00:00,640.0,25.0,2.65,28.579,30.762
2026-09-23 10:00:00,812.0,27.0,2.32,35.345,33.095
2026-09-23 11:00:00,828.0,27.0,12.21,38.424,45.08
2026-09-23 12:00:00,837.0,28.0,14.74,35.669,31.992
2026-09-23 13:00:00,906.0,28.0,3.94,35.355,35.827
2026-09-23 14:00:00,722.0,27.0,13.15,31.534,34.236
2026-09-23 15:00:00,614.0,26.0,6.6,28.108,41.291
2026-09-23 16:00:00,376.0,25.0,14.51,16.886,34.193
2026-09-23 17:00:00,131.0,24.0,35.79,6.255,33.23
2026-09-23 18:00:00,0.0,22.0,34.25,0.0,39.92
2026-09-23 19:00:00,0.0,22.0,32.71,0.0,42.943
2026-09-23 20:00:00,0.0,21.0,31.18,0.0,40.0
2026-09-23 21:00:00,0.0,21.0,29.64,0.0,35.703
2026-09-23 22:00:00,0.0,21.0,28.1,0.0,29.443
2026-09-23 23:00:00,0.0,21.0,26.57,0.0,16.866
2026-09-24 00:00:00,0.0,21.0,25.03,0.0,12.956
2026-09-24 01:00:00,0.0,21.0,23.49,0.0,10.0
2026-09-24 02:00:00,0.0,21.0,21.96,0.0,10.0
2026-09-24 03:00:00,0.0,21.0,20.42,0.0,10.0
2026-09-24 04:00:00,0.0,20.0,18.88,0.0,13.189
2026-09-24 05:00:00,0.0,20.0,17.34,0.0,14.362
2026-09-24 06:00:00,0.0,21.0,15.81,0.0,16.594
2026-09-24 07:00:00,173.0,22.0,14.27,7.794,24.257
2026-09-24 08:00:00,415.0,23.0,5.11,19.301,29.718
2026-09-24 09:00:00,632.0,25.0,3.48,27.829,33.458
2026-09-24 10:00:00,787.0,26.0,5.01,33.939,33.978
2026-09-24 11:00:00,910.0,27.0,3.22,38.213,32.823
2026-09-24 12:00:00,944.0,27.0,3.56,40.277,33.01
2026-09-24 13:00:00,729.0,27.0,22.47,29.028,38.716
2026-09-24 14:00:00,741.0,26.0,10.56,30.48,32.813
2026-09-24 15:00:00,499.0,26.0,23.79,22.894,35.543
2026-09-24 16:00:00,333.0,25.0,23.86,16.304,43.707
2026-09-24 17:00:00,139.0,23.0,31.12,6.033,36.992
2026-09-24 18:00:00,0.0,22.0,29.63,0.0,35.951
2026-09-24 19:00:00,0.0,22.0,28.15,0.0,43.127
2026-09-24 20:00:00,0.0,21.0,26.66,0.0,42.683
2026-09-24 21:00:00,0.0,21.0,25.17,0.0,38.859
2026-09-24 22:00:00,0.0,21.0,23.69,0.0,32.549
2026-09-24 23:00:00,0.0,21.0,22.2,0.0,17.75
2026-09-25 00:00:00,0.0,21.0,20.72,0.0,12.024
2026-09-25 01:00:00,0.0,21.0,19.23,0.0,10.074
2026-09-25 02:00:00,0.0,21.0,17.74,0.0,11.538
2026-09-25 03:00:00,0.0,21.0,16.26,0.0,10.0
2026-09-25 04:00:00,0.0,21.0,14.77,0.0,10.841
2026-09-25 05:00:00,0.0,21.0,13.28,0.0,11.48
2026-09-25 06:00:00,0.0,21.0,11.8,0.0,14.797
2026-09-25 07:00:00,179.0,22.0,10.31,7.997,21.96
2026-09-25 08:00:00,413.0,24.0,5.02,18.869,31.628
2026-09-25 09:00:00,630.0,25.0,3.39,26.665,34.001
2026-09-25 10:00:00,801.0,26.0,3.0,32.237,33.518
2026-09-25 11:00:00,908.0,27.0,3.14,35.088,35.062
2026-09-25 12:00:00,876.0,27.0,10.24,37.367,33.174
2026-09-25 13:00:00,897.0,27.0,4.32,39.292,33.99
2026-09-25 14:00:00,740.0,26.0,10.38,30.108,33.161
2026-09-25 15:00:00,437.0,25.0,32.99,20.095,32.032
2026-09-25 16:00:00,163.0,24.0,62.51,7.024,40.737
2026-09-25 17:00:00,69.0,23.0,65.43,3.353,37.237
2026-09-25 18:00:00,0.0,22.0,62.11,0.0,41.437
2026-09-25 19:00:00,0.0,21.0,58.79,0.0,42.101
2026-09-25 20:00:00,0.0,21.0,55.46,0.0,40.02
2026-09-25 21:00:00,0.0,21.0,52.14,0.0,38.979
2026-09-25 22:00:00,0.0,21.0,48.82,0.0,30.705
2026-09-25 23:00:00,0.0,21.0,45.5,0.0,16.861
2026-09-26 00:00:00,0.0,21.0,42.18,0.0,10.34
2026-09-26 01:00:00,0.0,21.0,38.86,0.0,10.0
2026-09-26 02:00:00,0.0,21.0,35.54,0.0,10.0
2026-09-26 03:00:00,0.0,21.0,32.21,0.0,13.573
2026-09-26 04:00:00,0.0,21.0,28.89,0.0,10.538
2026-09-26 05:00:00,0.0,21.0,25.57,0.0,10.38
2026-09-26 06:00:00,0.0,21.0,22.25,0.0,14.073
2026-09-26 07:00:00,160.0,22.0,18.93,7.655,21.32
2026-09-26 08:00:00,414.0,24.0,4.24,18.055,24.276
2026-09-26 09:00:00,632.0,25.0,2.68,28.736,26.028
2026-09-26 10:00:00,804.0,27.0,2.3,32.406,29.835
2026-09-26 11:00:00,912.0,28.0,2.41,39.346,30.984
2026-09-26 12:00:00,945.0,28.0,2.88,34.992,29.636
2026-09-26 13:00:00,901.0,28.0,3.59,37.794,28.808
2026-09-26 14:00:00,784.0,28.0,4.73,35.524,29.837
2026-09-26 15:00:00,605.0,27.0,6.84,25.816,30.043
2026-09-26 16:00:00,376.0,26.0,13.03,15.575,29.918
2026-09-26 17:00:00,140.0,24.0,29.06,6.942,30.067
2026-09-26 18:00:00,0.0,23.0,28.57,0.0,36.897
2026-09-26 19:00:00,0.0,22.0,28.07,0.0,37.694
2026-09-26 20:00:00,0.0,22.0,27.57,0.0,38.139
2026-09-26 21:00:00,0.0,21.0,27.07,0.0,32.575
2026-09-26 22:00:00,0.0,21.0,26.58,0.0,30.385
2026-09-26 23:00:00,0.0,21.0,26.08,0.0,15.648
2026-09-27 00:00:00,0.0,21.0,25.58,0.0,12.037
2026-09-27 01:00:00,0.0,21.0,25.09,0.0,11.051
2026-09-27 02:00:00,0.0,21.0,24.59,0.0,10.0
2026-09-27 03:00:00,0.0,21.0,24.09,0.0,11.171
2026-09-27 04:00:00,0.0,21.0,23.6,0.0,11.089
2026-09-27 05:00:00,0.0,21.0,23.1,0.0,10.0
2026-09-27 06:00:00,0.0,21.0,22.6,0.0,14.746
2026-09-27 07:00:00,152.0,22.0,22.1,6.923,21.881
2026-09-27 08:00:00,404.0,24.0,6.0,17.506,25.558
2026-09-27 09:00:00,631.0,26.0,2.42,26.079,28.967
2026-09-27 10:00:00,802.0,27.0,2.2,32.704,28.828
2026-09-27 11:00:00,908.0,28.0,2.53,37.303,31.399
2026-09-27 12:00:00,940.0,28.0,3.1,43.995,30.085
2026-09-27 13:00:00,895.0,28.0,3.93,38.377,29.771
2026-09-27 14:00:00,777.0,27.0,5.25,31.09,28.683
2026-09-27 15:00:00,598.0,26.0,7.52,24.97,31.231
2026-09-27 16:00:00,377.0,25.0,12.28,16.695,30.504
2026-09-27 17:00:00,141.0,24.0,27.74,6.212,30.022
2026-09-27 18:00:00,0.0,23.0,27.76,0.0,36.651
2026-09-27 19:00:00,0.0,22.0,27.77,0.0,36.493
2026-09-27 20:00:00,0.0,22.0,27.78,0.0,37.101
2026-09-27 21:00:00,0.0,21.0,27.8,0.0,33.752
2026-09-27 22:00:00,0.0,21.0,27.81,0.0,27.546
2026-09-27 23:00:00,0.0,21.0,27.83,0.0,13.847
2026-09-28 00:00:00,0.0,21.0,27.84,0.0,11.138
2026-09-28 01:00:00,0.0,21.0,27.86,0.0,10.0
2026-09-28 02:00:00,0.0,21.0,27.87,0.0,10.581
2026-09-28 03:00:00,0.0,21.0,27.88,0.0,10.642
2026-09-28 04:00:00,0.0,21.0,27.9,0.0,10.195
2026-09-28 05:00:00,0.0,21.0,27.91,0.0,11.071
2026-09-28 06:00:00,0.0,21.0,27.93,0.0,14.248
2026-09-28 07:00:00,139.0,22.0,27.94,6.755,24.94
2026-09-28 08:00:00,299.0,23.0,30.01,14.161,32.028
2026-09-28 09:00:00,557.0,25.0,13.49,22.912,29.889
2026-09-28 10:00:00,780.0,26.0,4.54,33.969,33.763
2026-09-28 11:00:00,753.0,27.0,18.91,31.449,34.405
2026-09-28 12:00:00,924.0,28.0,4.45,36.017,33.498
2026-09-28 13:00:00,898.0,28.0,3.3,36.462,39.308
2026-09-28 14:00:00,726.0,27.0,11.15,30.563,33.442
2026-09-28 15:00:00,510.0,26.0,20.79,21.01,41.38
2026-09-28 16:00:00,66.0,25.0,84.55,3.153,34.907
2026-09-28 17:00:00,25.0,24.0,87.04,1.204,33.952
2026-09-28 18:00:00,0.0,23.0,83.21,0.0,40.193
2026-09-28 19:00:00,0.0,22.0,79.38,0.0,41.539
2026-09-28 20:00:00,0.0,22.0,75.54,0.0,41.562
2026-09-28 21:00:00,0.0,21.0,71.71,0.0,38.712
2026-09-28 22:00:00,0.0,21.0,67.88,0.0,32.826
2026-09-28 23:00:00,0.0,20.0,64.05,0.0,15.878
2026-09-29 00:00:00,0.0,20.0,60.22,0.0,10.0
2026-09-29 01:00:00,0.0,20.0,56.38,0.0,11.77
2026-09-29 02:00:00,0.0,20.0,52.55,0.0,12.307
2026-09-29 03:00:00,0.0,20.0,48.72,0.0,10.0
2026-09-29 04:00:00,0.0,20.0,44.89,0.0,10.751
2026-09-29 05:00:00,0.0,20.0,41.06,0.0,10.572
2026-09-29 06:00:00,0.0,20.0,37.22,0.0,17.237
2026-09-29 07:00:00,127.0,21.0,33.39,5.821,23.345
2026-09-29 08:00:00,406.0,24.0,4.39,19.672,41.474
2026-09-29 09:00:00,454.0,27.0,29.18,19.009,32.328
2026-09-29 10:00:00,760.0,29.0,6.65,30.048,42.36
2026-09-29 11:00:00,891.0,29.0,3.74,35.805,38.038
2026-09-29 12:00:00,936.0,29.0,2.9,32.082,35.497
2026-09-29 13:00:00,865.0,29.0,6.54,34.618,34.602
2026-09-29 14:00:00,593.0,29.0,27.17,26.274,43.27
2026-09-29 15:00:00,292.0,28.0,54.45,13.188,35.514
2026-09-29 16:00:00,65.0,26.0,84.69,3.048,36.587
2026-09-29 17:00:00,78.0,25.0,59.09,3.647,33.528
2026-09-29 18:00:00,0.0,24.0,55.46,0.0,38.775
2026-09-29 19:00:00,0.0,23.0,51.82,0.0,41.105
2026-09-29 20:00:00,0.0,23.0,48.18,0.0,38.583
2026-09-29 21:00:00,0.0,23.0,44.55,0.0,39.702
2026-09-29 22:00:00,0.0,23.0,40.91,0.0,33.488
2026-09-29 23:00:00,0.0,22.0,37.28,0.0,15.612
2026-09-30 00:00:00,0.0,22.0,33.64,0.0,12.242
2026-09-30 01:00:00,0.0,22.0,30.0,0.0,10.0
2026-09-30 02:00:00,0.0,22.0,26.37,0.0,10.234
2026-09-30 03:00:00,0.0,22.0,22.73,0.0,10.023
2026-09-30 04:00:00,0.0,22.0,19.1,0.0,10.623
2026-09-30 05:00:00,0.0,22.0,15.46,0.0,11.316
2026-09-30 06:00:00,0.0,22.0,11.83,0.0,15.892
2026-09-30 07:00:00,173.0,23.0,8.19,8.651,22.457
2026-09-30 08:00:00,303.0,24.0,28.21,12.934,36.286
2026-09-30 09:00:00,605.0,25.0,5.21,24.976,33.159
2026-09-30 10:00:00,786.0,26.0,3.11,29.769,32.19
2026-09-30 11:00:00,778.0,28.0,15.66,33.905,38.157
2026-09-30 12:00:00,865.0,28.0,9.98,33.499,33.111
2026-09-30 13:00:00,147.0,28.0,84.06,7.209,34.136
2026-09-30 14:00:00,136.0,28.0,83.23,6.635,35.0
2026-09-30 15:00:00,116.0,27.0,81.83,5.772,34.342
2026-09-30 16:00:00,122.0,26.0,71.09,5.671,36.935
2026-09-30 17:00:00,74.0,25.0,60.73,3.538,35.513
2026-09-30 18:00:00,0.0,24.0,57.09,0.0,38.713
2026-09-30 19:00:00,0.0,23.0,53.45,0.0,43.42
2026-09-30 20:00:00,0.0,23.0,49.81,0.0,39.578
2026-09-30 21:00:00,0.0,22.0,46.17,0.0,37.708
2026-09-30 22:00:00,0.0,22.0,42.53,0.0,32.788
2026-09-30 23:00:00,0.0,22.0,38.89,0.0,17.622
2026-10-01 00:00:00,0.0,22.0,35.25,0.0,11.252
2026-10-01 01:00:00,0.0,22.0,31.61,0.0,10.322
2026-10-01 02:00:00,0.0,22.0,27.97,0.0,10.0
2026-10-01 03:00:00,0.0,22.0,24.33,0.0,11.784
2026-10-01 04:00:00,0.0,22.0,20.69,0.0,10.837
2026-10-01 05:00:00,0.0,22.0,17.05,0.0,10.0
2026-10-01 06:00:00,0.0,22.0,13.41,0.0,14.698
2026-10-01 07:00:00,168.0,24.0,9.77,7.154,25.119
2026-10-01 08:00:00,398.0,26.0,5.12,17.515,28.994
2026-10-01 09:00:00,611.0,28.0,3.84,25.182,33.882
2026-10-01 10:00:00,779.0,29.0,3.61,32.379,43.717
2026-10-01 11:00:00,884.0,29.0,3.85,37.404,36.509
2026-10-01 12:00:00,915.0,29.0,4.46,38.719,33.689
2026-10-01 13:00:00,783.0,29.0,14.83,35.187,33.128
2026-10-01 14:00:00,755.0,30.0,6.58,34.074,38.318
2026-10-01 15:00:00,577.0,29.0,9.19,24.911,34.792
2026-10-01 16:00:00,281.0,29.0,33.01,12.006,36.475
2026-10-01 17:00:00,129.0,28.0,30.72,5.679,37.522
2026-10-01 18:00:00,0.0,27.0,29.07,0.0,40.944
2026-10-01 19:00:00,0.0,26.0,27.41,0.0,43.803
2026-10-01 20:00:00,0.0,26.0,25.76,0.0,40.445
2026-10-01 21:00:00,0.0,25.0,24.11,0.0,38.955
2026-10-01 22:00:00,0.0,24.0,22.46,0.0,32.949
2026-10-01 23:00:00,0.0,24.0,20.81,0.0,17.454
2026-10-02 00:00:00,0.0,23.0,19.15,0.0,10.0
2026-10-02 01:00:00,0.0,23.0,17.5,0.0,10.0
2026-10-02 02:00:00,0.0,22.0,15.85,0.0,10.499
2026-10-02 03:00:00,0.0,22.0,14.2,0.0,10.0
2026-10-02 04:00:00,0.0,22.0,12.54,0.0,12.298
2026-10-02 05:00:00,0.0,21.0,10.89,0.0,11.42
2026-10-02 06:00:00,0.0,22.0,9.24,0.0,15.024
2026-10-02 07:00:00,170.0,24.0,7.59,8.032,21.524
2026-10-02 08:00:00,401.0,27.0,3.8,17.093,29.864
2026-10-02 09:00:00,616.0,29.0,2.62,26.813,32.063
2026-10-02 10:00:00,784.0,30.0,2.62,32.083,40.693
2026-10-02 11:00:00,889.0,30.0,2.97,36.82,35.376
2026-10-02 12:00:00,919.0,30.0,3.72,34.453,36.06
2026-10-02 13:00:00,873.0,30.0,4.72,39.426,36.053
2026-10-02 14:00:00,754.0,30.0,6.35,32.316,37.052
2026-10-02 15:00:00,574.0,29.0,9.26,25.911,36.603
2026-10-02 16:00:00,353.0,29.0,15.32,15.907,38.825
2026-10-02 17:00:00,97.0,27.0,47.27,4.617,38.191
2026-10-02 18:00:00,0.0,27.0,44.51,0.0,41.612
2026-10-02 19:00:00,0.0,26.0,41.75,0.0,43.446
2026-10-02 20:00:00,0.0,26.0,39.0,0.0,41.72
2026-10-02 21:00:00,0.0,25.0,36.24,0.0,37.867
2026-10-02 22:00:00,0.0,25.0,33.48,0.0,34.545
2026-10-02 23:00:00,0.0,24.0,30.72,0.0,17.348
2026-10-03 00:00:00,0.0,24.0,27.96,0.0,11.618
2026-10-03 01:00:00,0.0,23.0,25.2,0.0,10.0
2026-10-03 02:00:00,0.0,23.0,22.44,0.0,12.437
2026-10-03 03:00:00,0.0,22.0,19.69,0.0,10.0
2026-10-03 04:00:00,0.0,22.0,16.93,0.0,10.0
2026-10-03 05:00:00,0.0,22.0,14.17,0.0,10.181
2026-10-03 06:00:00,0.0,23.0,11.41,0.0,17.12
2026-10-03 07:00:00,166.0,24.0,8.65,7.886,19.105
2026-10-03 08:00:00,398.0,26.0,3.92,17.837,25.618
2026-10-03 09:00:00,611.0,28.0,2.96,25.269,33.868
2026-10-03 10:00:00,778.0,29.0,3.0,30.523,32.697
2026-10-03 11:00:00,881.0,29.0,3.5,35.671,30.764
2026-10-03 12:00:00,910.0,28.0,4.34,36.723,28.706
2026-10-03 13:00:00,863.0,27.0,5.48,34.976,26.964
2026-10-03 14:00:00,745.0,27.0,7.11,35.175,29.77
2026-10-03 15:00:00,566.0,26.0,10.11,25.641,30.969
2026-10-03 16:00:00,270.0,25.0,34.82,12.31,32.146
2026-10-03 17:00:00,102.0,24.0,43.87,4.685,27.028
2026-10-03 18:00:00,0.0,24.0,41.27,0.0,31.924
2026-10-03 19:00:00,0.0,24.0,38.68,0.0,35.663
2026-10-03 20:00:00,0.0,23.0,36.08,0.0,39.323
2026-10-03 21:00:00,0.0,23.0,33.48,0.0,34.61
2026-10-03 22:00:00,0.0,23.0,30.89,0.0,28.562
2026-10-03 23:00:00,0.0,23.0,28.29,0.0,13.615
2026-10-04 00:00:00,0.0,22.0,25.69,0.0,10.0
2026-10-04 01:00:00,0.0,22.0,23.1,0.0,10.464
2026-10-04 02:00:00,0.0,22.0,20.5,0.0,10.025
2026-10-04 03:00:00,0.0,22.0,17.9,0.0,10.0
2026-10-04 04:00:00,0.0,22.0,15.31,0.0,10.0
2026-10-04 05:00:00,0.0,21.0,12.71,0.0,10.0
2026-10-04 06:00:00,0.0,22.0,10.11,0.0,13.551
2026-10-04 07:00:00,166.0,23.0,7.52,7.933,22.605
2026-10-04 08:00:00,395.0,25.0,4.03,17.999,24.679
2026-10-04 09:00:00,607.0,27.0,3.15,25.469,28.673
2026-10-04 10:00:00,774.0,29.0,3.12,34.732,31.325
2026-10-04 11:00:00,877.0,30.0,3.6,34.52,33.529
2026-10-04 12:00:00,907.0,31.0,4.32,35.783,31.277
2026-10-04 13:00:00,860.0,32.0,5.47,34.566,34.425
2026-10-04 14:00:00,742.0,31.0,7.12,30.904,31.822
2026-10-04 15:00:00,562.0,30.0,10.33,22.592,32.723
2026-10-04 16:00:00,343.0,30.0,16.67,16.241,36.07
2026-10-04 17:00:00,118.0,28.0,34.26,5.15,31.323
2026-10-04 18:00:00,0.0,27.0,32.22,0.0,37.039
2026-10-04 19:00:00,0.0,26.0,30.19,0.0,38.736
2026-10-04 20:00:00,0.0,26.0,28.16,0.0,37.354
2026-10-04 21:00:00,0.0,25.0,26.12,0.0,33.955
2026-10-04 22:00:00,0.0,25.0,24.09,0.0,31.766
2026-10-04 23:00:00,0.0,24.0,22.06,0.0,15.311
2026-10-05 00:00:00,0.0,24.0,20.02,0.0,11.086
2026-10-05 01:00:00,0.0,23.0,17.99,0.0,10.029
2026-10-05 02:00:00,0.0,23.0,15.96,0.0,10.412
2026-10-05 03:00:00,0.0,22.0,13.92,0.0,11.55
2026-10-05 04:00:00,0.0,22.0,11.89,0.0,10.115
2026-10-05 05:00:00,0.0,22.0,9.85,0.0,10.0
2026-10-05 06:00:00,0.0,23.0,7.82,0.0,16.719
2026-10-05 07:00:00,167.0,24.0,5.79,8.273,21.49
2026-10-05 08:00:00,395.0,26.0,3.41,18.307,31.039
2026-10-05 09:00:00,608.0,29.0,2.53,24.469,34.248
2026-10-05 10:00:00,775.0,30.0,2.61,32.627,37.32
2026-10-05 11:00:00,877.0,30.0,3.25,35.024,35.172
2026-10-05 12:00:00,906.0,30.0,4.09,42.006,34.751
2026-10-05 13:00:00,858.0,30.0,5.35,36.293,34.824
2026-10-05 14:00:00,739.0,29.0,7.13,26.875,38.166
2026-10-05 15:00:00,560.0,29.0,10.23,24.211,37.806
2026-10-05 16:00:00,341.0,28.0,16.62,14.418,34.224
2026-10-05 17:00:00,114.0,26.0,35.69,5.079,37.036
2026-10-05 18:00:00,0.0,26.0,33.59,0.0,41.094
2026-10-05 19:00:00,0.0,26.0,31.49,0.0,42.722
2026-10-05 20:00:00,0.0,25.0,29.39,0.0,42.233
2026-10-05 21:00:00,0.0,25.0,27.29,0.0,39.695
2026-10-05 22:00:00,0.0,24.0,25.19,0.0,31.439
2026-10-05 23:00:00,0.0,24.0,23.09,0.0,16.917
2026-10-06 00:00:00,0.0,24.0,20.99,0.0,11.824
2026-10-06 01:00:00,0.0,23.0,18.9,0.0,10.0
2026-10-06 02:00:00,0.0,23.0,16.8,0.0,10.685
2026-10-06 03:00:00,0.0,23.0,14.7,0.0,10.0
2026-10-06 04:00:00,0.0,23.0,12.6,0.0,10.0
2026-10-06 05:00:00,0.0,23.0,10.5,0.0,11.99
2026-10-06 06:00:00,0.0,23.0,8.4,0.0,15.415
2026-10-06 07:00:00,164.0,24.0,6.3,8.311,21.805
2026-10-06 08:00:00,392.0,26.0,3.52,16.796,29.926
2026-10-06 09:00:00,604.0,28.0,2.71,23.29,32.946
2026-10-06 10:00:00,771.0,29.0,2.72,28.419,33.866
2026-10-06 11:00:00,874.0,30.0,3.23,34.748,34.205
2026-10-06 12:00:00,904.0,30.0,3.96,33.647,32.745
2026-10-06 13:00:00,857.0,29.0,5.11,31.786,35.584
2026-10-06 14:00:00,738.0,29.0,6.89,30.08,34.359
2026-10-06 15:00:00,558.0,29.0,10.12,24.35,37.607
2026-10-06 16:00:00,338.0,28.0,16.81,15.199,35.894
2026-10-06 17:00:00,91.0,27.0,48.01,4.276,36.747
2026-10-06 18:00:00,0.0,26.0,44.9,0.0,40.324
2026-10-06 19:00:00,0.0,25.0,41.8,0.0,42.312
2026-10-06 20:00:00,0.0,25.0,38.69,0.0,41.88
2026-10-06 21:00:00,0.0,24.0,35.58,0.0,37.876
2026-10-06 22:00:00,0.0,24.0,32.48,0.0,30.279
2026-10-06 23:00:00,0.0,23.0,29.37,0.0,17.573
2026-10-07 00:00:00,0.0,23.0,26.26,0.0,13.031
2026-10-07 01:00:00,0.0,22.0,23.16,0.0,12.823
2026-10-07 02:00:00,0.0,22.0,20.05,0.0,10.0
2026-10-07 03:00:00,0.0,22.0,16.94,0.0,10.0
2026-10-07 04:00:00,0.0,21.0,13.84,0.0,10.0
2026-10-07 05:00:00,0.0,21.0,10.73,0.0,10.954
2026-10-07 06:00:00,0.0,22.0,7.63,0.0,15.927
2026-10-07 07:00:00,165.0,23.0,4.52,8.221,21.603
2026-10-07 08:00:00,397.0,24.0,1.64,15.763,26.428
2026-10-07 09:00:00,612.0,27.0,0.95,24.811,32.82
2026-10-07 10:00:00,779.0,29.0,1.32,30.606,35.271
2026-10-07 11:00:00,882.0,30.0,1.98,34.862,36.359
2026-10-07 12:00:00,910.0,31.0,2.98,35.398,34.927
2026-10-07 13:00:00,862.0,31.0,4.21,36.127,42.946
2026-10-07 14:00:00,741.0,31.0,6.13,33.913,44.722
2026-10-07 15:00:00,558.0,30.0,9.69,23.736,38.5
2026-10-07 16:00:00,337.0,29.0,16.51,15.096,36.765
2026-10-07 17:00:00,97.0,28.0,43.87,4.155,35.411
2026-10-07 18:00:00,0.0,27.0,40.89,0.0,40.11
2026-10-07 19:00:00,0.0,26.0,37.9,0.0,43.403
2026-10-07 20:00:00,0.0,25.0,34.92,0.0,39.446
2026-10-07 21:00:00,0.0,25.0,31.94,0.0,41.201
2026-10-07 22:00:00,0.0,24.0,28.95,0.0,31.537
2026-10-07 23:00:00,0.0,23.0,25.97,0.0,17.2
2026-10-08 00:00:00,0.0,23.0,22.99,0.0,10.0
2026-10-08 01:00:00,0.0,22.0,20.0,0.0,10.0
2026-10-08 02:00:00,0.0,22.0,17.02,0.0,10.0
2026-10-08 03:00:00,0.0,21.0,14.04,0.0,11.63
2026-10-08 04:00:00,0.0,21.0,11.05,0.0,10.276
2026-10-08 05:00:00,0.0,20.0,8.07,0.0,12.0
2026-10-08 06:00:00,0.0,21.0,5.09,0.0,16.089
2026-10-08 07:00:00,167.0,23.0,2.11,7.087,23.656
2026-10-08 08:00:00,399.0,26.0,0.49,19.797,29.528
2026-10-08 09:00:00,579.0,29.0,5.83,22.614,33.965
2026-10-08 10:00:00,778.0,30.0,1.04,32.159,35.872
2026-10-08 11:00:00,879.0,31.0,1.95,34.592,37.818
2026-10-08 12:00:00,876.0,32.0,6.26,35.169,37.605
2026-10-08 13:00:00,842.0,32.0,6.08,30.648,40.736
2026-10-08 14:00:00,703.0,31.0,10.58,29.308,42.804
2026-10-08 15:00:00,521.0,31.0,15.27,23.173,35.26
2026-10-08 16:00:00,334.0,30.0,16.7,15.765,43.18
2026-10-08 17:00:00,62.0,28.0,63.66,2.988,36.432
2026-10-08 18:00:00,0.0,27.0,59.38,0.0,43.042
2026-10-08 19:00:00,0.0,26.0,55.1,0.0,42.558
2026-10-08 20:00:00,0.0,25.0,50.83,0.0,42.4
2026-10-08 21:00:00,0.0,24.0,46.55,0.0,35.228
2026-10-08 22:00:00,0.0,23.0,42.27,0.0,29.881
2026-10-08 23:00:00,0.0,22.0,38.0,0.0,19.429
2026-10-09 00:00:00,0.0,22.0,33.72,0.0,10.87
2026-10-09 01:00:00,0.0,21.0,29.45,0.0,10.0
2026-10-09 02:00:00,0.0,21.0,25.17,0.0,10.54
2026-10-09 03:00:00,0.0,21.0,20.89,0.0,10.0
2026-10-09 04:00:00,0.0,20.0,16.62,0.0,10.103
2026-10-09 05:00:00,0.0,21.0,12.34,0.0,10.0
2026-10-09 06:00:00,0.0,21.0,8.07,0.0,14.896
2026-10-09 07:00:00,162.0,22.0,3.79,7.637,22.417
2026-10-09 08:00:00,399.0,24.0,0.0,16.78,30.069
2026-10-09 09:00:00,613.0,27.0,0.0,27.869,33.4
2026-10-09 10:00:00,779.0,29.0,0.5,30.051,36.144
2026-10-09 11:00:00,880.0,31.0,1.46,33.365,41.75
2026-10-09 12:00:00,906.0,31.0,2.69,35.322,37.402
2026-10-09 13:00:00,855.0,31.0,4.26,31.672,34.827
2026-10-09 14:00:00,711.0,31.0,9.19,29.59,35.424
2026-10-09 15:00:00,448.0,30.0,26.78,20.045,37.571
2026-10-09 16:00:00,273.0,29.0,31.46,12.233,42.888
2026-10-09 17:00:00,76.0,28.0,54.86,3.437,36.981
2026-10-09 18:00:00,0.0,26.0,51.17,0.0,40.27
2026-10-09 19:00:00,0.0,26.0,47.47,0.0,44.755
2026-10-09 20:00:00,0.0,25.0,43.78,0.0,43.578
2026-10-09 21:00:00,0.0,24.0,40.08,0.0,37.623
2026-10-09 22:00:00,0.0,23.0,36.38,0.0,29.536
2026-10-09 23:00:00,0.0,23.0,32.69,0.0,15.504
2026-10-10 00:00:00,0.0,22.0,28.99,0.0,10.0
2026-10-10 01:00:00,0.0,22.0,25.29,0.0,11.574
2026-10-10 02:00:00,0.0,22.0,21.6,0.0,11.453
2026-10-10 03:00:00,0.0,22.0,17.9,0.0,10.0
2026-10-10 04:00:00,0.0,22.0,14.2,0.0,10.0
2026-10-10 05:00:00,0.0,22.0,10.51,0.0,10.0
2026-10-10 06:00:00,0.0,22.0,6.81,0.0,15.108
2026-10-10 07:00:00,161.0,23.0,3.12,7.823,20.597
2026-10-10 08:00:00,387.0,25.0,2.18,16.682,27.025
2026-10-10 09:00:00,597.0,26.0,1.95,24.464,29.006
2026-10-10 10:00:00,761.0,28.0,2.39,28.376,31.484
2026-10-10 11:00:00,837.0,29.0,5.92,37.186,29.631
2026-10-10 12:00:00,639.0,29.0,31.11,27.452,30.093
2026-10-10 13:00:00,632.0,29.0,28.96,24.933,32.134
2026-10-10 14:00:00,607.0,29.0,22.14,25.714,30.38
2026-10-10 15:00:00,377.0,28.0,38.08,17.969,29.171
2026-10-10 16:00:00,142.0,28.0,64.11,6.427,33.401
2026-10-10 17:00:00,18.0,27.0,89.17,0.699,31.122
2026-10-10 18:00:00,0.0,26.0,85.37,0.0,36.768
2026-10-10 19:00:00,0.0,25.0,81.57,0.0,36.554
2026-10-10 20:00:00,0.0,25.0,77.77,0.0,35.782
2026-10-10 21:00:00,0.0,25.0,73.97,0.0,36.028
2026-10-10 22:00:00,0.0,24.0,70.17,0.0,26.216
2026-10-10 23:00:00,0.0,24.0,66.37,0.0,17.338
2026-10-11 00:00:00,0.0,23.0,62.57,0.0,10.0
2026-10-11 01:00:00,0.0,23.0,58.77,0.0,10.637
2026-10-11 02:00:00,0.0,23.0,54.97,0.0,10.405
2026-10-11 03:00:00,0.0,22.0,51.17,0.0,10.0
2026-10-11 04:00:00,0.0,22.0,47.37,0.0,10.0
2026-10-11 05:00:00,0.0,22.0,43.57,0.0,10.466
2026-10-11 06:00:00,0.0,22.0,39.77,0.0,13.5
2026-10-11 07:00:00,105.0,23.0,35.97,4.941,23.407
2026-10-11 08:00:00,377.0,24.0,4.06,15.923,24.496
2026-10-11 09:00:00,506.0,26.0,16.48,21.754,29.933
2026-10-11 10:00:00,420.0,27.0,45.9,18.555,31.318
2026-10-11 11:00:00,549.0,27.0,38.05,24.666,30.798
2026-10-11 12:00:00,842.0,28.0,8.88,33.247,30.03
2026-10-11 13:00:00,365.0,28.0,58.81,16.132,30.327
2026-10-11 14:00:00,368.0,28.0,52.6,16.539,31.185
2026-10-11 15:00:00,465.0,27.0,23.24,18.963,30.841
2026-10-11 16:00:00,251.0,25.0,36.12,11.488,27.827
2026-10-11 17:00:00,49.0,24.0,70.12,2.13,27.134
2026-10-11 18:00:00,0.0,24.0,66.2,0.0,35.893
2026-10-11 19:00:00,0.0,24.0,62.29,0.0,32.141
2026-10-11 20:00:00,0.0,23.0,58.38,0.0,35.694
2026-10-11 21:00:00,0.0,23.0,54.46,0.0,33.041
2026-10-11 22:00:00,0.0,23.0,50.55,0.0,28.265
2026-10-11 23:00:00,0.0,22.0,46.64,0.0,13.734
2026-10-12 00:00:00,0.0,22.0,42.72,0.0,11.291
2026-10-12 01:00:00,0.0,22.0,38.81,0.0,10.788
2026-10-12 02:00:00,0.0,22.0,34.89,0.0,14.065
2026-10-12 03:00:00,0.0,22.0,30.98,0.0,10.382
2026-10-12 04:00:00,0.0,22.0,27.07,0.0,12.388
2026-10-12 05:00:00,0.0,22.0,23.15,0.0,10.0
2026-10-12 06:00:00,0.0,22.0,19.24,0.0,17.428
2026-10-12 07:00:00,137.0,23.0,15.33,6.437,23.317
2026-10-12 08:00:00,250.0,24.0,35.94,11.44,28.878
2026-10-12 09:00:00,452.0,25.0,25.01,20.413,31.647
2026-10-12 10:00:00,367.0,26.0,52.53,14.804,40.823
2026-10-12 11:00:00,291.0,26.0,67.03,12.648,33.857
2026-10-12 12:00:00,370.0,27.0,59.81,15.897,32.152
2026-10-12 13:00:00,189.0,27.0,78.59,8.255,32.188
2026-10-12 14:00:00,127.0,27.0,83.57,5.491,34.594
2026-10-12 15:00:00,494.0,27.0,18.05,21.638,35.376
2026-10-12 16:00:00,317.0,27.0,18.77,13.857,33.607
2026-10-12 17:00:00,62.0,26.0,61.68,2.593,36.22
2026-10-12 18:00:00,0.0,25.0,58.56,0.0,38.235
2026-10-12 19:00:00,0.0,25.0,55.43,0.0,42.864
2026-10-12 20:00:00,0.0,24.0,52.3,0.0,39.872
2026-10-12 21:00:00,0.0,24.0,49.18,0.0,38.106
2026-10-12 22:00:00,0.0,23.0,46.05,0.0,31.237
2026-10-12 23:00:00,0.0,23.0,42.93,0.0,18.626
2026-10-13 00:00:00,0.0,23.0,39.8,0.0,11.363
2026-10-13 01:00:00,0.0,22.0,36.68,0.0,12.266
2026-10-13 02:00:00,0.0,22.0,33.55,0.0,14.253
2026-10-13 03:00:00,0.0,22.0,30.43,0.0,10.266
2026-10-13 04:00:00,0.0,21.0,27.3,0.0,12.603
2026-10-13 05:00:00,0.0,21.0,24.18,0.0,10.221
2026-10-13 06:00:00,0.0,21.0,21.05,0.0,17.757
2026-10-13 07:00:00,131.0,22.0,17.93,5.192,21.869
2026-10-13 08:00:00,381.0,24.0,1.7,14.782,34.581
2026-10-13 09:00:00,590.0,26.0,1.62,27.57,32.752
2026-10-13 10:00:00,754.0,28.0,2.04,30.997,35.472
2026-10-13 11:00:00,854.0,29.0,2.87,38.622,33.968
2026-10-13 12:00:00,633.0,29.0,30.97,26.334,33.536
2026-10-13 13:00:00,278.0,29.0,68.38,12.974,35.406
2026-10-13 14:00:00,124.0,29.0,83.89,5.436,38.938
2026-10-13 15:00:00,163.0,28.0,72.82,7.434,33.544
2026-10-13 16:00:00,117.0,27.0,69.81,5.013,35.651
2026-10-13 17:00:00,81.0,26.0,49.25,3.836,35.333
2026-10-13 18:00:00,0.0,25.0,45.74,0.0,39.998
2026-10-13 19:00:00,0.0,25.0,42.22,0.0,42.991
2026-10-13 20:00:00,0.0,24.0,38.7,0.0,41.652
2026-10-13 21:00:00,0.0,24.0,35.18,0.0,37.425
2026-10-13 22:00:00,0.0,23.0,31.66,0.0,31.425
2026-10-13 23:00:00,0.0,23.0,28.15,0.0,17.799
2026-10-14 00:00:00,0.0,22.0,24.63,0.0,10.04
2026-10-14 01:00:00,0.0,22.0,21.11,0.0,10.0
2026-10-14 02:00:00,0.0,21.0,17.59,0.0,10.0
2026-10-14 03:00:00,0.0,21.0,14.07,0.0,10.16
2026-10-14 04:00:00,0.0,21.0,10.55,0.0,10.983
2026-10-14 05:00:00,0.0,21.0,7.04,0.0,10.0
2026-10-14 06:00:00,0.0,21.0,3.52,0.0,14.502
2026-10-14 07:00:00,159.0,22.0,0.0,7.302,21.01
2026-10-14 08:00:00,388.0,25.0,0.0,17.998,30.354
2026-10-14 09:00:00,600.0,27.0,0.0,27.215,30.073
2026-10-14 10:00:00,764.0,28.0,0.31,29.566,34.39
2026-10-14 11:00:00,864.0,29.0,1.34,33.2,36.755
2026-10-14 12:00:00,889.0,30.0,2.68,32.277,40.469
2026-10-14 13:00:00,838.0,30.0,4.31,32.469,34.684
2026-10-14 14:00:00,715.0,30.0,6.71,31.801,36.185
2026-10-14 15:00:00,533.0,29.0,10.67,22.699,44.15
2026-10-14 16:00:00,269.0,28.0,30.11,11.0,41.535
2026-10-14 17:00:00,82.0,26.0,47.92,3.631,32.365
2026-10-14 18:00:00,0.0,25.0,44.74,0.0,41.357
2026-10-14 19:00:00,0.0,24.0,41.56,0.0,42.06
2026-10-14 20:00:00,0.0,23.0,38.38,0.0,40.954
2026-10-14 21:00:00,0.0,23.0,35.2,0.0,35.727
2026-10-14 22:00:00,0.0,22.0,32.03,0.0,31.582
2026-10-14 23:00:00,0.0,22.0,28.85,0.0,15.274
2026-10-15 00:00:00,0.0,22.0,25.67,0.0,10.0
2026-10-15 01:00:00,0.0,21.0,22.49,0.0,10.309
2026-10-15 02:00:00,0.0,21.0,19.31,0.0,10.0
2026-10-15 03:00:00,0.0,21.0,16.13,0.0,10.0
2026-10-15 04:00:00,0.0,21.0,12.95,0.0,11.535
2026-10-15 05:00:00,0.0,20.0,9.77,0.0,11.558
2026-10-15 06:00:00,0.0,21.0,6.59,0.0,15.306
2026-10-15 07:00:00,150.0,23.0,3.41,6.726,22.129
2026-10-15 08:00:00,307.0,26.0,19.68,13.664,29.363
2026-10-15 09:00:00,593.0,28.0,0.1,22.72,43.154
2026-10-15 10:00:00,756.0,29.0,0.92,30.177,36.068
2026-10-15 11:00:00,854.0,30.0,2.09,32.157,35.04
2026-10-15 12:00:00,852.0,30.0,6.36,34.32,37.542
2026-10-15 13:00:00,827.0,30.0,5.19,33.813,36.119
2026-10-15 14:00:00,498.0,30.0,34.74,21.411,31.867
2026-10-15 15:00:00,524.0,29.0,11.73,24.054,36.369
2026-10-15 16:00:00,306.0,28.0,19.95,13.214,37.957
2026-10-15 17:00:00,88.0,26.0,43.34,4.245,36.044
2026-10-15 18:00:00,0.0,25.0,43.79,0.0,39.173
2026-10-15 19:00:00,0.0,24.0,44.25,0.0,41.414
2026-10-15 20:00:00,0.0,24.0,44.71,0.0,41.25
2026-10-15 21:00:00,0.0,23.0,45.16,0.0,39.577
2026-10-15 22:00:00,0.0,23.0,45.62,0.0,30.019
2026-10-15 23:00:00,0.0,22.0,46.07,0.0,15.653
2026-10-16 00:00:00,0.0,22.0,46.53,0.0,13.094
2026-10-16 01:00:00,0.0,22.0,46.99,0.0,10.546
2026-10-16 02:00:00,0.0,22.0,47.44,0.0,12.339
2026-10-16 03:00:00,0.0,22.0,47.9,0.0,14.38
2026-10-16 04:00:00,0.0,21.0,48.36,0.0,10.0
2026-10-16 05:00:00,0.0,21.0,48.81,0.0,10.0
2026-10-16 06:00:00,0.0,21.0,49.27,0.0,15.628
2026-10-16 07:00:00,77.0,22.0,49.73,3.318,24.539
2026-10-16 08:00:00,108.0,24.0,71.55,5.339,30.234
2026-10-16 09:00:00,149.0,25.0,74.77,6.465,34.431
2026-10-16 10:00:00,147.0,26.0,80.65,6.402,32.948
2026-10-16 11:00:00,168.0,27.0,80.66,8.547,34.933
2026-10-16 12:00:00,216.0,26.0,76.17,9.576,31.504
2026-10-16 13:00:00,208.0,26.0,76.06,8.839,32.895
2026-10-16 14:00:00,130.0,26.0,82.89,5.647,32.644
2026-10-16 15:00:00,175.0,26.0,70.37,8.359,32.385
2026-10-16 16:00:00,168.0,25.0,55.74,6.883,35.151
2026-10-16 17:00:00,16.0,24.0,89.55,0.707,31.366
2026-10-16 18:00:00,0.0,24.0,83.16,0.0,37.965
2026-10-16 19:00:00,0.0,24.0,76.76,0.0,41.875
2026-10-16 20:00:00,0.0,23.0,70.37,0.0,41.521
2026-10-16 21:00:00,0.0,23.0,63.97,0.0,38.434
2026-10-16 22:00:00,0.0,23.0,57.58,0.0,34.614
2026-10-16 23:00:00,0.0,22.0,51.18,0.0,18.697
2026-10-17 00:00:00,0.0,22.0,44.79,0.0,10.0
2026-10-17 01:00:00,0.0,22.0,38.39,0.0,12.663
2026-10-17 02:00:00,0.0,22.0,32.0,0.0,12.631
2026-10-17 03:00:00,0.0,22.0,25.6,0.0,10.0
2026-10-17 04:00:00,0.0,22.0,19.21,0.0,10.474
2026-10-17 05:00:00,0.0,22.0,12.81,0.0,10.913
2026-10-17 06:00:00,0.0,22.0,6.42,0.0,14.017
2026-10-17 07:00:00,151.0,23.0,0.02,7.157,19.896
2026-10-17 08:00:00,290.0,24.0,23.06,12.842,27.017
2026-10-17 09:00:00,476.0,25.0,18.98,22.242,28.172
2026-10-17 10:00:00,689.0,27.0,8.9,30.711,29.104
2026-10-17 11:00:00,646.0,27.0,25.33,27.837,28.994
2026-10-17 12:00:00,510.0,27.0,43.5,24.333,28.409
2026-10-17 13:00:00,449.0,27.0,48.1,18.963,29.077
2026-10-17 14:00:00,383.0,27.0,49.36,17.588,30.912
2026-10-17 15:00:00,167.0,26.0,71.57,8.532,28.746
2026-10-17 16:00:00,135.0,26.0,64.18,6.85,32.032
2026-10-17 17:00:00,21.0,25.0,86.1,1.011,30.706
2026-10-17 18:00:00,0.0,24.0,79.95,0.0,33.98
2026-10-17 19:00:00,0.0,23.0,73.8,0.0,37.266
2026-10-17 20:00:00,0.0,23.0,67.65,0.0,36.601
2026-10-17 21:00:00,0.0,22.0,61.5,0.0,31.404
2026-10-17 22:00:00,0.0,23.0,55.35,0.0,26.522
2026-10-17 23:00:00,0.0,22.0,49.2,0.0,15.009
2026-10-18 00:00:00,0.0,22.0,43.05,0.0,11.154
2026-10-18 01:00:00,0.0,22.0,36.9,0.0,12.32
2026-10-18 02:00:00,0.0,22.0,30.75,0.0,10.255
2026-10-18 03:00:00,0.0,22.0,24.6,0.0,12.549
2026-10-18 04:00:00,0.0,22.0,18.45,0.0,10.0
2026-10-18 05:00:00,0.0,22.0,12.3,0.0,10.231
2026-10-18 06:00:00,0.0,22.0,6.15,0.0,14.492
2026-10-18 07:00:00,152.0,23.0,0.0,6.522,19.516
2026-10-18 08:00:00,376.0,25.0,0.0,17.698,27.543
2026-10-18 09:00:00,584.0,27.0,0.07,25.618,25.182
2026-10-18 10:00:00,744.0,28.0,1.19,31.331,29.925
2026-10-18 11:00:00,841.0,29.0,2.39,35.613,33.397
2026-10-18 12:00:00,864.0,29.0,3.9,32.725,30.533
2026-10-18 13:00:00,539.0,29.0,37.44,21.953,32.308
2026-10-18 14:00:00,691.0,28.0,8.23,30.959,33.461
2026-10-18 15:00:00,130.0,27.0,77.76,5.528,30.813
2026-10-18 16:00:00,289.0,26.0,22.78,12.949,32.407
2026-10-18 17:00:00,15.0,25.0,89.93,0.623,33.817
2026-10-18 18:00:00,0.0,24.0,83.5,0.0,34.343
2026-10-18 19:00:00,0.0,23.0,77.08,0.0,35.763
2026-10-18 20:00:00,0.0,22.0,70.66,0.0,36.683
2026-10-18 21:00:00,0.0,23.0,64.23,0.0,35.028
2026-10-18 22:00:00,0.0,23.0,57.81,0.0,27.986
2026-10-18 23:00:00,0.0,23.0,51.39,0.0,14.653
2026-10-19 00:00:00,0.0,22.0,44.96,0.0,13.204
2026-10-19 01:00:00,0.0,22.0,38.54,0.0,10.121
2026-10-19 02:00:00,0.0,22.0,32.12,0.0,11.871
2026-10-19 03:00:00,0.0,22.0,25.69,0.0,10.568
2026-10-19 04:00:00,0.0,22.0,19.27,0.0,13.058
2026-10-19 05:00:00,0.0,22.0,12.85,0.0,10.011
2026-10-19 06:00:00,0.0,22.0,6.42,0.0,14.809
2026-10-19 07:00:00,152.0,23.0,0.0,6.844,24.196
2026-10-19 08:00:00,378.0,24.0,0.0,15.499,26.918
2026-10-19 09:00:00,592.0,26.0,0.0,26.561,32.163
2026-10-19 10:00:00,755.0,28.0,0.0,29.886,36.668
2026-10-19 11:00:00,853.0,29.0,0.59,35.987,33.251
2026-10-19 12:00:00,875.0,29.0,2.29,33.131,35.313
2026-10-19 13:00:00,202.0,29.0,76.46,9.145,36.246
2026-10-19 14:00:00,541.0,28.0,27.83,24.327,34.164
2026-10-19 15:00:00,151.0,27.0,74.03,7.146,33.452
2026-10-19 16:00:00,189.0,26.0,49.14,8.562,34.632
2026-10-19 17:00:00,67.0,24.0,54.37,2.971,32.826
2026-10-19 18:00:00,0.0,23.0,50.57,0.0,39.097
2026-10-19 19:00:00,0.0,23.0,46.77,0.0,41.113
2026-10-19 20:00:00,0.0,22.0,42.97,0.0,40.281
2026-10-19 21:00:00,0.0,22.0,39.18,0.0,39.153
2026-10-19 22:00:00,0.0,22.0,35.38,0.0,34.211
2026-10-19 23:00:00,0.0,22.0,31.58,0.0,16.959
2026-10-20 00:00:00,0.0,22.0,27.79,0.0,12.681
2026-10-20 01:00:00,0.0,22.0,23.99,0.0,12.71
2026-10-20 02:00:00,0.0,22.0,20.19,0.0,10.0
2026-10-20 03:00:00,0.0,21.0,16.39,0.0,10.585
2026-10-20 04:00:00,0.0,21.0,12.6,0.0,10.0
2026-10-20 05:00:00,0.0,21.0,8.8,0.0,10.0
2026-10-20 06:00:00,0.0,21.0,5.0,0.0,16.498
2026-10-20 07:00:00,143.0,22.0,1.2,5.624,21.527
2026-10-20 08:00:00,367.0,24.0,0.53,16.452,29.178
2026-10-20 09:00:00,583.0,27.0,0.0,24.71,35.998
2026-10-20 10:00:00,745.0,30.0,0.17,28.419,43.894
2026-10-20 11:00:00,839.0,31.0,1.81,33.915,35.051
2026-10-20 12:00:00,829.0,31.0,7.05,35.107,37.193
2026-10-20 13:00:00,724.0,31.0,15.27,31.306,35.499
2026-10-20 14:00:00,262.0,30.0,64.89,11.847,35.014
2026-10-20 15:00:00,389.0,29.0,32.73,18.131,37.827
2026-10-20 16:00:00,225.0,28.0,39.02,9.651,46.05
2026-10-20 17:00:00,14.0,26.0,90.33,0.608,35.655
2026-10-20 18:00:00,0.0,25.0,83.88,0.0,39.472
2026-10-20 19:00:00,0.0,24.0,77.42,0.0,42.21
2026-10-20 20:00:00,0.0,23.0,70.97,0.0,42.46
2026-10-20 21:00:00,0.0,23.0,64.52,0.0,39.67
2026-10-20 22:00:00,0.0,23.0,58.07,0.0,31.347
2026-10-20 23:00:00,0.0,23.0,51.62,0.0,18.193
2026-10-21 00:00:00,0.0,23.0,45.16,0.0,10.0
2026-10-21 01:00:00,0.0,23.0,38.71,0.0,10.0
2026-10-21 02:00:00,0.0,22.0,32.26,0.0,10.021
2026-10-21 03:00:00,0.0,22.0,25.81,0.0,11.666
2026-10-21 04:00:00,0.0,22.0,19.36,0.0,10.0
2026-10-21 05:00:00,0.0,22.0,12.9,0.0,12.448
2026-10-21 06:00:00,0.0,22.0,6.45,0.0,15.923
2026-10-21 07:00:00,145.0,23.0,0.0,6.102,22.393
2026-10-21 08:00:00,322.0,24.0,12.1,14.051,30.037
2026-10-21 09:00:00,395.0,26.0,31.33,16.804,39.207
2026-10-21 10:00:00,722.0,27.0,2.81,27.892,43.664
2026-10-21 11:00:00,827.0,27.0,2.81,37.875,34.003
2026-10-21 12:00:00,790.0,27.0,11.06,30.378,33.46
2026-10-21 13:00:00,800.0,26.0,5.98,34.12,34.46
2026-10-21 14:00:00,243.0,26.0,67.29,11.186,32.946
2026-10-21 15:00:00,214.0,26.0,62.8,9.297,35.664
2026-10-21 16:00:00,276.0,25.0,24.66,12.04,31.516
2026-10-21 17:00:00,34.0,24.0,76.17,1.514,33.38
2026-10-21 18:00:00,0.0,24.0,70.73,0.0,39.555
2026-10-21 19:00:00,0.0,23.0,65.29,0.0,43.014
2026-10-21 20:00:00,0.0,23.0,59.85,0.0,42.078
2026-10-21 21:00:00,0.0,22.0,54.41,0.0,39.446
2026-10-21 22:00:00,0.0,22.0,48.97,0.0,33.485
2026-10-21 23:00:00,0.0,22.0,43.53,0.0,17.165
2026-10-22 00:00:00,0.0,22.0,38.09,0.0,10.0
2026-10-22 01:00:00,0.0,22.0,32.64,0.0,12.519
2026-10-22 02:00:00,0.0,22.0,27.2,0.0,10.0
2026-10-22 03:00:00,0.0,21.0,21.76,0.0,10.639
2026-10-22 04:00:00,0.0,21.0,16.32,0.0,10.753
2026-10-22 05:00:00,0.0,21.0,10.88,0.0,11.266
2026-10-22 06:00:00,0.0,21.0,5.44,0.0,14.452
2026-10-22 07:00:00,143.0,22.0,0.0,6.802,20.286
2026-10-22 08:00:00,368.0,23.0,0.0,17.39,27.097
2026-10-22 09:00:00,575.0,26.0,0.0,24.751,33.157
2026-10-22 10:00:00,736.0,28.0,0.47,30.247,32.475
2026-10-22 11:00:00,834.0,28.0,1.58,31.0,33.768
2026-10-22 12:00:00,858.0,28.0,3.0,34.968,34.585
2026-10-22 13:00:00,721.0,28.0,14.91,30.594,32.362
2026-10-22 14:00:00,683.0,27.0,7.64,28.248,32.69
2026-10-22 15:00:00,503.0,27.0,12.09,22.225,41.121
2026-10-22 16:00:00,223.0,26.0,38.69,9.357,35.396
2026-10-22 17:00:00,25.0,25.0,82.22,1.052,33.284
2026-10-22 18:00:00,0.0,24.0,76.43,0.0,39.197
2026-10-22 19:00:00,0.0,24.0,70.64,0.0,42.058
2026-10-22 20:00:00,0.0,23.0,64.85,0.0,39.218
2026-10-22 21:00:00,0.0,23.0,59.06,0.0,38.801
2026-10-22 22:00:00,0.0,22.0,53.27,0.0,30.997
2026-10-22 23:00:00,0.0,22.0,47.48,0.0,16.673
2026-10-23 00:00:00,0.0,22.0,41.69,0.0,11.812
2026-10-23 01:00:00,0.0,21.0,35.9,0.0,10.253
2026-10-23 02:00:00,0.0,21.0,30.11,0.0,11.479
2026-10-23 03:00:00,0.0,21.0,24.32,0.0,11.307
2026-10-23 04:00:00,0.0,20.0,18.53,0.0,11.771
2026-10-23 05:00:00,0.0,20.0,12.74,0.0,11.764
2026-10-23 06:00:00,0.0,21.0,6.95,0.0,17.541
2026-10-23 07:00:00,137.0,22.0,1.16,5.436,23.539
2026-10-23 08:00:00,369.0,25.0,0.0,17.147,30.916
2026-10-23 09:00:00,577.0,28.0,0.0,24.667,32.391
2026-10-23 10:00:00,739.0,29.0,0.0,28.934,34.954
2026-10-23 11:00:00,836.0,29.0,0.92,29.593,35.628
2026-10-23 12:00:00,860.0,30.0,2.38,34.819,36.001
2026-10-23 13:00:00,365.0,30.0,56.74,15.664,34.17
2026-10-23 14:00:00,564.0,29.0,23.39,24.771,37.762
2026-10-23 15:00:00,475.0,29.0,16.54,21.197,36.107
2026-10-23 16:00:00,262.0,28.0,27.45,11.295,36.489
2026-10-23 17:00:00,60.0,26.0,56.71,2.678,34.561
2026-10-23 18:00:00,0.0,25.0,52.66,0.0,38.345
2026-10-23 19:00:00,0.0,24.0,48.61,0.0,41.323
2026-10-23 20:00:00,0.0,24.0,44.56,0.0,41.039
2026-10-23 21:00:00,0.0,23.0,40.51,0.0,38.378
2026-10-23 22:00:00,0.0,23.0,36.46,0.0,34.317
2026-10-23 23:00:00,0.0,22.0,32.41,0.0,16.323
2026-10-24 00:00:00,0.0,22.0,28.36,0.0,10.536
2026-10-24 01:00:00,0.0,21.0,24.3,0.0,11.551
2026-10-24 02:00:00,0.0,20.0,20.25,0.0,10.0
2026-10-24 03:00:00,0.0,20.0,16.2,0.0,10.919
2026-10-24 04:00:00,0.0,20.0,12.15,0.0,10.0
2026-10-24 05:00:00,0.0,19.0,8.1,0.0,10.0
2026-10-24 06:00:00,0.0,20.0,4.05,0.0,15.091
2026-10-24 07:00:00,140.0,22.0,0.0,6.308,20.336
2026-10-24 08:00:00,370.0,24.0,0.0,16.511,24.037
2026-10-24 09:00:00,575.0,27.0,0.0,25.216,29.231
2026-10-24 10:00:00,751.0,29.0,0.0,28.435,31.673
2026-10-24 11:00:00,848.0,30.0,0.0,32.475,31.546
2026-10-24 12:00:00,871.0,31.0,0.72,33.431,31.744
2026-10-24 13:00:00,817.0,31.0,2.77,31.925,32.609
2026-10-24 14:00:00,692.0,30.0,5.57,29.774,30.454
2026-10-24 15:00:00,508.0,30.0,10.27,18.253,32.104
2026-10-24 16:00:00,287.0,29.0,19.95,14.108,33.768
2026-10-24 17:00:00,57.0,26.0,58.27,2.59,31.147
2026-10-24 18:00:00,0.0,25.0,54.62,0.0,33.862
2026-10-24 19:00:00,0.0,24.0,50.97,0.0,34.566
2026-10-24 20:00:00,0.0,24.0,47.31,0.0,34.002
2026-10-24 21:00:00,0.0,23.0,43.66,0.0,33.186
2026-10-24 22:00:00,0.0,22.0,40.01,0.0,30.876
2026-10-24 23:00:00,0.0,22.0,36.36,0.0,16.122
2026-10-25 00:00:00,0.0,21.0,32.71,0.0,10.0
2026-10-25 01:00:00,0.0,21.0,29.05,0.0,11.4
2026-10-25 02:00:00,0.0,20.0,25.4,0.0,10.0
2026-10-25 03:00:00,0.0,20.0,21.75,0.0,10.157
2026-10-25 04:00:00,0.0,20.0,18.1,0.0,10.0
2026-10-25 05:00:00,0.0,20.0,14.44,0.0,13.816
2026-10-25 06:00:00,0.0,20.0,10.79,0.0,13.332
2026-10-25 07:00:00,125.0,22.0,7.14,5.982,21.099
2026-10-25 08:00:00,371.0,25.0,0.0,15.593,24.961
2026-10-25 09:00:00,583.0,27.0,0.0,23.069,30.094
2026-10-25 10:00:00,732.0,29.0,0.0,32.945,31.791
2026-10-25 11:00:00,843.0,30.0,0.0,34.024,34.296
2026-10-25 12:00:00,866.0,30.0,0.88,32.796,32.725
2026-10-25 13:00:00,800.0,30.0,4.39,32.568,30.585
2026-10-25 14:00:00,685.0,30.0,6.09,26.031,35.967
2026-10-25 15:00:00,492.0,29.0,12.63,21.895,32.978
2026-10-25 16:00:00,229.0,28.0,35.67,9.995,31.499
2026-10-25 17:00:00,36.0,26.0,73.26,1.528,31.468
2026-10-25 18:00:00,0.0,25.0,68.27,0.0,35.413
2026-10-25 19:00:00,0.0,24.0,63.29,0.0,36.66
2026-10-25 20:00:00,0.0,23.0,58.31,0.0,36.114
2026-10-25 21:00:00,0.0,23.0,53.33,0.0,34.723
2026-10-25 22:00:00,0.0,22.0,48.34,0.0,29.255
2026-10-25 23:00:00,0.0,22.0,43.36,0.0,14.143
2026-10-26 00:00:00,0.0,21.0,38.38,0.0,13.751
2026-10-26 01:00:00,0.0,21.0,33.4,0.0,13.256
2026-10-26 02:00:00,0.0,21.0,28.41,0.0,11.321
2026-10-26 03:00:00,0.0,20.0,23.43,0.0,10.254
2026-10-26 04:00:00,0.0,20.0,18.45,0.0,10.578
2026-10-26 05:00:00,0.0,20.0,13.47,0.0,10.747
2026-10-26 06:00:00,0.0,20.0,8.48,0.0,15.728
2026-10-26 07:00:00,128.0,22.0,3.5,5.553,19.939
2026-10-26 08:00:00,347.0,25.0,1.82,15.501,31.392
2026-10-26 09:00:00,555.0,27.0,0.92,22.079,34.398
2026-10-26 10:00:00,719.0,28.0,0.98,27.336,32.153
2026-10-26 11:00:00,815.0,29.0,2.18,29.364,36.996
2026-10-26 12:00:00,833.0,30.0,4.26,32.779,35.489
2026-10-26 13:00:00,795.0,30.0,4.58,31.382,35.021
2026-10-26 14:00:00,661.0,29.0,8.97,26.612,35.64
2026-10-26 15:00:00,449.0,29.0,19.84,19.401,40.719
2026-10-26 16:00:00,280.0,27.0,20.77,11.44,35.734
2026-10-26 17:00:00,53.0,25.0,60.04,2.395,39.99
2026-10-26 18:00:00,0.0,23.0,55.75,0.0,39.113
2026-10-26 19:00:00,0.0,22.0,51.47,0.0,39.586
2026-10-26 20:00:00,0.0,21.0,47.18,0.0,41.626
2026-10-26 21:00:00,0.0,21.0,42.89,0.0,39.984
2026-10-26 22:00:00,0.0,20.0,38.6,0.0,32.57
2026-10-26 23:00:00,0.0,19.0,34.31,0.0,16.179
2026-10-27 00:00:00,0.0,19.0,30.02,0.0,14.565
2026-10-27 01:00:00,0.0,18.0,25.73,0.0,10.0
2026-10-27 02:00:00,0.0,18.0,21.44,0.0,11.283
2026-10-27 03:00:00,0.0,18.0,17.16,0.0,10.541
2026-10-27 04:00:00,0.0,17.0,12.87,0.0,13.317
2026-10-27 05:00:00,0.0,17.0,8.58,0.0,11.741
2026-10-27 06:00:00,0.0,17.0,4.29,0.0,16.842
2026-10-27 07:00:00,141.0,19.0,0.0,6.848,23.708
2026-10-27 08:00:00,366.0,22.0,0.0,15.984,31.471
2026-10-27 09:00:00,566.0,26.0,0.0,24.187,30.784
2026-10-27 10:00:00,734.0,27.0,0.0,25.989,33.364
2026-10-27 11:00:00,831.0,29.0,0.0,33.427,37.09
2026-10-27 12:00:00,880.0,29.0,0.0,35.162,42.316
2026-10-27 13:00:00,825.0,29.0,0.56,33.344,34.261
2026-10-27 14:00:00,697.0,29.0,3.57,27.587,36.871
2026-10-27 15:00:00,498.0,28.0,10.62,21.56,32.725
2026-10-27 16:00:00,281.0,27.0,19.92,12.503,33.936
2026-10-27 17:00:00,55.0,24.0,57.92,2.315,30.505
2026-10-27 18:00:00,0.0,23.0,53.78,0.0,40.692
2026-10-27 19:00:00,0.0,22.0,49.64,0.0,41.365
2026-10-27 20:00:00,0.0,21.0,45.51,0.0,42.353
2026-10-27 21:00:00,0.0,20.0,41.37,0.0,38.347
2026-10-27 22:00:00,0.0,19.0,37.23,0.0,33.432
2026-10-27 23:00:00,0.0,19.0,33.1,0.0,16.323
2026-10-28 00:00:00,0.0,18.0,28.96,0.0,11.374
2026-10-28 01:00:00,0.0,18.0,24.82,0.0,10.869
2026-10-28 02:00:00,0.0,17.0,20.69,0.0,10.673
2026-10-28 03:00:00,0.0,17.0,16.55,0.0,12.559
2026-10-28 04:00:00,0.0,16.0,12.41,0.0,10.0
2026-10-28 05:00:00,0.0,16.0,8.27,0.0,11.104
2026-10-28 06:00:00,0.0,16.0,4.14,0.0,16.277
2026-10-28 07:00:00,136.0,19.0,0.0,6.835,23.068
2026-10-28 08:00:00,365.0,22.0,0.0,14.926,37.943
2026-10-28 09:00:00,570.0,25.0,0.0,24.244,30.501
2026-10-28 10:00:00,726.0,27.0,0.0,27.779,35.892
2026-10-28 11:00:00,827.0,28.0,0.0,30.783,34.901
2026-10-28 12:00:00,854.0,29.0,1.03,34.239,38.163
2026-10-28 13:00:00,802.0,29.0,2.92,31.09,35.29
2026-10-28 14:00:00,677.0,29.0,5.91,26.485,34.544
2026-10-28 15:00:00,495.0,28.0,10.68,19.931,42.863
2026-10-28 16:00:00,278.0,27.0,20.2,11.202,35.903
2026-10-28 17:00:00,48.0,24.0,62.73,2.191,35.879
2026-10-28 18:00:00,0.0,23.0,58.25,0.0,37.365
2026-10-28 19:00:00,0.0,22.0,53.77,0.0,38.978
2026-10-28 20:00:00,0.0,21.0,49.28,0.0,41.505
2026-10-28 21:00:00,0.0,20.0,44.8,0.0,39.67
2026-10-28 22:00:00,0.0,19.0,40.32,0.0,32.4
2026-10-28 23:00:00,0.0,19.0,35.84,0.0,17.441
2026-10-29 00:00:00,0.0,18.0,31.36,0.0,11.536
2026-10-29 01:00:00,0.0,18.0,26.88,0.0,10.0
2026-10-29 02:00:00,0.0,17.0,22.4,0.0,10.594
2026-10-29 03:00:00,0.0,17.0,17.92,0.0,12.043
2026-10-29 04:00:00,0.0,17.0,13.44,0.0,10.74
2026-10-29 05:00:00,0.0,17.0,8.96,0.0,10.0
2026-10-29 06:00:00,0.0,17.0,4.48,0.0,15.533
2026-10-29 07:00:00,140.0,20.0,0.0,6.906,23.779
2026-10-29 08:00:00,361.0,22.0,0.0,14.65,39.166
2026-10-29 09:00:00,563.0,26.0,0.0,24.081,29.261
2026-10-29 10:00:00,722.0,28.0,0.0,26.758,35.006
2026-10-29 11:00:00,823.0,29.0,0.0,33.491,34.445
2026-10-29 12:00:00,871.0,30.0,0.0,38.111,36.211
2026-10-29 13:00:00,816.0,30.0,0.8,33.169,36.123
2026-10-29 14:00:00,690.0,29.0,3.66,29.212,34.624
2026-10-29 15:00:00,492.0,28.0,10.75,18.696,36.384
2026-10-29 16:00:00,275.0,27.0,20.49,11.766,37.346
2026-10-29 17:00:00,64.0,25.0,49.56,2.908,34.52
2026-10-29 18:00:00,0.0,23.0,46.02,0.0,37.128
2026-10-29 19:00:00,0.0,22.0,42.48,0.0,43.496
2026-10-29 20:00:00,0.0,22.0,38.94,0.0,42.16
2026-10-29 21:00:00,0.0,21.0,35.4,0.0,39.289
2026-10-29 22:00:00,0.0,20.0,31.86,0.0,31.033
2026-10-29 23:00:00,0.0,19.0,28.32,0.0,17.88
2026-10-30 00:00:00,0.0,19.0,24.78,0.0,13.659
2026-10-30 01:00:00,0.0,18.0,21.24,0.0,10.33
2026-10-30 02:00:00,0.0,18.0,17.7,0.0,10.332
2026-10-30 03:00:00,0.0,18.0,14.16,0.0,10.0
2026-10-30 04:00:00,0.0,17.0,10.62,0.0,10.0
2026-10-30 05:00:00,0.0,17.0,7.08,0.0,10.0
2026-10-30 06:00:00,0.0,17.0,3.54,0.0,16.183
2026-10-30 07:00:00,136.0,19.0,0.0,6.36,22.523
2026-10-30 08:00:00,358.0,22.0,0.0,16.446,29.022
2026-10-30 09:00:00,556.0,26.0,0.0,22.69,30.751
2026-10-30 10:00:00,722.0,28.0,0.0,29.965,34.265
2026-10-30 11:00:00,743.0,29.0,9.3,29.997,38.415
2026-10-30 12:00:00,726.0,29.0,15.17,29.761,35.013
2026-10-30 13:00:00,782.0,30.0,4.53,31.538,33.015
2026-10-30 14:00:00,602.0,29.0,15.56,24.156,35.162
2026-10-30 15:00:00,489.0,28.0,10.82,21.087,41.06
2026-10-30 16:00:00,260.0,27.0,24.29,11.233,36.003
2026-10-30 17:00:00,29.0,24.0,76.8,1.283,35.687
2026-10-30 18:00:00,0.0,24.0,72.43,0.0,39.917
2026-10-30 19:00:00,0.0,23.0,68.05,0.0,41.082
2026-10-30 20:00:00,0.0,22.0,63.68,0.0,41.304
2026-10-30 21:00:00,0.0,22.0,59.3,0.0,35.882
2026-10-30 22:00:00,0.0,21.0,54.93,0.0,30.26
2026-10-30 23:00:00,0.0,21.0,50.55,0.0,15.954
2026-10-31 00:00:00,0.0,20.0,46.18,0.0,12.582
2026-10-31 01:00:00,0.0,20.0,41.8,0.0,11.148
2026-10-31 02:00:00,0.0,19.0,37.43,0.0,10.346
2026-10-31 03:00:00,0.0,19.0,33.05,0.0,10.0
2026-10-31 04:00:00,0.0,19.0,28.68,0.0,10.0
2026-10-31 05:00:00,0.0,19.0,24.3,0.0,11.371
2026-10-31 06:00:00,0.0,19.0,19.93,0.0,15.901
2026-10-31 07:00:00,104.0,21.0,15.55,5.123,20.953
2026-10-31 08:00:00,343.0,24.0,0.0,13.454,27.563
2026-10-31 09:00:00,544.0,26.0,0.26,22.878,27.355
2026-10-31 10:00:00,715.0,28.0,0.0,29.253,30.881
2026-10-31 11:00:00,804.0,28.0,1.43,33.009,28.67
2026-10-31 12:00:00,849.0,29.0,0.38,31.515,31.265
2026-10-31 13:00:00,796.0,29.0,2.41,31.38,32.863
2026-10-31 14:00:00,672.0,29.0,5.31,26.298,29.676
2026-10-31 15:00:00,490.0,28.0,10.16,20.81,32.629
2026-10-31 16:00:00,269.0,27.0,21.11,11.81,33.537
2026-10-31 17:00:00,54.0,24.0,56.15,2.398,28.714
2026-10-31 18:00:00,0.0,24.0,52.14,0.0,34.434
2026-10-31 19:00:00,0.0,24.0,48.13,0.0,38.041
2026-10-31 20:00:00,0.0,23.0,44.12,0.0,35.743
2026-10-31 21:00:00,0.0,22.0,40.11,0.0,34.471
2026-10-31 22:00:00,0.0,22.0,36.1,0.0,25.556
2026-10-31 23:00:00,0.0,21.0,32.09,0.0,16.166
2026-11-01 00:00:00,0.0,20.0,28.08,0.0,11.38
2026-11-01 01:00:00,0.0,20.0,24.07,0.0,10.0
2026-11-01 02:00:00,0.0,19.0,20.05,0.0,10.0
2026-11-01 03:00:00,0.0,19.0,16.04,0.0,11.01
2026-11-01 04:00:00,0.0,19.0,12.03,0.0,10.0
2026-11-01 05:00:00,0.0,18.0,8.02,0.0,12.541
2026-11-01 06:00:00,0.0,18.0,4.01,0.0,15.355
2026-11-01 07:00:00,125.0,20.0,0.0,5.706,20.739
2026-11-01 08:00:00,355.0,22.0,0.0,15.064,24.931
2026-11-01 09:00:00,563.0,26.0,0.0,23.15,28.72
2026-11-01 10:00:00,725.0,28.0,0.0,30.13,31.754
2026-11-01 11:00:00,821.0,29.0,0.0,29.966,32.537
2026-11-01 12:00:00,843.0,29.0,0.68,32.912,30.378
2026-11-01 13:00:00,788.0,29.0,2.99,29.835,32.541
2026-11-01 14:00:00,663.0,29.0,6.16,26.108,32.055
2026-11-01 15:00:00,480.0,28.0,11.53,22.137,31.989
2026-11-01 16:00:00,263.0,27.0,22.32,11.985,31.648
2026-11-01 17:00:00,41.0,25.0,66.21,1.911,31.13
2026-11-01 18:00:00,0.0,24.0,61.87,0.0,31.216
2026-11-01 19:00:00,0.0,23.0,57.53,0.0,36.168
2026-11-01 20:00:00,0.0,22.0,53.19,0.0,37.716
2026-11-01 21:00:00,0.0,21.0,48.85,0.0,33.678
2026-11-01 22:00:00,0.0,21.0,44.51,0.0,28.157
2026-11-01 23:00:00,0.0,20.0,40.18,0.0,14.496
2026-11-02 00:00:00,0.0,20.0,35.84,0.0,11.49
2026-11-02 01:00:00,0.0,19.0,31.5,0.0,10.227
2026-11-02 02:00:00,0.0,19.0,27.16,0.0,12.033
2026-11-02 03:00:00,0.0,19.0,22.82,0.0,10.0
2026-11-02 04:00:00,0.0,19.0,18.48,0.0,10.0
2026-11-02 05:00:00,0.0,19.0,14.14,0.0,10.359
2026-11-02 06:00:00,0.0,19.0,9.8,0.0,18.568
2026-11-02 07:00:00,113.0,20.0,5.46,5.234,22.734
2026-11-02 08:00:00,338.0,22.0,0.0,14.979,27.733
2026-11-02 09:00:00,537.0,25.0,0.5,22.937,28.323
2026-11-02 10:00:00,693.0,27.0,1.46,29.365,38.222
2026-11-02 11:00:00,786.0,28.0,2.82,31.424,35.739
2026-11-02 12:00:00,790.0,28.0,6.54,32.858,34.733
2026-11-02 13:00:00,756.0,28.0,6.53,32.218,32.888
2026-11-02 14:00:00,635.0,27.0,9.71,25.815,32.616
2026-11-02 15:00:00,459.0,27.0,14.95,18.564,37.354
2026-11-02 16:00:00,249.0,26.0,25.93,11.329,38.775
2026-11-02 17:00:00,40.0,25.0,66.54,1.784,36.36
2026-11-02 18:00:00,0.0,24.0,61.78,0.0,41.183
2026-11-02 19:00:00,0.0,24.0,57.03,0.0,43.98
2026-11-02 20:00:00,0.0,24.0,52.28,0.0,44.1
2026-11-02 21:00:00,0.0,23.0,47.53,0.0,38.077
2026-11-02 22:00:00,0.0,23.0,42.77,0.0,30.77
2026-11-02 23:00:00,0.0,22.0,38.02,0.0,19.067
2026-11-03 00:00:00,0.0,22.0,33.27,0.0,10.0
2026-11-03 01:00:00,0.0,22.0,28.52,0.0,10.0
2026-11-03 02:00:00,0.0,22.0,23.76,0.0,10.0
2026-11-03 03:00:00,0.0,21.0,19.01,0.0,10.016
2026-11-03 04:00:00,0.0,22.0,14.26,0.0,10.0
2026-11-03 05:00:00,0.0,22.0,9.51,0.0,10.0
2026-11-03 06:00:00,0.0,22.0,4.75,0.0,15.129
2026-11-03 07:00:00,124.0,22.0,0.0,5.616,21.326
2026-11-03 08:00:00,338.0,24.0,0.0,13.977,29.987
2026-11-03 09:00:00,541.0,26.0,0.0,23.268,32.009
2026-11-03 10:00:00,699.0,28.0,0.16,25.683,35.308
2026-11-03 11:00:00,794.0,28.0,1.42,30.859,35.655
2026-11-03 12:00:00,817.0,28.0,2.95,32.177,33.711
2026-11-03 13:00:00,765.0,28.0,5.02,29.444,42.513
2026-11-03 14:00:00,644.0,28.0,8.02,24.686,34.833
2026-11-03 15:00:00,465.0,27.0,13.38,18.687,34.304
2026-11-03 16:00:00,253.0,27.0,24.21,9.937,33.393
2026-11-03 17:00:00,38.0,26.0,67.73,1.711,36.229
2026-11-03 18:00:00,0.0,25.0,62.89,0.0,37.984
2026-11-03 19:00:00,0.0,25.0,58.06,0.0,42.782
2026-11-03 20:00:00,0.0,25.0,53.22,0.0,41.86
2026-11-03 21:00:00,0.0,24.0,48.38,0.0,36.595
2026-11-03 22:00:00,0.0,24.0,43.54,0.0,32.362
2026-11-03 23:00:00,0.0,23.0,38.7,0.0,16.768
2026-11-04 00:00:00,0.0,23.0,33.87,0.0,11.073
2026-11-04 01:00:00,0.0,23.0,29.03,0.0,10.706
2026-11-04 02:00:00,0.0,22.0,24.19,0.0,10.0
2026-11-04 03:00:00,0.0,22.0,19.35,0.0,11.028
2026-11-04 04:00:00,0.0,22.0,14.51,0.0,10.0
2026-11-04 05:00:00,0.0,21.0,9.68,0.0,10.0
2026-11-04 06:00:00,0.0,21.0,4.84,0.0,16.944
2026-11-04 07:00:00,119.0,23.0,0.0,5.065,24.311
2026-11-04 08:00:00,336.0,24.0,0.0,14.158,39.349
2026-11-04 09:00:00,538.0,26.0,0.0,21.885,31.71
2026-11-04 10:00:00,695.0,28.0,0.29,27.262,31.785
2026-11-04 11:00:00,790.0,28.0,1.51,32.042,37.074
2026-11-04 12:00:00,588.0,28.0,29.87,24.067,31.263
2026-11-04 13:00:00,565.0,28.0,29.56,23.443,34.62
2026-11-04 14:00:00,639.0,28.0,8.32,25.822,37.154
2026-11-04 15:00:00,462.0,27.0,13.49,18.7,40.556
2026-11-04 16:00:00,250.0,27.0,24.58,12.06,46.158
2026-11-04 17:00:00,9.0,26.0,92.24,0.277,36.031
2026-11-04 18:00:00,0.0,25.0,85.65,0.0,40.027
2026-11-04 19:00:00,0.0,25.0,79.07,0.0,45.541
2026-11-04 20:00:00,0.0,25.0,72.48,0.0,40.57
2026-11-04 21:00:00,0.0,24.0,65.89,0.0,37.144
2026-11-04 22:00:00,0.0,23.0,59.3,0.0,31.541
2026-11-04 23:00:00,0.0,23.0,52.71,0.0,18.937
2026-11-05 00:00:00,0.0,22.0,46.12,0.0,10.0
2026-11-05 01:00:00,0.0,21.0,39.53,0.0,11.102
2026-11-05 02:00:00,0.0,21.0,32.94,0.0,11.699
2026-11-05 03:00:00,0.0,21.0,26.36,0.0,11.291
2026-11-05 04:00:00,0.0,20.0,19.77,0.0,11.925
2026-11-05 05:00:00,0.0,20.0,13.18,0.0,13.185
2026-11-05 06:00:00,0.0,20.0,6.59,0.0,16.432
2026-11-05 07:00:00,117.0,22.0,0.0,5.351,22.36
2026-11-05 08:00:00,332.0,24.0,0.0,14.486,28.706
2026-11-05 09:00:00,533.0,26.0,0.0,23.548,31.525
2026-11-05 10:00:00,689.0,28.0,0.7,26.201,38.03
2026-11-05 11:00:00,783.0,29.0,1.98,28.382,35.004
2026-11-05 12:00:00,805.0,29.0,3.59,35.38,35.426
2026-11-05 13:00:00,753.0,29.0,5.73,29.287,37.426
2026-11-05 14:00:00,632.0,29.0,8.92,22.513,35.136
2026-11-05 15:00:00,456.0,28.0,14.17,19.072,35.098
2026-11-05 16:00:00,204.0,27.0,38.02,7.905,36.696
2026-11-05 17:00:00,31.0,25.0,72.88,1.358,41.69
2026-11-05 18:00:00,0.0,25.0,67.67,0.0,41.734
2026-11-05 19:00:00,0.0,25.0,62.47,0.0,44.123
2026-11-05 20:00:00,0.0,24.0,57.26,0.0,40.907
2026-11-05 21:00:00,0.0,24.0,52.06,0.0,37.178
2026-11-05 22:00:00,0.0,23.0,46.85,0.0,30.842
2026-11-05 23:00:00,0.0,23.0,41.65,0.0,16.924
2026-11-06 00:00:00,0.0,22.0,36.44,0.0,11.021
2026-11-06 01:00:00,0.0,21.0,31.23,0.0,10.861
2026-11-06 02:00:00,0.0,21.0,26.03,0.0,10.0
2026-11-06 03:00:00,0.0,20.0,20.82,0.0,12.212
2026-11-06 04:00:00,0.0,20.0,15.62,0.0,10.0
2026-11-06 05:00:00,0.0,20.0,10.41,0.0,10.373
2026-11-06 06:00:00,0.0,20.0,5.21,0.0,14.492
2026-11-06 07:00:00,118.0,21.0,0.0,5.634,22.707
2026-11-06 08:00:00,330.0,24.0,0.0,14.254,30.245
2026-11-06 09:00:00,529.0,26.0,0.0,21.409,37.159
2026-11-06 10:00:00,670.0,27.0,3.01,25.603,33.892
2026-11-06 11:00:00,778.0,28.0,2.2,29.961,42.16
2026-11-06 12:00:00,800.0,28.0,3.8,30.199,33.531
2026-11-06 13:00:00,737.0,28.0,7.35,33.642,34.336
2026-11-06 14:00:00,627.0,28.0,9.24,24.037,34.551
2026-11-06 15:00:00,451.0,27.0,14.68,19.807,33.167
2026-11-06 16:00:00,243.0,26.0,25.66,11.121,34.35
2026-11-06 17:00:00,33.0,25.0,70.7,1.371,39.246
2026-11-06 18:00:00,0.0,25.0,67.51,0.0,41.545
2026-11-06 19:00:00,0.0,24.0,64.33,0.0,43.294
2026-11-06 20:00:00,0.0,24.0,61.14,0.0,43.934
2026-11-06 21:00:00,0.0,23.0,57.95,0.0,39.18
2026-11-06 22:00:00,0.0,23.0,54.77,0.0,31.421
2026-11-06 23:00:00,0.0,22.0,51.58,0.0,16.41
2026-11-07 00:00:00,0.0,22.0,48.4,0.0,10.497
2026-11-07 01:00:00,0.0,22.0,45.21,0.0,10.0
2026-11-07 02:00:00,0.0,22.0,42.03,0.0,10.7
2026-11-07 03:00:00,0.0,21.0,38.84,0.0,10.765
2026-11-07 04:00:00,0.0,21.0,35.65,0.0,10.0
2026-11-07 05:00:00,0.0,21.0,32.47,0.0,12.507
2026-11-07 06:00:00,0.0,21.0,29.28,0.0,12.348
2026-11-07 07:00:00,82.0,22.0,26.1,3.556,20.349
2026-11-07 08:00:00,328.0,23.0,0.0,15.246,26.779
2026-11-07 09:00:00,527.0,25.0,0.0,21.539,28.41
2026-11-07 10:00:00,683.0,26.0,0.69,24.944,28.63
2026-11-07 11:00:00,777.0,27.0,1.93,27.691,33.046
2026-11-07 12:00:00,799.0,28.0,3.54,34.5,29.604
2026-11-07 13:00:00,747.0,28.0,5.71,27.374,27.253
2026-11-07 14:00:00,420.0,27.0,38.93,18.836,30.268
2026-11-07 15:00:00,415.0,26.0,21.08,17.55,27.46
2026-11-07 16:00:00,142.0,25.0,56.26,6.419,28.856
2026-11-07 17:00:00,28.0,24.0,74.77,1.236,30.552
2026-11-07 18:00:00,0.0,23.0,69.42,0.0,33.135
2026-11-07 19:00:00,0.0,22.0,64.08,0.0,36.643
2026-11-07 20:00:00,0.0,21.0,58.74,0.0,33.799
2026-11-07 21:00:00,0.0,21.0,53.4,0.0,34.572
2026-11-07 22:00:00,0.0,20.0,48.06,0.0,25.673
2026-11-07 23:00:00,0.0,20.0,42.72,0.0,17.176
2026-11-08 00:00:00,0.0,19.0,37.38,0.0,10.0
2026-11-08 01:00:00,0.0,19.0,32.04,0.0,12.554
2026-11-08 02:00:00,0.0,19.0,26.7,0.0,10.0
2026-11-08 03:00:00,0.0,19.0,21.36,0.0,12.859
2026-11-08 04:00:00,0.0,19.0,16.02,0.0,10.0
2026-11-08 05:00:00,0.0,19.0,10.68,0.0,10.0
2026-11-08 06:00:00,0.0,19.0,5.34,0.0,14.98
2026-11-08 07:00:00,110.0,20.0,0.0,4.947,22.388
2026-11-08 08:00:00,333.0,21.0,0.0,14.077,26.277
2026-11-08 09:00:00,537.0,23.0,0.0,21.641,28.438
2026-11-08 10:00:00,695.0,26.0,0.0,28.865,30.265
2026-11-08 11:00:00,790.0,28.0,0.0,31.874,29.892
2026-11-08 12:00:00,813.0,29.0,1.46,31.894,32.043
2026-11-08 13:00:00,688.0,29.0,12.81,28.198,30.936
2026-11-08 14:00:00,510.0,29.0,25.52,20.332,30.14
2026-11-08 15:00:00,442.0,28.0,15.52,18.892,31.701
2026-11-08 16:00:00,182.0,27.0,43.55,8.3,31.441
2026-11-08 17:00:00,20.0,25.0,81.71,0.831,32.412
2026-11-08 18:00:00,0.0,24.0,75.87,0.0,33.059
2026-11-08 19:00:00,0.0,23.0,70.03,0.0,35.044
2026-11-08 20:00:00,0.0,22.0,64.2,0.0,34.442
2026-11-08 21:00:00,0.0,22.0,58.36,0.0,36.026
2026-11-08 22:00:00,0.0,21.0,52.53,0.0,27.14
2026-11-08 23:00:00,0.0,21.0,46.69,0.0,17.146
2026-11-09 00:00:00,0.0,20.0,40.85,0.0,10.0
2026-11-09 01:00:00,0.0,20.0,35.02,0.0,11.209
2026-11-09 02:00:00,0.0,19.0,29.18,0.0,10.568
2026-11-09 03:00:00,0.0,19.0,23.34,0.0,11.927
2026-11-09 04:00:00,0.0,19.0,17.51,0.0,12.024
2026-11-09 05:00:00,0.0,19.0,11.67,0.0,11.315
2026-11-09 06:00:00,0.0,19.0,5.84,0.0,15.248
2026-11-09 07:00:00,112.0,21.0,0.0,5.73,25.275
2026-11-09 08:00:00,328.0,24.0,0.0,14.823,27.608
2026-11-09 09:00:00,529.0,26.0,0.0,21.783,28.825
2026-11-09 10:00:00,687.0,27.0,0.0,27.69,31.148
2026-11-09 11:00:00,782.0,28.0,0.49,29.697,38.475
2026-11-09 12:00:00,782.0,28.0,4.84,31.836,34.834
2026-11-09 13:00:00,732.0,28.0,6.86,25.514,36.9
2026-11-09 14:00:00,631.0,28.0,7.45,24.059,35.344
2026-11-09 15:00:00,454.0,27.0,12.79,19.758,33.654
2026-11-09 16:00:00,243.0,26.0,24.12,11.099,35.125
2026-11-09 17:00:00,34.0,25.0,68.44,1.408,36.914
2026-11-09 18:00:00,0.0,24.0,63.56,0.0,37.897
2026-11-09 19:00:00,0.0,24.0,58.69,0.0,42.327
2026-11-09 20:00:00,0.0,23.0,53.81,0.0,40.65
2026-11-09 21:00:00,0.0,22.0,48.93,0.0,42.15
2026-11-09 22:00:00,0.0,22.0,44.05,0.0,32.202
2026-11-09 23:00:00,0.0,21.0,39.18,0.0,16.998
2026-11-10 00:00:00,0.0,21.0,34.3,0.0,10.918
2026-11-10 01:00:00,0.0,20.0,29.42,0.0,10.0
2026-11-10 02:00:00,0.0,20.0,24.54,0.0,11.53
2026-11-10 03:00:00,0.0,19.0,19.67,0.0,10.0
2026-11-10 04:00:00,0.0,19.0,14.79,0.0,10.0
2026-11-10 05:00:00,0.0,19.0,9.91,0.0,10.99
2026-11-10 06:00:00,0.0,19.0,5.03,0.0,17.142
2026-11-10 07:00:00,106.0,20.0,0.16,4.537,22.187
2026-11-10 08:00:00,322.0,22.0,0.0,12.593,35.121
2026-11-10 09:00:00,522.0,24.0,0.0,22.037,28.791
2026-11-10 10:00:00,678.0,26.0,0.13,27.368,34.488
2026-11-10 11:00:00,773.0,27.0,1.25,29.729,39.163
2026-11-10 12:00:00,795.0,27.0,2.88,28.783,37.278
2026-11-10 13:00:00,742.0,28.0,5.21,30.007,34.036
2026-11-10 14:00:00,621.0,27.0,8.53,25.675,31.499
2026-11-10 15:00:00,446.0,27.0,13.9,19.024,32.862
2026-11-10 16:00:00,237.0,26.0,25.5,10.416,34.829
2026-11-10 17:00:00,28.0,24.0,73.63,1.219,39.245
2026-11-10 18:00:00,0.0,24.0,68.37,0.0,39.79
2026-11-10 19:00:00,0.0,23.0,63.11,0.0,40.992
2026-11-10 20:00:00,0.0,23.0,57.85,0.0,42.044
2026-11-10 21:00:00,0.0,22.0,52.59,0.0,40.489
2026-11-10 22:00:00,0.0,22.0,47.33,0.0,31.876
2026-11-10 23:00:00,0.0,21.0,42.07,0.0,16.934
2026-11-11 00:00:00,0.0,21.0,36.81,0.0,10.509
2026-11-11 01:00:00,0.0,21.0,31.55,0.0,10.323
2026-11-11 02:00:00,0.0,20.0,26.3,0.0,10.437
2026-11-11 03:00:00,0.0,20.0,21.04,0.0,12.585
2026-11-11 04:00:00,0.0,20.0,15.78,0.0,11.781
2026-11-11 05:00:00,0.0,19.0,10.52,0.0,12.355
2026-11-11 06:00:00,0.0,19.0,5.26,0.0,15.365
2026-11-11 07:00:00,108.0,20.0,0.0,4.705,21.743
2026-11-11 08:00:00,319.0,22.0,0.0,12.084,29.045
2026-11-11 09:00:00,518.0,24.0,0.0,22.443,32.241
2026-11-11 10:00:00,674.0,25.0,0.3,26.42,34.663
2026-11-11 11:00:00,768.0,26.0,1.5,32.019,38.414
2026-11-11 12:00:00,791.0,27.0,3.0,32.604,42.828
2026-11-11 13:00:00,740.0,27.0,5.09,31.225,37.787
2026-11-11 14:00:00,621.0,27.0,8.14,24.959,34.723
2026-11-11 15:00:00,446.0,26.0,13.48,18.311,31.564
2026-11-11 16:00:00,237.0,25.0,25.0,9.935,33.918
2026-11-11 17:00:00,27.0,24.0,74.2,1.188,35.152
2026-11-11 18:00:00,0.0,24.0,68.9,0.0,37.355
2026-11-11 19:00:00,0.0,23.0,63.6,0.0,37.456
2026-11-11 20:00:00,0.0,23.0,58.3,0.0,41.47
2026-11-11 21:00:00,0.0,22.0,53.0,0.0,38.43
2026-11-11 22:00:00,0.0,22.0,47.7,0.0,34.018
2026-11-11 23:00:00,0.0,21.0,42.4,0.0,16.276
2026-11-12 00:00:00,0.0,21.0,37.1,0.0,10.679
2026-11-12 01:00:00,0.0,20.0,31.8,0.0,11.477
2026-11-12 02:00:00,0.0,20.0,26.5,0.0,11.647
2026-11-12 03:00:00,0.0,20.0,21.2,0.0,10.0
2026-11-12 04:00:00,0.0,20.0,15.9,0.0,11.822
2026-11-12 05:00:00,0.0,20.0,10.6,0.0,10.47
2026-11-12 06:00:00,0.0,19.0,5.3,0.0,16.023
2026-11-12 07:00:00,105.0,21.0,0.0,4.946,23.939
2026-11-12 08:00:00,320.0,23.0,0.0,14.448,29.683
2026-11-12 09:00:00,521.0,25.0,0.0,22.917,31.696
2026-11-12 10:00:00,678.0,26.0,0.0,26.81,31.487
2026-11-12 11:00:00,772.0,27.0,0.6,31.921,31.632
2026-11-12 12:00:00,795.0,28.0,2.13,31.094,38.954
2026-11-12 13:00:00,743.0,28.0,4.33,33.96,35.16
2026-11-12 14:00:00,622.0,28.0,7.61,25.306,43.139
2026-11-12 15:00:00,446.0,27.0,13.06,17.599,35.089
2026-11-12 16:00:00,237.0,25.0,24.51,10.12,34.24
2026-11-12 17:00:00,26.0,25.0,74.79,1.166,40.102
2026-11-12 18:00:00,0.0,24.0,69.45,0.0,37.608
2026-11-12 19:00:00,0.0,23.0,64.1,0.0,42.592
2026-11-12 20:00:00,0.0,23.0,58.76,0.0,42.185
2026-11-12 21:00:00,0.0,22.0,53.42,0.0,38.003
2026-11-12 22:00:00,0.0,22.0,48.08,0.0,32.612
2026-11-12 23:00:00,0.0,22.0,42.74,0.0,14.097
2026-11-13 00:00:00,0.0,21.0,37.39,0.0,11.052
2026-11-13 01:00:00,0.0,21.0,32.05,0.0,10.314
2026-11-13 02:00:00,0.0,20.0,26.71,0.0,11.963
2026-11-13 03:00:00,0.0,20.0,21.37,0.0,10.0
2026-11-13 04:00:00,0.0,20.0,16.03,0.0,11.716
2026-11-13 05:00:00,0.0,19.0,10.68,0.0,10.652
2026-11-13 06:00:00,0.0,19.0,5.34,0.0,12.799
2026-11-13 07:00:00,106.0,20.0,0.0,4.899,22.684
2026-11-13 08:00:00,315.0,22.0,0.0,14.341,28.775
2026-11-13 09:00:00,514.0,24.0,0.0,20.397,30.711
2026-11-13 10:00:00,669.0,26.0,0.21,26.219,33.232
2026-11-13 11:00:00,763.0,27.0,1.38,27.305,33.541
2026-11-13 12:00:00,786.0,27.0,2.88,30.524,32.797
2026-11-13 13:00:00,735.0,27.0,5.0,28.586,31.473
2026-11-13 14:00:00,615.0,27.0,8.27,26.854,30.655
2026-11-13 15:00:00,440.0,27.0,13.81,19.097,34.601
2026-11-13 16:00:00,233.0,26.0,25.3,10.131,33.957
2026-11-13 17:00:00,29.0,25.0,71.47,1.208,36.262
2026-11-13 18:00:00,0.0,24.0,66.37,0.0,35.945
2026-11-13 19:00:00,0.0,23.0,61.26,0.0,41.907
2026-11-13 20:00:00,0.0,22.0,56.16,0.0,43.97
2026-11-13 21:00:00,0.0,22.0,51.05,0.0,38.244
2026-11-13 22:00:00,0.0,22.0,45.95,0.0,31.996
2026-11-13 23:00:00,0.0,21.0,40.84,0.0,17.097
2026-11-14 00:00:00,0.0,21.0,35.74,0.0,11.362
2026-11-14 01:00:00,0.0,21.0,30.63,0.0,10.0
2026-11-14 02:00:00,0.0,20.0,25.53,0.0,10.0
2026-11-14 03:00:00,0.0,20.0,20.42,0.0,11.078
2026-11-14 04:00:00,0.0,19.0,15.32,0.0,10.0
2026-11-14 05:00:00,0.0,19.0,10.21,0.0,12.149
2026-11-14 06:00:00,0.0,19.0,5.11,0.0,14.371
2026-11-14 07:00:00,101.0,20.0,0.0,4.378,20.664
2026-11-14 08:00:00,313.0,21.0,0.0,14.681,24.434
2026-11-14 09:00:00,512.0,23.0,0.0,22.419,28.813
2026-11-14 10:00:00,667.0,25.0,0.1,25.901,28.729
2026-11-14 11:00:00,761.0,27.0,1.26,33.383,29.84
2026-11-14 12:00:00,784.0,27.0,2.76,32.757,28.98
2026-11-14 13:00:00,733.0,27.0,4.89,28.823,29.099
2026-11-14 14:00:00,614.0,27.0,8.04,24.269,32.99
2026-11-14 15:00:00,440.0,26.0,13.4,18.913,28.106
2026-11-14 16:00:00,233.0,26.0,24.82,10.04,32.286
2026-11-14 17:00:00,25.0,25.0,75.06,0.98,31.225
2026-11-14 18:00:00,0.0,24.0,69.69,0.0,35.936
2026-11-14 19:00:00,0.0,24.0,64.33,0.0,36.711
2026-11-14 20:00:00,0.0,23.0,58.97,0.0,35.425
2026-11-14 21:00:00,0.0,22.0,53.61,0.0,34.798
2026-11-14 22:00:00,0.0,21.0,48.25,0.0,28.362
2026-11-14 23:00:00,0.0,20.0,42.89,0.0,16.387
2026-11-15 00:00:00,0.0,19.0,37.53,0.0,12.656
2026-11-15 01:00:00,0.0,18.0,32.17,0.0,10.54
2026-11-15 02:00:00,0.0,17.0,26.81,0.0,10.0
2026-11-15 03:00:00,0.0,17.0,21.44,0.0,10.0
2026-11-15 04:00:00,0.0,17.0,16.08,0.0,11.041
2026-11-15 05:00:00,0.0,17.0,10.72,0.0,10.0
2026-11-15 06:00:00,0.0,16.0,5.36,0.0,14.43
2026-11-15 07:00:00,99.0,18.0,0.0,4.409,19.305
2026-11-15 08:00:00,315.0,21.0,0.0,14.014,25.882
2026-11-15 09:00:00,519.0,24.0,0.0,20.969,25.757
2026-11-15 10:00:00,680.0,25.0,0.0,25.275,26.579
2026-11-15 11:00:00,776.0,26.0,0.0,30.153,27.985
2026-11-15 12:00:00,800.0,27.0,0.42,32.951,28.67
2026-11-15 13:00:00,748.0,27.0,2.58,33.156,28.634
2026-11-15 14:00:00,627.0,27.0,5.72,23.194,29.986
2026-11-15 15:00:00,450.0,26.0,11.02,19.046,29.724
2026-11-15 16:00:00,235.0,25.0,23.7,9.809,30.538
2026-11-15 17:00:00,28.0,23.0,71.66,1.078,30.311
2026-11-15 18:00:00,0.0,22.0,66.65,0.0,34.817
2026-11-15 19:00:00,0.0,21.0,61.64,0.0,33.159
2026-11-15 20:00:00,0.0,20.0,56.63,0.0,33.842
2026-11-15 21:00:00,0.0,20.0,51.61,0.0,34.147
2026-11-15 22:00:00,0.0,19.0,46.6,0.0,28.336
2026-11-15 23:00:00,0.0,19.0,41.59,0.0,16.698
2026-11-16 00:00:00,0.0,19.0,36.58,0.0,10.0
2026-11-16 01:00:00,0.0,18.0,31.56,0.0,10.0
2026-11-16 02:00:00,0.0,17.0,26.55,0.0,10.0
2026-11-16 03:00:00,0.0,17.0,21.54,0.0,10.433
2026-11-16 04:00:00,0.0,16.0,16.52,0.0,10.55
2026-11-16 05:00:00,0.0,16.0,11.51,0.0,11.857
2026-11-16 06:00:00,0.0,16.0,6.5,0.0,15.839
2026-11-16 07:00:00,96.0,18.0,1.49,4.271,24.921
2026-11-16 08:00:00,316.0,21.0,0.0,13.442,36.476
2026-11-16 09:00:00,518.0,24.0,0.0,21.695,28.935
2026-11-16 10:00:00,681.0,25.0,0.0,27.592,32.313
2026-11-16 11:00:00,777.0,26.0,0.0,29.462,34.617
2026-11-16 12:00:00,801.0,27.0,0.0,32.652,34.069
2026-11-16 13:00:00,749.0,27.0,2.09,33.391,32.479
2026-11-16 14:00:00,628.0,27.0,5.19,24.249,33.807
2026-11-16 15:00:00,449.0,26.0,10.81,21.277,36.75
2026-11-16 16:00:00,234.0,25.0,23.55,10.536,34.223
2026-11-16 17:00:00,23.0,23.0,76.4,0.961,31.956
2026-11-16 18:00:00,0.0,21.0,71.1,0.0,39.711
2026-11-16 19:00:00,0.0,21.0,65.8,0.0,39.938
2026-11-16 20:00:00,0.0,20.0,60.5,0.0,41.228
2026-11-16 21:00:00,0.0,19.0,55.2,0.0,38.947
2026-11-16 22:00:00,0.0,19.0,49.9,0.0,32.106
2026-11-16 23:00:00,0.0,18.0,44.6,0.0,15.615
2026-11-17 00:00:00,0.0,17.0,39.3,0.0,10.505
2026-11-17 01:00:00,0.0,17.0,34.0,0.0,12.154
2026-11-17 02:00:00,0.0,16.0,28.7,0.0,10.0
2026-11-17 03:00:00,0.0,16.0,23.4,0.0,10.23
2026-11-17 04:00:00,0.0,16.0,18.1,0.0,10.0
2026-11-17 05:00:00,0.0,15.0,12.8,0.0,12.629
2026-11-17 06:00:00,0.0,15.0,7.5,0.0,16.109
2026-11-17 07:00:00,94.0,17.0,2.2,4.472,21.93
2026-11-17 08:00:00,313.0,20.0,0.0,14.293,28.51
2026-11-17 09:00:00,515.0,24.0,0.0,20.914,30.163
2026-11-17 10:00:00,681.0,26.0,0.0,28.163,44.95
2026-11-17 11:00:00,777.0,27.0,0.0,30.019,34.187
2026-11-17 12:00:00,799.0,27.0,0.0,27.844,31.314
2026-11-17 13:00:00,748.0,27.0,1.87,30.201,33.748
2026-11-17 14:00:00,626.0,27.0,5.12,25.671,35.951
2026-11-17 15:00:00,448.0,26.0,10.61,18.547,35.676
2026-11-17 16:00:00,232.0,25.0,23.74,9.662,32.706
2026-11-17 17:00:00,23.0,23.0,76.07,1.016,33.624
2026-11-17 18:00:00,0.0,22.0,71.98,0.0,38.957
2026-11-17 19:00:00,0.0,21.0,67.89,0.0,41.474
2026-11-17 20:00:00,0.0,20.0,63.79,0.0,41.533
2026-11-17 21:00:00,0.0,20.0,59.7,0.0,38.018
2026-11-17 22:00:00,0.0,19.0,55.61,0.0,30.718
2026-11-17 23:00:00,0.0,19.0,51.52,0.0,17.833
2026-11-18 00:00:00,0.0,18.0,47.43,0.0,10.0
2026-11-18 01:00:00,0.0,17.0,43.34,0.0,10.0
2026-11-18 02:00:00,0.0,17.0,39.24,0.0,10.0
2026-11-18 03:00:00,0.0,17.0,35.15,0.0,11.057
2026-11-18 04:00:00,0.0,17.0,31.06,0.0,10.649
2026-11-18 05:00:00,0.0,16.0,26.97,0.0,12.437
2026-11-18 06:00:00,0.0,17.0,22.88,0.0,14.901
2026-11-18 07:00:00,77.0,18.0,18.79,3.442,21.246
2026-11-18 08:00:00,301.0,21.0,0.47,13.703,27.879
2026-11-18 09:00:00,498.0,24.0,0.19,20.752,30.245
2026-11-18 10:00:00,653.0,26.0,0.65,26.78,33.293
2026-11-18 11:00:00,746.0,27.0,1.78,30.725,36.817
2026-11-18 12:00:00,769.0,28.0,3.25,33.117,34.67
2026-11-18 13:00:00,719.0,28.0,5.34,30.788,32.548
2026-11-18 14:00:00,602.0,28.0,8.41,27.018,33.294
2026-11-18 15:00:00,430.0,27.0,13.82,17.146,36.393
2026-11-18 16:00:00,226.0,27.0,25.27,9.168,40.921
2026-11-18 17:00:00,30.0,25.0,68.36,1.296,35.202
2026-11-18 18:00:00,0.0,25.0,63.52,0.0,40.196
2026-11-18 19:00:00,0.0,24.0,58.68,0.0,40.354
2026-11-18 20:00:00,0.0,24.0,53.83,0.0,40.374
2026-11-18 21:00:00,0.0,23.0,48.99,0.0,40.209
2026-11-18 22:00:00,0.0,23.0,44.15,0.0,34.748
2026-11-18 23:00:00,0.0,22.0,39.31,0.0,17.991
2026-11-19 00:00:00,0.0,22.0,34.47,0.0,13.44
2026-11-19 01:00:00,0.0,21.0,29.63,0.0,10.0
2026-11-19 02:00:00,0.0,21.0,24.79,0.0,10.0
2026-11-19 03:00:00,0.0,20.0,19.95,0.0,10.126
2026-11-19 04:00:00,0.0,19.0,15.11,0.0,11.627
2026-11-19 05:00:00,0.0,19.0,10.27,0.0,10.0
2026-11-19 06:00:00,0.0,19.0,5.42,0.0,14.703
2026-11-19 07:00:00,93.0,20.0,0.58,4.213,21.858
2026-11-19 08:00:00,299.0,23.0,0.55,13.536,28.999
2026-11-19 09:00:00,497.0,25.0,0.0,20.501,31.569
2026-11-19 10:00:00,653.0,27.0,0.28,26.579,39.531
2026-11-19 11:00:00,748.0,28.0,1.17,28.318,35.252
2026-11-19 12:00:00,773.0,29.0,2.41,29.558,33.147
2026-11-19 13:00:00,725.0,29.0,4.21,30.974,33.953
2026-11-19 14:00:00,608.0,29.0,7.15,23.88,33.179
2026-11-19 15:00:00,436.0,28.0,12.23,18.296,35.29
2026-11-19 16:00:00,230.0,27.0,23.5,9.668,34.629
2026-11-19 17:00:00,25.0,25.0,73.27,0.985,35.717
2026-11-19 18:00:00,0.0,24.0,68.14,0.0,38.963
2026-11-19 19:00:00,0.0,23.0,63.01,0.0,41.183
2026-11-19 20:00:00,0.0,23.0,57.88,0.0,43.475
2026-11-19 21:00:00,0.0,22.0,52.75,0.0,39.037
2026-11-19 22:00:00,0.0,21.0,47.61,0.0,31.485
2026-11-19 23:00:00,0.0,20.0,42.48,0.0,15.683
2026-11-20 00:00:00,0.0,19.0,37.35,0.0,10.0
2026-11-20 01:00:00,0.0,18.0,32.22,0.0,10.408
2026-11-20 02:00:00,0.0,18.0,27.09,0.0,10.631
2026-11-20 03:00:00,0.0,17.0,21.95,0.0,10.0
2026-11-20 04:00:00,0.0,17.0,16.82,0.0,10.0
2026-11-20 05:00:00,0.0,16.0,11.69,0.0,10.477
2026-11-20 06:00:00,0.0,16.0,6.56,0.0,14.463
2026-11-20 07:00:00,91.0,18.0,1.42,4.048,23.061
2026-11-20 08:00:00,305.0,21.0,0.0,14.54,28.755
2026-11-20 09:00:00,506.0,24.0,0.0,22.154,30.329
2026-11-20 10:00:00,670.0,27.0,0.0,27.159,34.52
2026-11-20 11:00:00,768.0,28.0,0.0,30.412,34.181
2026-11-20 12:00:00,792.0,29.0,0.0,32.371,34.686
2026-11-20 13:00:00,742.0,29.0,1.63,29.727,43.145
2026-11-20 14:00:00,620.0,28.0,4.97,25.059,34.598
2026-11-20 15:00:00,443.0,27.0,10.44,18.572,34.856
2026-11-20 16:00:00,227.0,26.0,24.06,9.135,33.322
2026-11-20 17:00:00,25.0,24.0,72.92,1.039,33.783
2026-11-20 18:00:00,0.0,22.0,67.95,0.0,38.947
2026-11-20 19:00:00,0.0,22.0,62.99,0.0,41.893
2026-11-20 20:00:00,0.0,21.0,58.03,0.0,41.445
2026-11-20 21:00:00,0.0,20.0,53.06,0.0,37.49
2026-11-20 22:00:00,0.0,19.0,48.1,0.0,33.069
2026-11-20 23:00:00,0.0,18.0,43.14,0.0,17.232
2026-11-21 00:00:00,0.0,18.0,38.17,0.0,10.0
2026-11-21 01:00:00,0.0,17.0,33.21,0.0,10.0
2026-11-21 02:00:00,0.0,16.0,28.24,0.0,10.0
2026-11-21 03:00:00,0.0,16.0,23.28,0.0,10.0
2026-11-21 04:00:00,0.0,15.0,18.32,0.0,10.701
2026-11-21 05:00:00,0.0,15.0,13.35,0.0,12.641
2026-11-21 06:00:00,0.0,15.0,8.39,0.0,16.91
2026-11-21 07:00:00,88.0,17.0,3.42,3.981,19.135
2026-11-21 08:00:00,302.0,20.0,0.0,12.227,26.272
2026-11-21 09:00:00,503.0,23.0,0.0,23.268,26.928
2026-11-21 10:00:00,672.0,26.0,0.0,29.106,25.776
2026-11-21 11:00:00,768.0,28.0,0.0,29.732,30.575
2026-11-21 12:00:00,792.0,28.0,0.0,33.095,29.599
2026-11-21 13:00:00,741.0,28.0,1.43,29.444,31.751
2026-11-21 14:00:00,620.0,28.0,4.63,24.647,29.165
2026-11-21 15:00:00,442.0,27.0,10.27,17.729,31.488
2026-11-21 16:00:00,232.0,26.0,21.95,10.166,30.62
2026-11-21 17:00:00,24.0,24.0,73.66,1.071,27.656
2026-11-21 18:00:00,0.0,22.0,68.71,0.0,33.007
2026-11-21 19:00:00,0.0,22.0,63.77,0.0,37.974
2026-11-21 20:00:00,0.0,21.0,58.82,0.0,35.177
2026-11-21 21:00:00,0.0,20.0,53.87,0.0,34.638
2026-11-21 22:00:00,0.0,20.0,48.93,0.0,29.231
2026-11-21 23:00:00,0.0,19.0,43.98,0.0,14.702
2026-11-22 00:00:00,0.0,18.0,39.03,0.0,10.0
2026-11-22 01:00:00,0.0,18.0,34.09,0.0,10.0
2026-11-22 02:00:00,0.0,17.0,29.14,0.0,12.196
2026-11-22 03:00:00,0.0,17.0,24.19,0.0,10.376
2026-11-22 04:00:00,0.0,17.0,19.24,0.0,10.0
2026-11-22 05:00:00,0.0,16.0,14.3,0.0,12.152
2026-11-22 06:00:00,0.0,16.0,9.35,0.0,12.418
2026-11-22 07:00:00,86.0,18.0,4.4,3.92,19.503
2026-11-22 08:00:00,300.0,20.0,0.0,13.361,25.284
2026-11-22 09:00:00,500.0,24.0,0.0,20.779,30.339
2026-11-22 10:00:00,661.0,26.0,0.0,29.498,30.272
2026-11-22 11:00:00,758.0,28.0,0.0,28.652,30.365
2026-11-22 12:00:00,782.0,29.0,0.3,30.358,31.01
2026-11-22 13:00:00,732.0,29.0,2.31,28.769,32.094
2026-11-22 14:00:00,614.0,28.0,5.22,25.255,32.375
2026-11-22 15:00:00,440.0,28.0,10.31,17.069,31.103
2026-11-22 16:00:00,225.0,24.0,23.88,10.247,28.964
2026-11-22 17:00:00,24.0,23.0,73.32,0.929,28.518
2026-11-22 18:00:00,0.0,22.0,68.15,0.0,34.711
2026-11-22 19:00:00,0.0,22.0,62.98,0.0,37.266
2026-11-22 20:00:00,0.0,21.0,57.81,0.0,32.706
2026-11-22 21:00:00,0.0,20.0,52.64,0.0,32.814
2026-11-22 22:00:00,0.0,19.0,47.47,0.0,26.341
2026-11-22 23:00:00,0.0,19.0,42.3,0.0,15.541
2026-11-23 00:00:00,0.0,18.0,37.13,0.0,10.0
2026-11-23 01:00:00,0.0,18.0,31.96,0.0,10.0
2026-11-23 02:00:00,0.0,17.0,26.79,0.0,11.773
2026-11-23 03:00:00,0.0,17.0,21.62,0.0,10.0
2026-11-23 04:00:00,0.0,17.0,16.45,0.0,10.416
2026-11-23 05:00:00,0.0,16.0,11.28,0.0,11.804
2026-11-23 06:00:00,0.0,16.0,6.11,0.0,17.359
2026-11-23 07:00:00,88.0,18.0,0.94,4.292,22.414
2026-11-23 08:00:00,297.0,21.0,0.0,12.523,34.508
2026-11-23 09:00:00,497.0,24.0,0.0,21.775,29.951
2026-11-23 10:00:00,660.0,26.0,0.0,28.764,34.514
2026-11-23 11:00:00,756.0,27.0,0.0,28.748,34.155
2026-11-23 12:00:00,781.0,28.0,0.12,29.697,33.592
2026-11-23 13:00:00,732.0,28.0,2.0,32.479,34.347
2026-11-23 14:00:00,613.0,28.0,5.04,24.825,36.764
2026-11-23 15:00:00,439.0,27.0,10.16,17.435,34.854
2026-11-23 16:00:00,224.0,26.0,23.81,9.967,34.623
2026-11-23 17:00:00,20.0,23.0,77.49,0.71,36.72
2026-11-23 18:00:00,0.0,22.0,72.5,0.0,40.862
2026-11-23 19:00:00,0.0,21.0,67.52,0.0,43.159
2026-11-23 20:00:00,0.0,21.0,62.53,0.0,40.299
2026-11-23 21:00:00,0.0,20.0,57.55,0.0,37.66
2026-11-23 22:00:00,0.0,19.0,52.56,0.0,29.432
2026-11-23 23:00:00,0.0,19.0,47.58,0.0,17.851
2026-11-24 00:00:00,0.0,18.0,42.59,0.0,10.908
2026-11-24 01:00:00,0.0,18.0,37.61,0.0,10.0
2026-11-24 02:00:00,0.0,18.0,32.62,0.0,11.883
2026-11-24 03:00:00,0.0,17.0,27.64,0.0,10.0
2026-11-24 04:00:00,0.0,17.0,22.65,0.0,10.2
2026-11-24 05:00:00,0.0,17.0,17.67,0.0,10.0
2026-11-24 06:00:00,0.0,17.0,12.68,0.0,16.689
2026-11-24 07:00:00,81.0,19.0,7.7,3.54,23.702
2026-11-24 08:00:00,287.0,21.0,1.87,12.771,38.433
2026-11-24 09:00:00,483.0,25.0,0.77,19.813,30.664
2026-11-24 10:00:00,637.0,27.0,1.0,27.247,37.427
2026-11-24 11:00:00,732.0,28.0,1.69,30.64,33.315
2026-11-24 12:00:00,736.0,28.0,5.59,27.828,32.99
2026-11-24 13:00:00,554.0,28.0,25.6,23.373,42.142
2026-11-24 14:00:00,436.0,28.0,32.24,18.897,37.601
2026-11-24 15:00:00,333.0,27.0,31.59,14.422,33.227
2026-11-24 16:00:00,157.0,26.0,46.32,6.403,36.584
2026-11-24 17:00:00,20.0,25.0,77.21,0.799,35.597
2026-11-24 18:00:00,0.0,24.0,72.74,0.0,39.678
2026-11-24 19:00:00,0.0,23.0,68.27,0.0,41.755
2026-11-24 20:00:00,0.0,23.0,63.8,0.0,40.031
2026-11-24 21:00:00,0.0,22.0,59.34,0.0,38.146
2026-11-24 22:00:00,0.0,22.0,54.87,0.0,31.889
2026-11-24 23:00:00,0.0,21.0,50.4,0.0,17.685
2026-11-25 00:00:00,0.0,21.0,45.93,0.0,11.396
2026-11-25 01:00:00,0.0,20.0,41.46,0.0,10.0
2026-11-25 02:00:00,0.0,20.0,36.99,0.0,11.305
2026-11-25 03:00:00,0.0,20.0,32.53,0.0,10.0
2026-11-25 04:00:00,0.0,19.0,28.06,0.0,10.051
2026-11-25 05:00:00,0.0,19.0,23.59,0.0,10.0
2026-11-25 06:00:00,0.0,19.0,19.12,0.0,14.8
2026-11-25 07:00:00,74.0,21.0,14.65,3.338,25.697
2026-11-25 08:00:00,277.0,22.0,4.81,11.737,26.441
2026-11-25 09:00:00,470.0,26.0,3.08,19.908,39.436
2026-11-25 10:00:00,623.0,27.0,2.86,25.402,34.465
2026-11-25 11:00:00,717.0,28.0,3.41,30.517,34.342
2026-11-25 12:00:00,743.0,28.0,4.4,29.105,38.923
2026-11-25 13:00:00,697.0,27.0,6.11,25.717,35.051
2026-11-25 14:00:00,584.0,27.0,8.94,21.711,34.366
2026-11-25 15:00:00,417.0,26.0,14.01,17.603,39.457
2026-11-25 16:00:00,218.0,24.0,25.08,9.202,33.313
2026-11-25 17:00:00,7.0,23.0,91.93,0.221,34.743
2026-11-25 18:00:00,0.0,23.0,86.84,0.0,39.889
2026-11-25 19:00:00,0.0,22.0,81.74,0.0,41.529
2026-11-25 20:00:00,0.0,22.0,76.65,0.0,41.505
2026-11-25 21:00:00,0.0,21.0,71.56,0.0,39.006
2026-11-25 22:00:00,0.0,21.0,66.47,0.0,31.871
2026-11-25 23:00:00,0.0,21.0,61.38,0.0,15.653
2026-11-26 00:00:00,0.0,21.0,56.29,0.0,11.84
2026-11-26 01:00:00,0.0,21.0,51.2,0.0,10.909
2026-11-26 02:00:00,0.0,21.0,46.1,0.0,10.0
2026-11-26 03:00:00,0.0,20.0,41.01,0.0,10.0
2026-11-26 04:00:00,0.0,20.0,35.92,0.0,10.0
2026-11-26 05:00:00,0.0,20.0,30.83,0.0,10.918
2026-11-26 06:00:00,0.0,21.0,25.74,0.0,17.686
2026-11-26 07:00:00,68.0,21.0,20.65,3.189,27.483
2026-11-26 08:00:00,210.0,23.0,27.47,9.253,25.058
2026-11-26 09:00:00,224.0,25.0,53.64,10.326,36.163
2026-11-26 10:00:00,238.0,27.0,62.77,10.477,33.847
2026-11-26 11:00:00,691.0,27.0,6.64,26.826,33.997
2026-11-26 12:00:00,736.0,27.0,5.03,26.874,34.01
2026-11-26 13:00:00,691.0,26.0,6.64,25.816,32.51
2026-11-26 14:00:00,417.0,26.0,34.77,17.283,32.194
2026-11-26 15:00:00,294.0,26.0,39.15,12.474,39.411
2026-11-26 16:00:00,168.0,25.0,41.98,7.178,35.029
2026-11-26 17:00:00,7.0,24.0,91.83,0.165,34.646
2026-11-26 18:00:00,0.0,23.0,86.93,0.0,39.264
2026-11-26 19:00:00,0.0,23.0,82.04,0.0,40.683
2026-11-26 20:00:00,0.0,22.0,77.14,0.0,44.947
2026-11-26 21:00:00,0.0,23.0,72.24,0.0,39.003
2026-11-26 22:00:00,0.0,22.0,67.35,0.0,33.067
2026-11-26 23:00:00,0.0,22.0,62.45,0.0,15.789
2026-11-27 00:00:00,0.0,22.0,57.55,0.0,11.065
2026-11-27 01:00:00,0.0,22.0,52.66,0.0,10.754
2026-11-27 02:00:00,0.0,21.0,47.76,0.0,10.0
2026-11-27 03:00:00,0.0,21.0,42.86,0.0,10.0
2026-11-27 04:00:00,0.0,21.0,37.97,0.0,10.0
2026-11-27 05:00:00,0.0,20.0,33.07,0.0,10.359
2026-11-27 06:00:00,0.0,20.0,28.17,0.0,14.502
2026-11-27 07:00:00,65.0,21.0,23.28,3.066,23.061
2026-11-27 08:00:00,245.0,22.0,14.98,10.749,34.634
2026-11-27 09:00:00,457.0,24.0,5.08,20.654,30.683
2026-11-27 10:00:00,604.0,25.0,5.23,22.875,30.596
2026-11-27 11:00:00,708.0,26.0,4.07,28.291,32.057
2026-11-27 12:00:00,727.0,27.0,5.93,29.095,38.249
2026-11-27 13:00:00,668.0,27.0,9.49,26.902,39.092
2026-11-27 14:00:00,579.0,26.0,9.15,23.336,33.126
2026-11-27 15:00:00,413.0,26.0,14.22,18.575,35.894
2026-11-27 16:00:00,214.0,25.0,25.74,8.62,43.444
2026-11-27 17:00:00,27.0,24.0,68.13,1.165,34.107
2026-11-27 18:00:00,0.0,24.0,63.93,0.0,38.399
2026-11-27 19:00:00,0.0,24.0,59.73,0.0,40.619
2026-11-27 20:00:00,0.0,23.0,55.52,0.0,41.265
2026-11-27 21:00:00,0.0,23.0,51.32,0.0,37.571
2026-11-27 22:00:00,0.0,22.0,47.12,0.0,30.868
2026-11-27 23:00:00,0.0,21.0,42.91,0.0,14.233
2026-11-28 00:00:00,0.0,21.0,38.71,0.0,10.746
2026-11-28 01:00:00,0.0,20.0,34.51,0.0,11.904
2026-11-28 02:00:00,0.0,19.0,30.31,0.0,11.154
2026-11-28 03:00:00,0.0,18.0,26.1,0.0,12.253
2026-11-28 04:00:00,0.0,17.0,21.9,0.0,10.0
2026-11-28 05:00:00,0.0,17.0,17.7,0.0,12.175
2026-11-28 06:00:00,0.0,16.0,13.49,0.0,13.376
2026-11-28 07:00:00,76.0,17.0,9.29,3.752,21.653
2026-11-28 08:00:00,284.0,19.0,0.99,12.094,27.472
2026-11-28 09:00:00,483.0,22.0,0.0,21.002,27.508
2026-11-28 10:00:00,648.0,24.0,0.0,27.959,29.957
2026-11-28 11:00:00,747.0,26.0,0.0,25.954,28.702
2026-11-28 12:00:00,775.0,27.0,0.0,31.201,29.282
2026-11-28 13:00:00,728.0,27.0,1.09,30.217,28.024
2026-11-28 14:00:00,612.0,27.0,3.69,26.983,29.683
2026-11-28 15:00:00,435.0,26.0,9.34,18.659,30.328
2026-11-28 16:00:00,227.0,24.0,20.86,9.212,29.306
2026-11-28 17:00:00,24.0,21.0,71.36,0.979,29.016
2026-11-28 18:00:00,0.0,20.0,67.02,0.0,33.093
2026-11-28 19:00:00,0.0,19.0,62.69,0.0,36.313
2026-11-28 20:00:00,0.0,18.0,58.36,0.0,35.197
2026-11-28 21:00:00,0.0,17.0,54.03,0.0,31.757
2026-11-28 22:00:00,0.0,17.0,49.7,0.0,25.384
2026-11-28 23:00:00,0.0,16.0,45.37,0.0,14.496
2026-11-29 00:00:00,0.0,15.0,41.04,0.0,10.0
2026-11-29 01:00:00,0.0,15.0,36.71,0.0,10.0
2026-11-29 02:00:00,0.0,14.0,32.38,0.0,10.0
2026-11-29 03:00:00,0.0,14.0,28.05,0.0,10.0
2026-11-29 04:00:00,0.0,14.0,23.72,0.0,10.0
2026-11-29 05:00:00,0.0,14.0,19.38,0.0,14.052
2026-11-29 06:00:00,0.0,14.0,15.05,0.0,13.154
2026-11-29 07:00:00,74.0,15.0,10.72,3.46,22.353
2026-11-29 08:00:00,281.0,18.0,1.59,13.718,24.942
2026-11-29 09:00:00,480.0,22.0,0.0,20.825,25.889
2026-11-29 10:00:00,643.0,24.0,0.0,28.973,28.453
2026-11-29 11:00:00,740.0,26.0,0.0,31.678,28.906
2026-11-29 12:00:00,765.0,27.0,0.49,31.51,28.34
2026-11-29 13:00:00,717.0,27.0,2.32,30.557,31.812
2026-11-29 14:00:00,538.0,27.0,15.09,23.614,26.562
2026-11-29 15:00:00,411.0,26.0,14.05,16.847,29.607
2026-11-29 16:00:00,114.0,25.0,60.08,4.877,30.286
2026-11-29 17:00:00,8.0,23.0,90.35,0.309,31.651
2026-11-29 18:00:00,0.0,22.0,86.34,0.0,33.222
2026-11-29 19:00:00,0.0,21.0,82.32,0.0,39.555
2026-11-29 20:00:00,0.0,20.0,78.31,0.0,36.483
2026-11-29 21:00:00,0.0,20.0,74.3,0.0,30.056
2026-11-29 22:00:00,0.0,19.0,70.28,0.0,26.005
2026-11-29 23:00:00,0.0,19.0,66.27,0.0,15.662
2026-11-30 00:00:00,0.0,19.0,62.26,0.0,10.0
2026-11-30 01:00:00,0.0,19.0,58.25,0.0,11.267
2026-11-30 02:00:00,0.0,18.0,54.23,0.0,10.0
2026-11-30 03:00:00,0.0,18.0,50.22,0.0,10.0
2026-11-30 04:00:00,0.0,18.0,46.21,0.0,10.0
2026-11-30 05:00:00,0.0,18.0,42.19,0.0,12.393
2026-11-30 06:00:00,0.0,18.0,38.18,0.0,13.168
2026-11-30 07:00:00,54.0,20.0,34.17,2.508,24.463
2026-11-30 08:00:00,210.0,22.0,26.14,9.296,30.004
2026-11-30 09:00:00,329.0,25.0,30.98,14.183,30.786
2026-11-30 10:00:00,404.0,27.0,36.07,19.222,31.784
2026-11-30 11:00:00,285.0,27.0,61.08,12.571,42.747
2026-11-30 12:00:00,387.0,28.0,49.53,16.619,33.319
2026-11-30 13:00:00,226.0,28.0,69.13,8.572,31.679
2026-11-30 14:00:00,244.0,28.0,61.39,10.263,36.873
2026-11-30 15:00:00,189.0,27.0,60.35,8.288,33.512
2026-11-30 16:00:00,142.0,24.0,50.05,6.374,31.439
2026-11-30 17:00:00,28.0,24.0,65.87,1.02,34.399
2026-11-30 18:00:00,0.0,24.0,61.97,0.0,38.905
2026-11-30 19:00:00,0.0,23.0,58.08,0.0,43.581
2026-11-30 20:00:00,0.0,23.0,54.18,0.0,40.467
2026-11-30 21:00:00,0.0,23.0,50.29,0.0,37.982
2026-11-30 22:00:00,0.0,22.0,46.39,0.0,32.469
2026-11-30 23:00:00,0.0,22.0,42.5,0.0,16.779
2026-12-01 00:00:00,0.0,22.0,38.6,0.0,11.122
2026-12-01 01:00:00,0.0,22.0,34.71,0.0,10.881
2026-12-01 02:00:00,0.0,21.0,30.81,0.0,10.43
2026-12-01 03:00:00,0.0,21.0,26.92,0.0,10.0
2026-12-01 04:00:00,0.0,21.0,23.02,0.0,11.666
2026-12-01 05:00:00,0.0,21.0,19.13,0.0,10.696
2026-12-01 06:00:00,0.0,21.0,15.23,0.0,17.126
2026-12-01 07:00:00,72.0,21.0,11.34,3.084,24.943
2026-12-01 08:00:00,268.0,22.0,5.34,11.609,27.551
2026-12-01 09:00:00,463.0,24.0,2.57,19.16,33.866
2026-12-01 10:00:00,619.0,26.0,1.78,23.787,32.002
2026-12-01 11:00:00,716.0,26.0,1.97,29.85,32.512
2026-12-01 12:00:00,744.0,27.0,2.74,30.24,34.006
2026-12-01 13:00:00,700.0,27.0,4.16,27.969,33.668
2026-12-01 14:00:00,566.0,26.0,10.19,22.275,32.801
2026-12-01 15:00:00,423.0,26.0,10.99,18.136,35.146
2026-12-01 16:00:00,174.0,25.0,38.54,7.891,34.604
2026-12-01 17:00:00,24.0,24.0,70.45,0.979,36.892
2026-12-01 18:00:00,0.0,24.0,67.32,0.0,38.925
2026-12-01 19:00:00,0.0,23.0,64.19,0.0,40.304
2026-12-01 20:00:00,0.0,23.0,61.06,0.0,40.228
2026-12-01 21:00:00,0.0,23.0,57.93,0.0,39.16
2026-12-01 22:00:00,0.0,22.0,54.8,0.0,32.68
2026-12-01 23:00:00,0.0,22.0,51.67,0.0,16.789
2026-12-02 00:00:00,0.0,21.0,48.54,0.0,10.0
2026-12-02 01:00:00,0.0,21.0,45.41,0.0,12.052
2026-12-02 02:00:00,0.0,21.0,42.28,0.0,12.912
2026-12-02 03:00:00,0.0,21.0,39.16,0.0,10.241
2026-12-02 04:00:00,0.0,21.0,36.03,0.0,13.035
2026-12-02 05:00:00,0.0,21.0,32.9,0.0,12.413
2026-12-02 06:00:00,0.0,21.0,29.77,0.0,19.106
2026-12-02 07:00:00,59.0,21.0,26.64,2.518,23.662
2026-12-02 08:00:00,96.0,23.0,65.96,4.417,28.691
2026-12-02 09:00:00,312.0,25.0,34.15,14.601,32.429
2026-12-02 10:00:00,579.0,27.0,7.9,23.872,33.143
2026-12-02 11:00:00,617.0,27.0,15.32,23.535,34.82
2026-12-02 12:00:00,746.0,27.0,2.25,29.692,35.113
2026-12-02 13:00:00,224.0,26.0,69.26,10.214,33.447
2026-12-02 14:00:00,111.0,26.0,82.34,5.011,32.657
2026-12-02 15:00:00,83.0,25.0,82.48,3.572,33.531
2026-12-02 16:00:00,45.0,24.0,84.04,1.905,34.561
2026-12-02 17:00:00,8.0,23.0,90.05,0.302,35.014
2026-12-02 18:00:00,0.0,22.0,85.21,0.0,40.05
2026-12-02 19:00:00,0.0,21.0,80.36,0.0,41.975
2026-12-02 20:00:00,0.0,21.0,75.51,0.0,39.846
2026-12-02 21:00:00,0.0,20.0,70.66,0.0,37.569
2026-12-02 22:00:00,0.0,20.0,65.82,0.0,32.646
2026-12-02 23:00:00,0.0,20.0,60.97,0.0,17.664
2026-12-03 00:00:00,0.0,20.0,56.12,0.0,11.783
2026-12-03 01:00:00,0.0,20.0,51.27,0.0,10.0
2026-12-03 02:00:00,0.0,20.0,46.43,0.0,10.0
2026-12-03 03:00:00,0.0,20.0,41.58,0.0,10.0
2026-12-03 04:00:00,0.0,19.0,36.73,0.0,10.0
2026-12-03 05:00:00,0.0,19.0,31.88,0.0,11.314
2026-12-03 06:00:00,0.0,19.0,27.04,0.0,17.901
2026-12-03 07:00:00,62.0,20.0,22.19,2.979,23.14
2026-12-03 08:00:00,270.0,22.0,3.89,11.638,31.171
2026-12-03 09:00:00,467.0,25.0,1.17,20.138,31.02
2026-12-03 10:00:00,625.0,27.0,0.34,26.804,33.794
2026-12-03 11:00:00,723.0,27.0,0.55,28.518,32.863
2026-12-03 12:00:00,752.0,28.0,1.25,31.454,39.818
2026-12-03 13:00:00,690.0,28.0,5.09,29.048,32.134
2026-12-03 14:00:00,589.0,27.0,6.08,26.467,31.287
2026-12-03 15:00:00,429.0,26.0,9.21,18.395,32.358
2026-12-03 16:00:00,228.0,25.0,18.84,8.979,40.019
2026-12-03 17:00:00,29.0,24.0,63.6,1.243,32.969
2026-12-03 18:00:00,0.0,23.0,60.42,0.0,38.3
2026-12-03 19:00:00,0.0,22.0,57.23,0.0,42.074
2026-12-03 20:00:00,0.0,22.0,54.04,0.0,38.832
2026-12-03 21:00:00,0.0,21.0,50.85,0.0,38.613
2026-12-03 22:00:00,0.0,21.0,47.66,0.0,33.187
2026-12-03 23:00:00,0.0,20.0,44.47,0.0,17.808
2026-12-04 00:00:00,0.0,20.0,41.28,0.0,11.523
2026-12-04 01:00:00,0.0,20.0,38.09,0.0,10.427
2026-12-04 02:00:00,0.0,20.0,34.91,0.0,10.0
2026-12-04 03:00:00,0.0,19.0,31.72,0.0,10.085
2026-12-04 04:00:00,0.0,19.0,28.53,0.0,12.815
2026-12-04 05:00:00,0.0,19.0,25.34,0.0,11.582
2026-12-04 06:00:00,0.0,19.0,22.15,0.0,15.85
2026-12-04 07:00:00,64.0,20.0,18.96,2.856,23.789
2026-12-04 08:00:00,265.0,23.0,5.33,11.336,34.912
2026-12-04 09:00:00,461.0,25.0,2.17,20.076,31.566
2026-12-04 10:00:00,618.0,26.0,1.23,26.61,32.655
2026-12-04 11:00:00,716.0,27.0,1.3,30.512,33.669
2026-12-04 12:00:00,745.0,27.0,1.96,30.072,42.983
2026-12-04 13:00:00,620.0,27.0,14.54,26.607,34.32
2026-12-04 14:00:00,592.0,26.0,5.38,21.073,33.37
2026-12-04 15:00:00,426.0,26.0,9.6,19.005,33.333
2026-12-04 16:00:00,227.0,25.0,18.9,10.112,31.583
2026-12-04 17:00:00,29.0,23.0,63.28,1.12,42.636
2026-12-04 18:00:00,0.0,23.0,59.88,0.0,38.95
2026-12-04 19:00:00,0.0,22.0,56.49,0.0,41.642
2026-12-04 20:00:00,0.0,22.0,53.09,0.0,42.036
2026-12-04 21:00:00,0.0,21.0,49.69,0.0,39.631
2026-12-04 22:00:00,0.0,21.0,46.29,0.0,29.835
2026-12-04 23:00:00,0.0,20.0,42.9,0.0,17.029
2026-12-05 00:00:00,0.0,20.0,39.5,0.0,11.676
2026-12-05 01:00:00,0.0,20.0,36.1,0.0,10.716
2026-12-05 02:00:00,0.0,19.0,32.71,0.0,10.867
2026-12-05 03:00:00,0.0,19.0,29.31,0.0,10.0
2026-12-05 04:00:00,0.0,18.0,25.91,0.0,10.0
2026-12-05 05:00:00,0.0,18.0,22.51,0.0,12.896
2026-12-05 06:00:00,0.0,17.0,19.12,0.0,14.528
2026-12-05 07:00:00,66.0,18.0,15.72,3.129,23.772
2026-12-05 08:00:00,268.0,21.0,3.93,12.054,23.38
2026-12-05 09:00:00,467.0,24.0,0.65,20.476,28.999
2026-12-05 10:00:00,626.0,26.0,0.0,24.45,28.275
2026-12-05 11:00:00,725.0,27.0,0.0,27.687,31.497
2026-12-05 12:00:00,755.0,28.0,0.45,31.51,29.806
2026-12-05 13:00:00,713.0,28.0,1.52,26.587,30.218
2026-12-05 14:00:00,602.0,28.0,3.57,26.539,31.218
2026-12-05 15:00:00,435.0,27.0,7.46,19.022,29.841
2026-12-05 16:00:00,234.0,26.0,16.11,10.546,31.892
2026-12-05 17:00:00,30.0,24.0,61.69,1.177,29.308
2026-12-05 18:00:00,0.0,23.0,58.54,0.0,34.029
2026-12-05 19:00:00,0.0,22.0,55.39,0.0,32.127
2026-12-05 20:00:00,0.0,21.0,52.25,0.0,34.948
2026-12-05 21:00:00,0.0,20.0,49.1,0.0,35.139
2026-12-05 22:00:00,0.0,20.0,45.95,0.0,29.013
2026-12-05 23:00:00,0.0,19.0,42.8,0.0,16.571
2026-12-06 00:00:00,0.0,18.0,39.65,0.0,10.731
2026-12-06 01:00:00,0.0,18.0,36.5,0.0,12.757
2026-12-06 02:00:00,0.0,17.0,33.36,0.0,10.568
2026-12-06 03:00:00,0.0,17.0,30.21,0.0,10.0
2026-12-06 04:00:00,0.0,17.0,27.06,0.0,11.607
2026-12-06 05:00:00,0.0,16.0,23.91,0.0,12.276
2026-12-06 06:00:00,0.0,16.0,20.76,0.0,15.801
2026-12-06 07:00:00,64.0,18.0,17.61,2.971,20.096
2026-12-06 08:00:00,270.0,21.0,2.89,10.627,25.564
2026-12-06 09:00:00,472.0,24.0,0.0,18.299,28.761
2026-12-06 10:00:00,632.0,26.0,0.0,23.759,29.799
2026-12-06 11:00:00,732.0,28.0,0.0,28.195,28.971
2026-12-06 12:00:00,762.0,28.0,0.0,30.165,29.34
2026-12-06 13:00:00,719.0,28.0,0.5,29.981,29.111
2026-12-06 14:00:00,607.0,28.0,2.57,24.8,29.328
2026-12-06 15:00:00,439.0,27.0,6.38,18.797,27.744
2026-12-06 16:00:00,237.0,26.0,14.76,9.964,33.417
2026-12-06 17:00:00,31.0,24.0,60.09,1.386,28.453
2026-12-06 18:00:00,0.0,23.0,57.2,0.0,32.654
2026-12-06 19:00:00,0.0,22.0,54.31,0.0,33.112
2026-12-06 20:00:00,0.0,21.0,51.41,0.0,36.633
2026-12-06 21:00:00,0.0,20.0,48.52,0.0,33.243
2026-12-06 22:00:00,0.0,19.0,45.63,0.0,27.549
2026-12-06 23:00:00,0.0,18.0,42.73,0.0,14.913
2026-12-07 00:00:00,0.0,18.0,39.84,0.0,11.623
2026-12-07 01:00:00,0.0,17.0,36.94,0.0,10.0
2026-12-07 02:00:00,0.0,16.0,34.05,0.0,10.0
2026-12-07 03:00:00,0.0,16.0,31.16,0.0,10.0
2026-12-07 04:00:00,0.0,15.0,28.26,0.0,10.0
2026-12-07 05:00:00,0.0,15.0,25.37,0.0,11.585
2026-12-07 06:00:00,0.0,15.0,22.47,0.0,17.302
2026-12-07 07:00:00,62.0,16.0,19.58,2.709,25.052
2026-12-07 08:00:00,271.0,19.0,2.23,11.32,30.66
2026-12-07 09:00:00,474.0,22.0,0.0,20.235,31.368
2026-12-07 10:00:00,638.0,24.0,0.0,24.837,30.639
2026-12-07 11:00:00,741.0,26.0,0.0,29.021,37.593
2026-12-07 12:00:00,774.0,27.0,0.0,30.261,35.187
2026-12-07 13:00:00,733.0,27.0,0.0,29.452,35.433
2026-12-07 14:00:00,621.0,26.0,0.13,26.039,40.151
2026-12-07 15:00:00,451.0,26.0,3.61,18.32,34.535
2026-12-07 16:00:00,242.0,24.0,12.7,10.344,32.936
2026-12-07 17:00:00,31.0,22.0,59.79,1.419,33.161
2026-12-07 18:00:00,0.0,21.0,56.69,0.0,37.88
2026-12-07 19:00:00,0.0,20.0,53.59,0.0,42.365
2026-12-07 20:00:00,0.0,19.0,50.49,0.0,43.185
2026-12-07 21:00:00,0.0,18.0,47.39,0.0,38.0
2026-12-07 22:00:00,0.0,17.0,44.29,0.0,30.989
2026-12-07 23:00:00,0.0,16.0,41.19,0.0,14.423
2026-12-08 00:00:00,0.0,16.0,38.09,0.0,11.143
2026-12-08 01:00:00,0.0,15.0,34.99,0.0,12.221
2026-12-08 02:00:00,0.0,14.0,31.89,0.0,11.991
2026-12-08 03:00:00,0.0,14.0,28.79,0.0,12.13
2026-12-08 04:00:00,0.0,14.0,25.69,0.0,11.082
2026-12-08 05:00:00,0.0,13.0,22.59,0.0,11.326
2026-12-08 06:00:00,0.0,13.0,19.49,0.0,17.795
2026-12-08 07:00:00,64.0,15.0,16.39,3.278,21.446
2026-12-08 08:00:00,274.0,18.0,0.87,12.61,33.766
2026-12-08 09:00:00,477.0,22.0,0.0,18.7,32.895
2026-12-08 10:00:00,641.0,24.0,0.0,28.399,29.996
2026-12-08 11:00:00,756.0,25.0,0.0,28.392,32.702
2026-12-08 12:00:00,787.0,26.0,0.0,32.349,33.384
2026-12-08 13:00:00,744.0,26.0,0.0,29.041,37.4
2026-12-08 14:00:00,624.0,26.0,0.0,25.095,34.309
2026-12-08 15:00:00,445.0,26.0,4.69,20.061,42.902
2026-12-08 16:00:00,242.0,22.0,12.44,10.427,42.546
2026-12-08 17:00:00,32.0,20.0,58.2,1.343,35.946
2026-12-08 18:00:00,0.0,20.0,55.73,0.0,37.7
2026-12-08 19:00:00,0.0,19.0,53.27,0.0,41.279
2026-12-08 20:00:00,0.0,18.0,50.81,0.0,44.367
2026-12-08 21:00:00,0.0,18.0,48.35,0.0,41.22
2026-12-08 22:00:00,0.0,17.0,45.89,0.0,30.212
2026-12-08 23:00:00,0.0,16.0,43.42,0.0,16.482
2026-12-09 00:00:00,0.0,16.0,40.96,0.0,10.991
2026-12-09 01:00:00,0.0,15.0,38.5,0.0,11.083
2026-12-09 02:00:00,0.0,15.0,36.04,0.0,11.984
2026-12-09 03:00:00,0.0,14.0,33.57,0.0,12.775
2026-12-09 04:00:00,0.0,14.0,31.11,0.0,10.552
2026-12-09 05:00:00,0.0,13.0,28.65,0.0,12.771
2026-12-09 06:00:00,0.0,13.0,26.19,0.0,16.907
2026-12-09 07:00:00,58.0,15.0,23.72,2.608,22.97
2026-12-09 08:00:00,272.0,18.0,1.33,11.746,26.123
2026-12-09 09:00:00,475.0,22.0,0.0,19.295,31.926
2026-12-09 10:00:00,645.0,24.0,0.0,28.443,32.347
2026-12-09 11:00:00,750.0,25.0,0.0,29.349,33.295
2026-12-09 12:00:00,783.0,26.0,0.0,32.401,31.126
2026-12-09 13:00:00,741.0,26.0,0.0,30.549,35.043
2026-12-09 14:00:00,627.0,26.0,0.0,24.425,32.913
2026-12-09 15:00:00,455.0,25.0,2.35,21.648,31.652
2026-12-09 16:00:00,243.0,23.0,11.85,10.646,31.677
2026-12-09 17:00:00,29.0,21.0,61.86,1.245,40.99
2026-12-09 18:00:00,0.0,20.0,59.39,0.0,39.99
2026-12-09 19:00:00,0.0,19.0,56.91,0.0,40.852
2026-12-09 20:00:00,0.0,18.0,54.44,0.0,41.648
2026-12-09 21:00:00,0.0,17.0,51.97,0.0,39.435
2026-12-09 22:00:00,0.0,17.0,49.49,0.0,32.196
2026-12-09 23:00:00,0.0,16.0,47.02,0.0,15.518
2026-12-10 00:00:00,0.0,15.0,44.54,0.0,12.146
2026-12-10 01:00:00,0.0,15.0,42.07,0.0,11.673
2026-12-10 02:00:00,0.0,14.0,39.59,0.0,10.995
2026-12-10 03:00:00,0.0,14.0,37.12,0.0,10.0
2026-12-10 04:00:00,0.0,13.0,34.64,0.0,10.0
2026-12-10 05:00:00,0.0,13.0,32.17,0.0,11.307
2026-12-10 06:00:00,0.0,13.0,29.7,0.0,17.301
2026-12-10 07:00:00,55.0,16.0,27.22,2.44,24.457
2026-12-10 08:00:00,270.0,18.0,1.81,11.74,33.318
2026-12-10 09:00:00,472.0,22.0,0.0,19.877,29.869
2026-12-10 10:00:00,636.0,25.0,0.0,26.366,31.124
2026-12-10 11:00:00,751.0,26.0,0.0,32.73,33.476
2026-12-10 12:00:00,784.0,26.0,0.0,30.953,32.49
2026-12-10 13:00:00,742.0,27.0,0.0,29.187,40.637
2026-12-10 14:00:00,630.0,26.0,0.0,26.162,39.878
2026-12-10 15:00:00,455.0,25.0,2.18,18.519,36.695
2026-12-10 16:00:00,244.0,23.0,11.27,11.863,36.377
2026-12-10 17:00:00,29.0,20.0,61.63,1.287,45.369
2026-12-10 18:00:00,0.0,20.0,59.33,0.0,37.764
2026-12-10 19:00:00,0.0,19.0,57.03,0.0,43.556
2026-12-10 20:00:00,0.0,18.0,54.74,0.0,39.429
2026-12-10 21:00:00,0.0,18.0,52.44,0.0,37.892
2026-12-10 22:00:00,0.0,17.0,50.14,0.0,31.552
2026-12-10 23:00:00,0.0,16.0,47.84,0.0,16.391
2026-12-11 00:00:00,0.0,16.0,45.55,0.0,11.668
2026-12-11 01:00:00,0.0,15.0,43.25,0.0,10.649
2026-12-11 02:00:00,0.0,14.0,40.95,0.0,11.061
2026-12-11 03:00:00,0.0,14.0,38.66,0.0,10.0
2026-12-11 04:00:00,0.0,13.0,36.36,0.0,11.024
2026-12-11 05:00:00,0.0,13.0,34.06,0.0,11.311
2026-12-11 06:00:00,0.0,13.0,31.77,0.0,14.056
2026-12-11 07:00:00,53.0,15.0,29.47,2.515,23.676
2026-12-11 08:00:00,267.0,18.0,2.68,11.485,28.634
2026-12-11 09:00:00,470.0,21.0,0.0,19.54,29.501
2026-12-11 10:00:00,640.0,24.0,0.0,24.747,30.905
2026-12-11 11:00:00,744.0,26.0,0.0,29.261,38.279
2026-12-11 12:00:00,776.0,26.0,0.0,31.898,32.157
2026-12-11 13:00:00,735.0,26.0,0.0,31.528,34.763
2026-12-11 14:00:00,623.0,26.0,0.0,26.449,35.626
2026-12-11 15:00:00,454.0,25.0,2.23,19.19,36.312
2026-12-11 16:00:00,245.0,23.0,10.7,11.537,34.183
2026-12-11 17:00:00,30.0,21.0,60.08,1.287,35.337
2026-12-11 18:00:00,0.0,20.0,57.58,0.0,38.697
2026-12-11 19:00:00,0.0,19.0,55.08,0.0,42.799
2026-12-11 20:00:00,0.0,19.0,52.58,0.0,43.316
2026-12-11 21:00:00,0.0,18.0,50.08,0.0,36.579
2026-12-11 22:00:00,0.0,17.0,47.58,0.0,32.187
2026-12-11 23:00:00,0.0,16.0,45.08,0.0,19.239
2026-12-12 00:00:00,0.0,15.0,42.58,0.0,10.0
2026-12-12 01:00:00,0.0,15.0,40.08,0.0,10.249
2026-12-12 02:00:00,0.0,14.0,37.58,0.0,10.0
2026-12-12 03:00:00,0.0,14.0,35.09,0.0,11.637
2026-12-12 04:00:00,0.0,13.0,32.59,0.0,12.078
2026-12-12 05:00:00,0.0,13.0,30.09,0.0,11.211
2026-12-12 06:00:00,0.0,13.0,27.59,0.0,14.965
2026-12-12 07:00:00,56.0,14.0,25.09,2.827,18.253
2026-12-12 08:00:00,265.0,17.0,3.21,11.657,27.162
2026-12-12 09:00:00,467.0,21.0,0.0,20.617,26.316
2026-12-12 10:00:00,632.0,24.0,0.0,25.183,27.431
2026-12-12 11:00:00,738.0,25.0,0.0,30.168,30.15
2026-12-12 12:00:00,772.0,26.0,0.0,30.154,28.997
2026-12-12 13:00:00,734.0,26.0,0.0,32.637,29.961
2026-12-12 14:00:00,624.0,26.0,0.0,25.56,29.729
2026-12-12 15:00:00,457.0,25.0,1.43,18.837,29.485
2026-12-12 16:00:00,253.0,23.0,7.59,10.683,29.705
2026-12-12 17:00:00,31.0,20.0,58.53,1.189,28.108
2026-12-12 18:00:00,0.0,19.0,56.79,0.0,33.571
2026-12-12 19:00:00,0.0,18.0,55.05,0.0,37.348
2026-12-12 20:00:00,0.0,17.0,53.31,0.0,34.162
2026-12-12 21:00:00,0.0,16.0,51.56,0.0,32.369
2026-12-12 22:00:00,0.0,15.0,49.82,0.0,26.809
2026-12-12 23:00:00,0.0,14.0,48.08,0.0,15.545
2026-12-13 00:00:00,0.0,14.0,46.34,0.0,12.62
2026-12-13 01:00:00,0.0,13.0,44.6,0.0,11.176
2026-12-13 02:00:00,0.0,13.0,42.85,0.0,10.0
2026-12-13 03:00:00,0.0,12.0,41.11,0.0,11.072
2026-12-13 04:00:00,0.0,12.0,39.37,0.0,10.0
2026-12-13 05:00:00,0.0,12.0,37.63,0.0,11.697
2026-12-13 06:00:00,0.0,11.0,35.89,0.0,14.711
2026-12-13 07:00:00,49.0,13.0,34.15,2.281,19.455
2026-12-13 08:00:00,263.0,16.0,3.76,12.285,25.07
2026-12-13 09:00:00,465.0,20.0,0.0,19.005,26.192
2026-12-13 10:00:00,631.0,23.0,0.0,24.442,28.061
2026-12-13 11:00:00,737.0,24.0,0.0,29.616,26.8
2026-12-13 12:00:00,773.0,25.0,0.0,33.814,26.395
2026-12-13 13:00:00,734.0,25.0,0.0,28.361,28.831
2026-12-13 14:00:00,625.0,25.0,0.0,28.368,29.686
2026-12-13 15:00:00,457.0,24.0,1.3,18.942,29.262
2026-12-13 16:00:00,254.0,23.0,7.05,10.75,28.362
2026-12-13 17:00:00,33.0,20.0,55.65,1.502,28.644
2026-12-13 18:00:00,0.0,19.0,53.8,0.0,32.825
2026-12-13 19:00:00,0.0,18.0,51.96,0.0,37.077
2026-12-13 20:00:00,0.0,17.0,50.11,0.0,34.265
2026-12-13 21:00:00,0.0,16.0,48.27,0.0,34.608
2026-12-13 22:00:00,0.0,15.0,46.43,0.0,28.932
2026-12-13 23:00:00,0.0,15.0,44.58,0.0,17.063
2026-12-14 00:00:00,0.0,14.0,42.74,0.0,12.288
2026-12-14 01:00:00,0.0,13.0,40.89,0.0,11.26
2026-12-14 02:00:00,0.0,13.0,39.05,0.0,10.0
2026-12-14 03:00:00,0.0,12.0,37.2,0.0,11.054
2026-12-14 04:00:00,0.0,12.0,35.36,0.0,10.662
2026-12-14 05:00:00,0.0,12.0,33.51,0.0,10.677
2026-12-14 06:00:00,0.0,12.0,31.67,0.0,17.907
2026-12-14 07:00:00,52.0,14.0,29.82,2.371,22.788
2026-12-14 08:00:00,260.0,17.0,4.7,11.933,27.759
2026-12-14 09:00:00,463.0,21.0,0.0,20.54,36.769
2026-12-14 10:00:00,629.0,24.0,0.0,25.316,30.933
2026-12-14 11:00:00,736.0,25.0,0.0,32.406,31.939
2026-12-14 12:00:00,769.0,26.0,0.0,31.944,38.268
2026-12-14 13:00:00,743.0,27.0,0.0,28.863,31.902
2026-12-14 14:00:00,632.0,26.0,0.0,24.527,31.672
2026-12-14 15:00:00,458.0,25.0,0.96,18.432,34.119
2026-12-14 16:00:00,250.0,24.0,8.37,10.852,32.073
2026-12-14 17:00:00,34.0,21.0,54.11,1.599,31.399
2026-12-14 18:00:00,0.0,19.0,53.04,0.0,39.425
2026-12-14 19:00:00,0.0,19.0,51.96,0.0,40.612
2026-12-14 20:00:00,0.0,18.0,50.89,0.0,40.977
2026-12-14 21:00:00,0.0,17.0,49.81,0.0,40.295
2026-12-14 22:00:00,0.0,17.0,48.73,0.0,32.1
2026-12-14 23:00:00,0.0,16.0,47.66,0.0,18.613
2026-12-15 00:00:00,0.0,15.0,46.58,0.0,10.705
2026-12-15 01:00:00,0.0,15.0,45.51,0.0,11.91
2026-12-15 02:00:00,0.0,15.0,44.43,0.0,10.0
2026-12-15 03:00:00,0.0,14.0,43.35,0.0,10.351
2026-12-15 04:00:00,0.0,14.0,42.28,0.0,10.0
2026-12-15 05:00:00,0.0,13.0,41.2,0.0,10.06
2026-12-15 06:00:00,0.0,13.0,40.12,0.0,15.685
2026-12-15 07:00:00,45.0,16.0,39.05,1.982,21.14
2026-12-15 08:00:00,258.0,19.0,5.3,10.856,33.425
2026-12-15 09:00:00,461.0,22.0,0.21,18.656,30.076
2026-12-15 10:00:00,627.0,25.0,0.0,26.587,32.578
2026-12-15 11:00:00,734.0,26.0,0.0,28.557,31.662
2026-12-15 12:00:00,768.0,27.0,0.0,30.652,34.232
2026-12-15 13:00:00,733.0,27.0,0.0,32.069,35.427
2026-12-15 14:00:00,626.0,27.0,0.0,24.619,41.244
2026-12-15 15:00:00,459.0,26.0,0.64,19.254,36.665
2026-12-15 16:00:00,256.0,25.0,6.03,11.545,34.309
2026-12-15 17:00:00,35.0,21.0,52.59,1.472,42.878
2026-12-15 18:00:00,0.0,20.0,51.32,0.0,39.683
2026-12-15 19:00:00,0.0,19.0,50.05,0.0,41.166
2026-12-15 20:00:00,0.0,19.0,48.78,0.0,38.563
2026-12-15 21:00:00,0.0,18.0,47.5,0.0,39.647
2026-12-15 22:00:00,0.0,17.0,46.23,0.0,31.672
2026-12-15 23:00:00,0.0,16.0,44.96,0.0,14.446
2026-12-16 00:00:00,0.0,16.0,43.69,0.0,10.088
2026-12-16 01:00:00,0.0,15.0,42.42,0.0,10.204
2026-12-16 02:00:00,0.0,15.0,41.14,0.0,10.217
2026-12-16 03:00:00,0.0,14.0,39.87,0.0,10.233
2026-12-16 04:00:00,0.0,14.0,38.6,0.0,12.417
2026-12-16 05:00:00,0.0,13.0,37.33,0.0,10.0
2026-12-16 06:00:00,0.0,13.0,36.05,0.0,15.787
2026-12-16 07:00:00,48.0,16.0,34.78,2.187,21.769
2026-12-16 08:00:00,255.0,19.0,6.28,11.049,36.93
2026-12-16 09:00:00,459.0,22.0,0.55,21.499,29.714
2026-12-16 10:00:00,625.0,26.0,0.0,25.319,32.519
2026-12-16 11:00:00,732.0,27.0,0.0,31.8,35.72
2026-12-16 12:00:00,782.0,27.0,0.0,31.076,35.105
2026-12-16 13:00:00,743.0,27.0,0.0,33.643,35.112
2026-12-16 14:00:00,634.0,26.0,0.0,24.818,30.4
2026-12-16 15:00:00,460.0,25.0,0.33,19.684,33.926
2026-12-16 16:00:00,253.0,24.0,7.02,11.224,33.878
2026-12-16 17:00:00,36.0,21.0,51.09,1.535,33.928
2026-12-16 18:00:00,0.0,20.0,50.49,0.0,39.093
2026-12-16 19:00:00,0.0,19.0,49.9,0.0,43.3
2026-12-16 20:00:00,0.0,18.0,49.31,0.0,42.454
2026-12-16 21:00:00,0.0,17.0,48.72,0.0,39.756
2026-12-16 22:00:00,0.0,17.0,48.12,0.0,32.29
2026-12-16 23:00:00,0.0,16.0,47.53,0.0,19.679
2026-12-17 00:00:00,0.0,16.0,46.94,0.0,10.239
2026-12-17 01:00:00,0.0,15.0,46.34,0.0,10.0
2026-12-17 02:00:00,0.0,15.0,45.75,0.0,10.0
2026-12-17 03:00:00,0.0,14.0,45.16,0.0,10.281
2026-12-17 04:00:00,0.0,14.0,44.57,0.0,12.324
2026-12-17 05:00:00,0.0,13.0,43.97,0.0,10.485
2026-12-17 06:00:00,0.0,13.0,43.38,0.0,16.688
2026-12-17 07:00:00,42.0,15.0,42.79,1.826,20.932
2026-12-17 08:00:00,253.0,18.0,6.93,11.955,30.014
2026-12-17 09:00:00,457.0,21.0,0.91,19.186,30.596
2026-12-17 10:00:00,623.0,25.0,0.0,25.137,31.857
2026-12-17 11:00:00,731.0,26.0,0.0,29.343,36.484
2026-12-17 12:00:00,777.0,27.0,0.0,27.448,34.748
2026-12-17 13:00:00,740.0,27.0,0.0,27.706,31.594
2026-12-17 14:00:00,619.0,26.0,0.0,24.159,39.526
2026-12-17 15:00:00,461.0,26.0,0.04,17.843,37.831
2026-12-17 16:00:00,254.0,24.0,6.56,11.489,36.27
2026-12-17 17:00:00,38.0,21.0,48.24,1.695,35.292
2026-12-17 18:00:00,0.0,20.0,47.64,0.0,36.414
2026-12-17 19:00:00,0.0,19.0,47.05,0.0,43.365
2026-12-17 20:00:00,0.0,18.0,46.46,0.0,40.111
2026-12-17 21:00:00,0.0,17.0,45.87,0.0,40.353
2026-12-17 22:00:00,0.0,16.0,45.27,0.0,30.988
2026-12-17 23:00:00,0.0,15.0,44.68,0.0,17.184
2026-12-18 00:00:00,0.0,15.0,44.09,0.0,10.0
2026-12-18 01:00:00,0.0,14.0,43.5,0.0,10.0
2026-12-18 02:00:00,0.0,13.0,42.9,0.0,11.071
2026-12-18 03:00:00,0.0,13.0,42.31,0.0,10.0
2026-12-18 04:00:00,0.0,13.0,41.72,0.0,13.821
2026-12-18 05:00:00,0.0,12.0,41.13,0.0,10.0
2026-12-18 06:00:00,0.0,12.0,40.54,0.0,14.484
2026-12-18 07:00:00,44.0,15.0,39.94,1.847,23.875
2026-12-18 08:00:00,251.0,17.0,7.59,10.754,30.309
2026-12-18 09:00:00,455.0,21.0,1.29,20.139,30.047
2026-12-18 10:00:00,622.0,24.0,0.0,26.319,30.0
2026-12-18 11:00:00,731.0,25.0,0.0,32.504,31.459
2026-12-18 12:00:00,770.0,26.0,0.0,33.604,31.058
2026-12-18 13:00:00,745.0,26.0,0.0,28.922,32.731
2026-12-18 14:00:00,628.0,25.0,0.0,26.175,31.852
2026-12-18 15:00:00,463.0,24.0,0.0,18.61,39.102
2026-12-18 16:00:00,256.0,21.0,5.75,10.69,34.011
2026-12-18 17:00:00,39.0,19.0,46.77,1.789,35.154
2026-12-18 18:00:00,0.0,19.0,46.37,0.0,38.426
2026-12-18 19:00:00,0.0,18.0,45.97,0.0,40.467
2026-12-18 20:00:00,0.0,17.0,45.58,0.0,41.219
2026-12-18 21:00:00,0.0,17.0,45.18,0.0,38.423
2026-12-18 22:00:00,0.0,16.0,44.79,0.0,32.354
2026-12-18 23:00:00,0.0,15.0,44.39,0.0,15.504
2026-12-19 00:00:00,0.0,15.0,43.99,0.0,11.555
2026-12-19 01:00:00,0.0,14.0,43.6,0.0,10.0
2026-12-19 02:00:00,0.0,14.0,43.2,0.0,10.0
2026-12-19 03:00:00,0.0,14.0,42.81,0.0,11.745
2026-12-19 04:00:00,0.0,13.0,42.41,0.0,10.0
2026-12-19 05:00:00,0.0,13.0,42.01,0.0,12.454
2026-12-19 06:00:00,0.0,13.0,41.62,0.0,12.947
2026-12-19 07:00:00,43.0,16.0,41.22,1.904,18.441
2026-12-19 08:00:00,248.0,18.0,8.64,11.022,23.079
2026-12-19 09:00:00,454.0,21.0,1.46,19.196,26.974
2026-12-19 10:00:00,623.0,25.0,0.0,24.898,29.401
2026-12-19 11:00:00,731.0,26.0,0.0,29.181,31.35
2026-12-19 12:00:00,769.0,27.0,0.0,28.323,31.168
2026-12-19 13:00:00,732.0,27.0,0.0,30.835,30.514
2026-12-19 14:00:00,626.0,26.0,0.0,25.36,27.72
2026-12-19 15:00:00,461.0,25.0,0.0,17.524,28.023
2026-12-19 16:00:00,257.0,23.0,5.32,12.067,30.373
2026-12-19 17:00:00,41.0,20.0,43.95,1.841,31.67
2026-12-19 18:00:00,0.0,19.0,43.95,0.0,32.336
2026-12-19 19:00:00,0.0,18.0,43.95,0.0,37.642
2026-12-19 20:00:00,0.0,17.0,43.94,0.0,32.732
2026-12-19 21:00:00,0.0,16.0,43.94,0.0,33.916
2026-12-19 22:00:00,0.0,16.0,43.94,0.0,27.895
2026-12-19 23:00:00,0.0,15.0,43.93,0.0,15.044
2026-12-20 00:00:00,0.0,15.0,43.93,0.0,10.7
2026-12-20 01:00:00,0.0,14.0,43.92,0.0,10.0
2026-12-20 02:00:00,0.0,14.0,43.92,0.0,10.789
2026-12-20 03:00:00,0.0,14.0,43.92,0.0,10.249
2026-12-20 04:00:00,0.0,13.0,43.91,0.0,11.719
2026-12-20 05:00:00,0.0,13.0,43.91,0.0,13.211
2026-12-20 06:00:00,0.0,13.0,43.91,0.0,15.098
2026-12-20 07:00:00,41.0,16.0,43.9,1.923,19.514
2026-12-20 08:00:00,246.0,18.0,9.34,10.99,23.577
2026-12-20 09:00:00,452.0,23.0,1.87,18.975,29.188
2026-12-20 10:00:00,622.0,25.0,0.0,28.399,30.579
2026-12-20 11:00:00,731.0,26.0,0.0,28.531,30.782
2026-12-20 12:00:00,769.0,27.0,0.0,31.2,29.554
2026-12-20 13:00:00,732.0,27.0,0.0,29.075,30.447
2026-12-20 14:00:00,625.0,26.0,0.0,25.111,30.71
2026-12-20 15:00:00,460.0,25.0,0.13,19.133,28.335
2026-12-20 16:00:00,257.0,23.0,5.29,11.298,29.312
2026-12-20 17:00:00,42.0,21.0,42.53,1.711,28.131
2026-12-20 18:00:00,0.0,19.0,42.83,0.0,33.599
2026-12-20 19:00:00,0.0,18.0,43.12,0.0,37.992
2026-12-20 20:00:00,0.0,18.0,43.41,0.0,36.93
2026-12-20 21:00:00,0.0,17.0,43.7,0.0,33.559
2026-12-20 22:00:00,0.0,16.0,43.99,0.0,24.269
2026-12-20 23:00:00,0.0,16.0,44.28,0.0,14.412
2026-12-21 00:00:00,0.0,15.0,44.58,0.0,10.943
2026-12-21 01:00:00,0.0,14.0,44.87,0.0,10.198
2026-12-21 02:00:00,0.0,14.0,45.16,0.0,10.246
2026-12-21 03:00:00,0.0,13.0,45.45,0.0,10.54
2026-12-21 04:00:00,0.0,13.0,45.74,0.0,10.0
2026-12-21 05:00:00,0.0,13.0,46.04,0.0,11.189
2026-12-21 06:00:00,0.0,13.0,46.33,0.0,15.791
2026-12-21 07:00:00,39.0,15.0,46.62,1.634,22.016
2026-12-21 08:00:00,241.0,18.0,11.17,10.214,31.085
2026-12-21 09:00:00,444.0,22.0,3.6,19.816,29.833
2026-12-21 10:00:00,610.0,25.0,0.55,25.578,29.094
2026-12-21 11:00:00,718.0,26.0,0.0,26.915,35.997
2026-12-21 12:00:00,756.0,27.0,0.0,28.549,32.065
2026-12-21 13:00:00,721.0,27.0,0.0,28.151,34.31
2026-12-21 14:00:00,617.0,26.0,0.0,23.335,31.747
2026-12-21 15:00:00,455.0,25.0,1.21,20.172,34.047
2026-12-21 16:00:00,255.0,24.0,6.01,11.265,33.433
2026-12-21 17:00:00,44.0,21.0,39.78,1.843,35.4
2026-12-21 18:00:00,0.0,21.0,40.36,0.0,38.701
2026-12-21 19:00:00,0.0,20.0,40.95,0.0,40.583
2026-12-21 20:00:00,0.0,20.0,41.54,0.0,41.36
2026-12-21 21:00:00,0.0,19.0,42.12,0.0,37.965
2026-12-21 22:00:00,0.0,18.0,42.71,0.0,29.299
2026-12-21 23:00:00,0.0,17.0,43.3,0.0,15.658
2026-12-22 00:00:00,0.0,17.0,43.89,0.0,14.816
2026-12-22 01:00:00,0.0,16.0,44.47,0.0,10.0
2026-12-22 02:00:00,0.0,16.0,45.06,0.0,10.537
2026-12-22 03:00:00,0.0,15.0,45.65,0.0,10.0
2026-12-22 04:00:00,0.0,15.0,46.23,0.0,13.071
2026-12-22 05:00:00,0.0,14.0,46.82,0.0,10.0
2026-12-22 06:00:00,0.0,14.0,47.41,0.0,16.142
2026-12-22 07:00:00,38.0,16.0,48.0,1.885,23.961
2026-12-22 08:00:00,237.0,19.0,12.65,10.521,28.249
2026-12-22 09:00:00,441.0,22.0,4.25,18.117,29.425
2026-12-22 10:00:00,609.0,25.0,0.72,22.859,32.219
2026-12-22 11:00:00,719.0,26.0,0.0,28.478,37.067
2026-12-22 12:00:00,759.0,27.0,0.0,32.747,40.609
2026-12-22 13:00:00,726.0,27.0,0.0,31.412,34.353
2026-12-22 14:00:00,622.0,27.0,0.0,24.971,34.014
2026-12-22 15:00:00,459.0,26.0,0.34,17.978,34.772
2026-12-22 16:00:00,259.0,24.0,4.54,11.472,42.847
2026-12-22 17:00:00,46.0,22.0,37.05,2.216,35.344
2026-12-22 18:00:00,0.0,22.0,38.03,0.0,40.826
2026-12-22 19:00:00,0.0,21.0,39.01,0.0,41.099
2026-12-22 20:00:00,0.0,20.0,39.99,0.0,42.147
2026-12-22 21:00:00,0.0,20.0,40.97,0.0,36.685
2026-12-22 22:00:00,0.0,19.0,41.95,0.0,28.846
2026-12-22 23:00:00,0.0,18.0,42.93,0.0,19.057
2026-12-23 00:00:00,0.0,18.0,43.91,0.0,10.333
2026-12-23 01:00:00,0.0,17.0,44.89,0.0,10.853
2026-12-23 02:00:00,0.0,16.0,45.87,0.0,10.0
2026-12-23 03:00:00,0.0,15.0,46.85,0.0,10.0
2026-12-23 04:00:00,0.0,15.0,47.83,0.0,10.0
2026-12-23 05:00:00,0.0,15.0,48.81,0.0,12.1
2026-12-23 06:00:00,0.0,14.0,49.79,0.0,15.277
2026-12-23 07:00:00,36.0,16.0,50.77,1.646,22.53
2026-12-23 08:00:00,235.0,19.0,13.41,10.461,27.458
2026-12-23 09:00:00,441.0,23.0,4.27,20.358,32.132
2026-12-23 10:00:00,609.0,25.0,0.74,24.422,33.466
2026-12-23 11:00:00,719.0,26.0,0.0,26.785,38.859
2026-12-23 12:00:00,760.0,26.0,0.0,29.908,33.458
2026-12-23 13:00:00,728.0,26.0,0.0,29.122,31.957
2026-12-23 14:00:00,626.0,26.0,0.0,24.891,32.227
2026-12-23 15:00:00,464.0,25.0,0.0,20.115,33.18
2026-12-23 16:00:00,262.0,23.0,3.47,11.728,34.401
2026-12-23 17:00:00,47.0,21.0,35.73,2.016,32.751
2026-12-23 18:00:00,0.0,20.0,36.9,0.0,39.703
2026-12-23 19:00:00,0.0,19.0,38.08,0.0,44.997
2026-12-23 20:00:00,0.0,18.0,39.26,0.0,41.256
2026-12-23 21:00:00,0.0,18.0,40.43,0.0,38.55
2026-12-23 22:00:00,0.0,17.0,41.61,0.0,31.882
2026-12-23 23:00:00,0.0,16.0,42.79,0.0,17.169
2026-12-24 00:00:00,0.0,16.0,43.96,0.0,10.0
2026-12-24 01:00:00,0.0,16.0,45.14,0.0,12.882
2026-12-24 02:00:00,0.0,15.0,46.32,0.0,11.574
2026-12-24 03:00:00,0.0,15.0,47.49,0.0,10.0
2026-12-24 04:00:00,0.0,14.0,48.67,0.0,10.544
2026-12-24 05:00:00,0.0,14.0,49.84,0.0,10.42
2026-12-24 06:00:00,0.0,14.0,51.02,0.0,16.419
2026-12-24 07:00:00,35.0,16.0,52.2,1.562,23.086
2026-12-24 08:00:00,235.0,19.0,13.46,10.388,35.153
2026-12-24 09:00:00,439.0,22.0,4.74,19.209,29.06
2026-12-24 10:00:00,607.0,24.0,1.1,26.499,30.826
2026-12-24 11:00:00,717.0,25.0,0.0,31.283,39.041
2026-12-24 12:00:00,758.0,26.0,0.0,27.414,31.753
2026-12-24 13:00:00,726.0,26.0,0.0,26.717,28.599
2026-12-24 14:00:00,624.0,26.0,0.0,23.832,32.489
2026-12-24 15:00:00,463.0,25.0,0.0,19.167,46.341
2026-12-24 16:00:00,262.0,24.0,3.51,11.337,34.688
2026-12-24 17:00:00,49.0,21.0,33.08,2.26,33.182
2026-12-24 18:00:00,0.0,20.0,34.64,0.0,38.929
2026-12-24 19:00:00,0.0,20.0,36.21,0.0,42.452
2026-12-24 20:00:00,0.0,20.0,37.78,0.0,38.541
2026-12-24 21:00:00,0.0,19.0,39.34,0.0,37.302
2026-12-24 22:00:00,0.0,18.0,40.91,0.0,32.558
2026-12-24 23:00:00,0.0,17.0,42.48,0.0,18.732
2026-12-25 00:00:00,0.0,17.0,44.04,0.0,10.185
2026-12-25 01:00:00,0.0,16.0,45.61,0.0,12.694
2026-12-25 02:00:00,0.0,16.0,47.18,0.0,10.0
2026-12-25 03:00:00,0.0,15.0,48.74,0.0,10.0
2026-12-25 04:00:00,0.0,15.0,50.31,0.0,11.541
2026-12-25 05:00:00,0.0,15.0,51.88,0.0,11.957
2026-12-25 06:00:00,0.0,15.0,53.44,0.0,17.031
2026-12-25 07:00:00,33.0,17.0,55.01,1.4,23.976
2026-12-25 08:00:00,229.0,20.0,15.73,9.74,28.768
2026-12-25 09:00:00,430.0,23.0,6.74,19.341,34.694
2026-12-25 10:00:00,596.0,25.0,2.93,23.731,31.941
2026-12-25 11:00:00,705.0,27.0,1.1,28.848,33.605
2026-12-25 12:00:00,746.0,27.0,0.13,31.161,32.689
2026-12-25 13:00:00,714.0,27.0,0.0,28.061,30.515
2026-12-25 14:00:00,613.0,27.0,0.17,24.224,31.75
2026-12-25 15:00:00,455.0,26.0,1.32,17.392,33.771
2026-12-25 16:00:00,258.0,24.0,5.06,11.296,30.363
2026-12-25 17:00:00,46.0,22.0,37.29,1.857,35.189
2026-12-25 18:00:00,0.0,22.0,38.66,0.0,38.532
2026-12-25 19:00:00,0.0,21.0,40.03,0.0,41.32
2026-12-25 20:00:00,0.0,21.0,41.4,0.0,40.561
2026-12-25 21:00:00,0.0,21.0,42.77,0.0,35.168
2026-12-25 22:00:00,0.0,21.0,44.14,0.0,34.173
2026-12-25 23:00:00,0.0,21.0,45.51,0.0,14.489
2026-12-26 00:00:00,0.0,20.0,46.88,0.0,10.0
2026-12-26 01:00:00,0.0,20.0,48.25,0.0,10.0
2026-12-26 02:00:00,0.0,19.0,49.62,0.0,11.983
2026-12-26 03:00:00,0.0,19.0,50.99,0.0,10.754
2026-12-26 04:00:00,0.0,18.0,52.37,0.0,10.0
2026-12-26 05:00:00,0.0,18.0,53.74,0.0,10.223
2026-12-26 06:00:00,0.0,18.0,55.11,0.0,15.171
2026-12-26 07:00:00,32.0,19.0,56.48,1.436,18.915
2026-12-26 08:00:00,226.0,21.0,16.91,9.985,25.703
2026-12-26 09:00:00,427.0,24.0,7.46,17.906,26.042
2026-12-26 10:00:00,593.0,26.0,3.48,24.127,29.857
2026-12-26 11:00:00,703.0,27.0,1.44,23.931,30.97
2026-12-26 12:00:00,745.0,28.0,0.32,28.042,29.389
2026-12-26 13:00:00,714.0,28.0,0.0,29.734,27.182
2026-12-26 14:00:00,614.0,27.0,0.06,24.643,29.288
2026-12-26 15:00:00,456.0,26.0,1.17,18.974,27.921
2026-12-26 16:00:00,260.0,25.0,4.41,10.689,30.13
2026-12-26 17:00:00,53.0,23.0,27.92,2.458,29.321
2026-12-26 18:00:00,0.0,23.0,30.06,0.0,32.957
2026-12-26 19:00:00,0.0,23.0,32.21,0.0,34.016
2026-12-26 20:00:00,0.0,22.0,34.35,0.0,37.082
2026-12-26 21:00:00,0.0,21.0,36.5,0.0,32.735
2026-12-26 22:00:00,0.0,20.0,38.65,0.0,31.335
2026-12-26 23:00:00,0.0,19.0,40.79,0.0,15.379
2026-12-27 00:00:00,0.0,19.0,42.94,0.0,11.148
2026-12-27 01:00:00,0.0,18.0,45.08,0.0,10.465
2026-12-27 02:00:00,0.0,18.0,47.23,0.0,10.642
2026-12-27 03:00:00,0.0,17.0,49.38,0.0,11.694
2026-12-27 04:00:00,0.0,17.0,51.52,0.0,11.956
2026-12-27 05:00:00,0.0,16.0,53.67,0.0,10.0
2026-12-27 06:00:00,0.0,16.0,55.81,0.0,16.118
2026-12-27 07:00:00,31.0,17.0,57.96,1.324,21.356
2026-12-27 08:00:00,223.0,20.0,18.11,9.881,25.22
2026-12-27 09:00:00,423.0,23.0,8.4,16.228,29.208
2026-12-27 10:00:00,588.0,26.0,4.36,23.766,31.584
2026-12-27 11:00:00,698.0,27.0,2.2,31.092,31.556
2026-12-27 12:00:00,740.0,27.0,1.06,27.628,28.709
2026-12-27 13:00:00,710.0,27.0,0.52,25.154,27.637
2026-12-27 14:00:00,612.0,27.0,0.46,24.001,30.69
2026-12-27 15:00:00,455.0,26.0,1.47,20.162,31.853
2026-12-27 16:00:00,260.0,24.0,4.52,10.96,26.43
2026-12-27 17:00:00,55.0,23.0,25.41,2.107,31.201
2026-12-27 18:00:00,0.0,21.0,27.84,0.0,33.423
2026-12-27 19:00:00,0.0,21.0,30.28,0.0,33.297
2026-12-27 20:00:00,0.0,20.0,32.71,0.0,36.077
2026-12-27 21:00:00,0.0,19.0,35.14,0.0,34.643
2026-12-27 22:00:00,0.0,18.0,37.57,0.0,27.548
2026-12-27 23:00:00,0.0,17.0,40.0,0.0,13.85
2026-12-28 00:00:00,0.0,17.0,42.43,0.0,13.197
2026-12-28 01:00:00,0.0,18.0,44.87,0.0,10.0
2026-12-28 02:00:00,0.0,17.0,47.3,0.0,11.823
2026-12-28 03:00:00,0.0,17.0,49.73,0.0,10.0
2026-12-28 04:00:00,0.0,17.0,52.16,0.0,11.082
2026-12-28 05:00:00,0.0,17.0,54.59,0.0,11.743
2026-12-28 06:00:00,0.0,17.0,57.02,0.0,17.223
2026-12-28 07:00:00,30.0,18.0,59.46,1.356,25.09
2026-12-28 08:00:00,215.0,20.0,21.15,9.808,27.361
2026-12-28 09:00:00,418.0,23.0,9.57,19.755,39.8
2026-12-28 10:00:00,592.0,26.0,3.8,23.345,41.087
2026-12-28 11:00:00,707.0,27.0,1.02,28.294,32.321
2026-12-28 12:00:00,745.0,27.0,0.47,26.438,32.44
2026-12-28 13:00:00,616.0,27.0,13.76,24.462,33.623
2026-12-28 14:00:00,500.0,26.0,18.75,21.851,35.048
2026-12-28 15:00:00,361.0,25.0,21.9,15.416,35.853
2026-12-28 16:00:00,258.0,23.0,5.38,11.248,42.208
2026-12-28 17:00:00,18.0,22.0,75.67,0.738,34.428
2026-12-28 18:00:00,0.0,21.0,74.62,0.0,40.32
2026-12-28 19:00:00,0.0,20.0,73.57,0.0,42.572
2026-12-28 20:00:00,0.0,19.0,72.52,0.0,40.763
2026-12-28 21:00:00,0.0,18.0,71.47,0.0,38.607
2026-12-28 22:00:00,0.0,17.0,70.42,0.0,31.846
2026-12-28 23:00:00,0.0,17.0,69.37,0.0,16.208
2026-12-29 00:00:00,0.0,16.0,68.32,0.0,10.322
2026-12-29 01:00:00,0.0,16.0,67.27,0.0,10.332
2026-12-29 02:00:00,0.0,16.0,66.22,0.0,10.0
2026-12-29 03:00:00,0.0,16.0,65.16,0.0,10.0
2026-12-29 04:00:00,0.0,16.0,64.11,0.0,11.708
2026-12-29 05:00:00,0.0,15.0,63.06,0.0,11.923
2026-12-29 06:00:00,0.0,15.0,62.01,0.0,18.627
2026-12-29 07:00:00,29.0,18.0,60.96,1.345,23.517
2026-12-29 08:00:00,219.0,20.0,19.81,9.945,32.977
2026-12-29 09:00:00,422.0,24.0,8.81,17.403,29.623
2026-12-29 10:00:00,597.0,26.0,3.08,25.014,37.066
2026-12-29 11:00:00,709.0,27.0,0.83,28.48,42.204
2026-12-29 12:00:00,753.0,27.0,0.0,27.201,32.907
2026-12-29 13:00:00,724.0,27.0,0.0,27.96,30.992
2026-12-29 14:00:00,622.0,26.0,0.0,25.289,37.282
2026-12-29 15:00:00,438.0,25.0,5.36,19.307,33.275
2026-12-29 16:00:00,253.0,24.0,7.36,10.891,34.536
2026-12-29 17:00:00,49.0,22.0,34.04,2.136,31.92
2026-12-29 18:00:00,0.0,20.0,36.17,0.0,39.371
2026-12-29 19:00:00,0.0,20.0,38.29,0.0,41.81
2026-12-29 20:00:00,0.0,19.0,40.42,0.0,40.368
2026-12-29 21:00:00,0.0,19.0,42.55,0.0,37.678
2026-12-29 22:00:00,0.0,18.0,44.67,0.0,30.969
2026-12-29 23:00:00,0.0,18.0,46.8,0.0,16.697
2026-12-30 00:00:00,0.0,18.0,48.93,0.0,12.378
2026-12-30 01:00:00,0.0,18.0,51.05,0.0,12.177
2026-12-30 02:00:00,0.0,18.0,53.18,0.0,10.0
2026-12-30 03:00:00,0.0,18.0,55.31,0.0,10.0
2026-12-30 04:00:00,0.0,18.0,57.44,0.0,10.0
2026-12-30 05:00:00,0.0,17.0,59.56,0.0,11.353
2026-12-30 06:00:00,0.0,17.0,61.69,0.0,16.837
2026-12-30 07:00:00,27.0,19.0,63.82,1.218,25.199
2026-12-30 08:00:00,218.0,21.0,20.32,8.512,25.999
2026-12-30 09:00:00,415.0,24.0,10.44,18.25,28.977
2026-12-30 10:00:00,585.0,25.0,5.13,25.089,32.452
2026-12-30 11:00:00,701.0,26.0,2.06,27.711,31.234
2026-12-30 12:00:00,745.0,26.0,0.66,31.387,32.741
2026-12-30 13:00:00,543.0,26.0,24.13,23.216,33.172
2026-12-30 14:00:00,455.0,25.0,26.22,20.075,30.156
2026-12-30 15:00:00,328.0,24.0,29.22,13.578,32.686
2026-12-30 16:00:00,226.0,23.0,17.39,9.59,35.803
2026-12-30 17:00:00,52.0,21.0,30.31,2.344,35.926
2026-12-30 18:00:00,0.0,20.0,32.81,0.0,39.289
2026-12-30 19:00:00,0.0,19.0,35.32,0.0,40.604
2026-12-30 20:00:00,0.0,18.0,37.82,0.0,39.267
2026-12-30 21:00:00,0.0,18.0,40.32,0.0,39.045
2026-12-30 22:00:00,0.0,17.0,42.82,0.0,33.901
2026-12-30 23:00:00,0.0,16.0,45.32,0.0,15.42
2026-12-31 00:00:00,0.0,16.0,47.82,0.0,10.184
2026-12-31 01:00:00,0.0,16.0,50.32,0.0,10.0
2026-12-31 02:00:00,0.0,15.0,52.82,0.0,12.378
2026-12-31 03:00:00,0.0,15.0,55.33,0.0,10.0
2026-12-31 04:00:00,0.0,15.0,57.83,0.0,12.3
2026-12-31 05:00:00,0.0,15.0,60.33,0.0,10.672
2026-12-31 06:00:00,0.0,15.0,62.83,0.0,15.9
2026-12-31 07:00:00,26.0,18.0,65.33,1.096,22.523
2026-12-31 08:00:00,217.0,20.0,20.84,8.631,28.835
2026-12-31 09:00:00,422.0,23.0,9.07,16.601,29.478
2026-12-31 10:00:00,591.0,25.0,4.28,24.907,33.732
2026-12-31 11:00:00,704.0,26.0,1.75,28.643,35.039
2026-12-31 12:00:00,748.0,27.0,0.37,28.27,31.873
2026-12-31 13:00:00,720.0,27.0,0.0,27.445,33.984
2026-12-31 14:00:00,623.0,26.0,0.0,24.768,32.201
2026-12-31 15:00:00,402.0,25.0,13.38,17.957,33.322
2026-12-31 16:00:00,270.0,24.0,1.51,12.303,35.635
2026-12-31 17:00:00,59.0,22.0,21.33,2.445,33.056
2026-12-31 18:00:00,0.0,22.0,21.33,0.0,40.297
2026-12-31 19:00:00,0.0,21.0,21.33,0.0,42.14
2026-12-31 20:00:00,0.0,21.0,21.33,0.0,40.728
2026-12-31 21:00:00,0.0,20.0,21.33,0.0,39.014
2026-12-31 22:00:00,0.0,20.0,21.33,0.0,32.348
2026-12-31 23:00:00,0.0,19.0,21.33,0.0,14.878
